,date,cloudera_close,cloudera_vol,cloudera_intra_perc_change,cloudera_intra_returns,cloudera_pct_change,cloudera_pct_returns,cloudera_previous_close,cloudera_opening_change,cloudera_opening_returns,cloudera_target,cloudera_intra_target,cloudera_open_target
0,2017-04-28,18.1,14871500,-1.68539325842697,-1,,-1,,,-1,-1,-1,-1
1,2017-05-01,18.19,1728700,4.1117554032683055,1,0.004972375690607711,1,18.1,4.80662983425413,1,1,1,1
2,2017-05-02,18.39,720200,-0.10887316276537601,-1,0.010995052226498103,1,18.19,0.9895547003848253,1,1,-1,1
3,2017-05-03,20.12,1520100,-9.88530857454944,-1,0.09407286568787376,1,18.39,-0.4350190320826636,-1,1,-1,-1
4,2017-05-04,19.58,3256400,7.203791469194328,1,-0.026838966202783476,-1,20.12,4.870775347912526,1,-1,1,1
5,2017-05-05,19.97,1055100,0.3990024937655952,1,0.019918283963227923,1,19.58,2.4004085801838735,1,1,1,1
6,2017-05-08,19.59,781600,3.3070088845014887,1,-0.019028542814221283,-1,19.97,1.4521782674011152,1,-1,1,1
7,2017-05-09,20.05,624300,-2.0356234096692223,-1,0.023481368044920847,1,19.59,0.30627871362939624,1,1,-1,1
8,2017-05-10,19.99,730900,0.8924144769459754,1,-0.0029925187032420197,-1,20.05,0.598503740648384,1,-1,1,1
9,2017-05-11,19.94,494600,0.3498250874562733,1,-0.002501250625312479,-1,19.99,0.1000500250125219,1,-1,1,1
10,2017-05-12,20.8,672500,-4.627766599597594,-1,0.04312938816449341,1,19.94,-0.3009027081243845,-1,1,-1,-1
11,2017-05-15,21.35,1189500,-1.6666666666666736,-1,0.02644230769230771,1,20.8,0.9615384615384581,1,1,-1,1
12,2017-05-16,20.97,1445800,3.1408775981524237,1,-0.01779859484777524,-1,21.35,1.4051522248243427,1,-1,1,1
13,2017-05-17,20.1,985700,3.318903318903308,1,-0.04148783977110149,-1,20.97,-0.8583690987124449,-1,-1,1,-1
14,2017-05-18,20.11,687000,-0.04975124378108463,-1,0.0004975124378108209,1,20.1,0.0,-1,1,-1,-1
15,2017-05-19,20.01,689800,0.5467196819085459,1,-0.00497265042267514,-1,20.11,0.04972650422676063,1,-1,1,1
16,2017-05-22,20.91,726000,-4.445554445554448,-1,0.044977511244377766,1,20.01,0.04997501249374318,1,1,-1,1
17,2017-05-23,21.59,912800,-2.614068441064642,-1,0.03252032520325199,1,20.91,0.6217120994739311,1,1,-1,1
18,2017-05-24,22.55,1185400,-4.640371229698376,-1,0.0444650301065308,1,21.59,-0.18527095877720773,-1,1,-1,-1
19,2017-05-25,22.36,590900,1.193106495802031,1,-0.00842572062084268,-1,22.55,0.35476718403546914,1,-1,1,1
20,2017-05-26,22.29,267900,0.4466279589102341,1,-0.0031305903398927137,-1,22.36,0.13416815742397648,1,-1,1,1
21,2017-05-30,21.51,446800,3.93032603841,1,-0.03499327052489898,-1,22.29,0.4486316733961482,1,-1,1,1
22,2017-05-31,20.75,679300,3.712296983758704,1,-0.03533240353324041,-1,21.51,0.1859600185959979,1,-1,1,1
23,2017-06-01,21.86,501400,-4.894433781190017,-1,0.05349397590361438,1,20.75,0.4337349397590355,1,1,-1,1
24,2017-06-02,22.87,769800,-4.191343963553538,-1,0.04620311070448313,1,21.86,0.4117108874656901,1,1,-1,1
25,2017-06-05,22.56,467500,0.4852227613586369,1,-0.013554875382597364,-1,22.87,-0.8745080891998219,-1,-1,1,-1
26,2017-06-06,22.57,923900,-0.3111111111111124,-1,0.00044326241134751143,1,22.56,-0.26595744680850497,-1,1,-1,-1
27,2017-06-07,22.61,833900,0.7462686567164254,1,0.0017722640673460965,1,22.57,0.9304386353566719,1,1,1,1
28,2017-06-08,22.99,1975500,-0.8333333333333233,-1,0.01680672268907557,1,22.61,0.8403361344537872,1,1,-1,1
29,2017-06-09,19.41,7658900,2.9499999999999993,1,-0.15571987820791644,-1,22.99,-13.005654632448884,-1,-1,1,-1
30,2017-06-12,18.48,1915000,5.376344086021509,1,-0.04791344667697062,-1,19.41,0.6182380216383359,1,-1,1,1
31,2017-06-13,17.81,1876300,4.708400214018205,1,-0.03625541125541132,-1,18.48,1.136363636363641,1,-1,1,1
32,2017-06-14,16.88,2122200,5.8561070831009525,1,-0.05221785513756316,-1,17.81,0.6737787759685626,1,-1,1,1
33,2017-06-15,16.11,1458800,1.5281173594132031,1,-0.045616113744075815,-1,16.88,-3.0805687203791448,-1,-1,1,-1
34,2017-06-16,17.4,2319700,-8.276291225886736,-1,0.08007448789571692,1,16.11,-0.24829298572314804,-1,1,-1,-1
35,2017-06-19,17.47,1607400,1.29943502824859,1,0.004022988505747227,1,17.4,1.7241379310344869,1,1,1,1
36,2017-06-20,17.31,1026900,1.085714285714293,1,-0.009158557527189526,-1,17.47,0.17172295363480902,1,-1,1,1
37,2017-06-21,17.02,962000,1.958525345622119,1,-0.01675332177931832,-1,17.31,0.2888503755054923,1,-1,1,1
38,2017-06-22,16.72,1150000,1.704879482657276,1,-0.01762632197414815,-1,17.02,-0.058754406580481845,-1,-1,1,-1
39,2017-06-23,16.35,2390600,1.446654611211564,1,-0.022129186602870665,-1,16.72,-0.7775119617224822,-1,-1,1,-1
40,2017-06-26,16.23,733500,0.3071253071253115,1,-0.007339449541284515,-1,16.35,-0.4281345565749253,-1,-1,1,-1
41,2017-06-27,16.0,721800,1.960784313725492,1,-0.014171287738755423,-1,16.23,0.5545286506469492,1,-1,1,1
42,2017-06-28,15.84,627700,1.3084112149532763,1,-0.010000000000000009,-1,16.0,0.31250000000000444,1,-1,1,1
43,2017-06-29,15.68,744000,1.5693659761456373,1,-0.010101010101010055,-1,15.84,0.5681818181818173,1,-1,1,1
44,2017-06-30,16.02,703700,-2.758178319435534,-1,0.02168367346938771,1,15.68,-0.5739795918367337,-1,1,-1,-1
45,2017-07-03,15.84,230000,1.1235955056179758,1,-0.011235955056179803,-1,16.02,0.0,-1,-1,1,-1
46,2017-07-05,15.88,668500,0.12578616352200991,1,0.002525252525252597,1,15.84,0.3787878787878819,1,1,1,1
47,2017-07-06,16.47,661800,-3.9116719242902156,-1,0.03715365239294699,1,15.88,-0.18891687657431447,-1,1,-1,-1
48,2017-07-07,16.66,405400,-0.42194092827004387,-1,0.011536126290224713,1,16.47,0.7285974499089314,1,1,-1,1
49,2017-07-10,16.39,402300,1.443174984966918,1,-0.01620648259303714,-1,16.66,-0.18007202881153145,-1,-1,1,-1
50,2017-07-11,16.34,756200,-0.553846153846153,-1,-0.003050640634533308,-1,16.39,-0.854179377669314,-1,-1,-1,-1
51,2017-07-12,16.49,423900,0.06060606060607008,1,0.009179926560587415,1,16.34,0.9791921664626693,1,1,1,1
52,2017-07-13,16.53,342400,0.3616636528028856,1,0.0024257125530626755,1,16.49,0.6064281382656243,1,1,1,1
53,2017-07-14,17.01,576400,-3.8461538461538622,-1,0.029038112522685955,1,16.53,-0.9074410163339511,-1,1,-1,-1
54,2017-07-17,18.02,552600,-5.565319273579375,-1,0.05937683715461484,1,17.01,0.35273368606701183,1,1,-1,1
55,2017-07-18,18.25,649700,-1.7847183491355285,-1,0.012763596004439437,1,18.02,-0.4994450610432845,-1,1,-1,-1
56,2017-07-19,18.78,982500,-2.343324250681197,-1,0.02904109589041104,1,18.25,0.5479452054794599,1,1,-1,1
57,2017-07-20,18.8,564200,-0.3201707577374721,-1,0.0010649627263046302,1,18.78,-0.21299254526093025,-1,1,-1,-1
58,2017-07-21,18.25,724400,2.9255319148936207,1,-0.0292553191489362,-1,18.8,0.0,-1,-1,1,-1
59,2017-07-24,18.75,550800,-2.7960526315789562,-1,0.027397260273972712,1,18.25,-0.054794520547953765,-1,1,-1,-1
60,2017-07-25,18.95,380000,-0.5305039787798295,-1,0.010666666666666602,1,18.75,0.533333333333341,1,1,-1,1
61,2017-07-26,18.6,1006800,2.053712480252749,1,-0.01846965699208436,-1,18.95,0.2110817941952462,1,-1,1,1
62,2017-07-27,17.8,1408500,3.835764451647762,1,-0.043010752688172116,-1,18.6,-0.4838709677419347,-1,-1,1,-1
63,2017-07-28,18.13,990000,-2.2560631697687454,-1,0.018539325842696464,1,17.8,-0.3932584269662937,-1,1,-1,-1
64,2017-07-31,17.25,667500,5.2197802197802154,1,-0.048538334252619886,-1,18.13,0.38610038610038766,1,-1,1,1
65,2017-08-01,17.06,605600,2.514285714285722,1,-0.011014492753623317,-1,17.25,1.4492753623188406,1,-1,1,1
66,2017-08-02,17.21,461500,-0.9384164222873909,-1,0.008792497069167737,1,17.06,-0.058616647127772634,-1,1,-1,-1
67,2017-08-03,17.26,297600,-0.3488372093023388,-1,0.0029052876234747504,1,17.21,-0.058105752469503565,-1,1,-1,-1
68,2017-08-04,17.27,274400,0.40369088811995546,1,0.0005793742757820297,1,17.26,0.4634994206257143,1,1,1,1
69,2017-08-07,17.31,223400,-0.05780346820808099,-1,0.0023161551823971394,1,17.27,0.17371163867979814,1,1,-1,1
70,2017-08-08,17.3,205400,0.5747126436781487,1,-0.0005777007510108234,-1,17.31,0.519930675909878,1,-1,1,1
71,2017-08-09,17.29,275500,-1.1111111111110978,-1,-0.0005780346820810633,-1,17.3,-1.1560693641618456,-1,-1,-1,-1
72,2017-08-10,16.89,422100,1.4585764294049008,1,-0.023134759976865205,-1,17.29,-0.8675534991324384,-1,-1,1,-1
73,2017-08-11,17.13,225300,-2.6978417266187007,-1,0.014209591474245054,1,16.89,-1.2433392539964525,-1,1,-1,-1
74,2017-08-14,17.85,515900,-3.598374927452124,-1,0.042031523642732216,1,17.13,0.5837711617046202,1,1,-1,1
75,2017-08-15,17.64,345700,1.672240802675589,1,-0.01176470588235301,-1,17.85,0.5042016806722681,1,-1,1,1
76,2017-08-16,17.9,245600,-1.1299435028248548,-1,0.01473922902494329,1,17.64,0.3401360544217614,1,1,-1,1
77,2017-08-17,17.55,166700,1.2380416432189019,1,-0.019553072625698165,-1,17.9,-0.7262569832402179,-1,-1,1,-1
78,2017-08-18,17.48,264100,-0.11454753722794715,-1,-0.0039886039886040114,-1,17.55,-0.512820512820512,-1,-1,-1,-1
79,2017-08-21,17.23,216800,1.3737836290784113,1,-0.014302059496567487,-1,17.48,-0.05720823798627897,-1,-1,1,-1
80,2017-08-22,17.66,290600,-1.9630484988452646,-1,0.024956471271038838,1,17.23,0.5223447475333711,1,1,-1,1
81,2017-08-23,17.6,178300,-0.5714285714285796,-1,-0.003397508493771184,-1,17.66,-0.9060022650056633,-1,-1,-1,-1
82,2017-08-24,18.2,391400,-2.824858757062147,-1,0.03409090909090895,1,17.6,0.568181818181806,1,1,-1,1
83,2017-08-25,18.3,241400,-0.5494505494505573,-1,0.005494505494505475,1,18.2,0.0,-1,1,-1,-1
84,2017-08-28,18.56,210300,-0.3243243243243174,-1,0.014207650273224015,1,18.3,1.092896174863384,1,1,-1,1
85,2017-08-29,18.52,264300,-1.6465422612513763,-1,-0.0021551724137930384,-1,18.56,-1.8318965517241375,-1,-1,-1,-1
86,2017-08-30,18.54,281300,-0.21621621621621162,-1,0.001079913606911509,1,18.52,-0.10799136069114242,-1,1,-1,-1
87,2017-08-31,19.4,492400,-4.189044038668086,-1,0.04638619201725991,1,18.54,0.43149946062568423,1,1,-1,1
88,2017-09-01,19.23,532000,0.5687693898655606,1,-0.008762886597938002,-1,19.4,-0.3092783505154574,-1,-1,1,-1
89,2017-09-05,20.04,762300,-4.921465968586375,-1,0.04212168486739465,1,19.23,-0.676027041081638,-1,1,-1,-1
90,2017-09-06,21.05,1199900,-5.5667001003009,-1,0.05039920159680644,1,20.04,-0.49900199600797346,-1,1,-1,-1
91,2017-09-07,21.41,1676600,-1.952380952380953,-1,0.017102137767220915,1,21.05,-0.23752969121140477,-1,1,-1,-1
92,2017-09-08,20.99,2442900,4.720835224693612,1,-0.019617001401214473,-1,21.41,2.895843063988795,1,-1,1,1
93,2017-09-11,18.8,1975500,12.108461898083215,1,-0.10433539780848011,-1,20.99,1.9056693663649462,1,-1,1,1
94,2017-09-12,18.88,895800,0.6315789473684263,1,0.004255319148936065,1,18.8,1.0638297872340388,1,1,1,1
95,2017-09-13,19.08,785400,-0.10493179433368087,-1,0.010593220338982912,1,18.88,0.953389830508473,1,1,-1,1
96,2017-09-14,18.9,719300,0.5263157894736916,1,-0.009433962264150941,-1,19.08,-0.41928721174003303,-1,-1,1,-1
97,2017-09-15,18.38,755700,2.389803505045137,1,-0.02751322751322749,-1,18.9,-0.3703703703703719,-1,-1,1,-1
98,2017-09-18,17.32,1580600,3.7777777777777763,1,-0.05767138193688781,-1,18.38,-2.067464635473335,-1,-1,1,-1
99,2017-09-19,17.13,702900,1.8338108882521507,1,-0.010969976905311873,-1,17.32,0.750577367205537,1,-1,1,1
100,2017-09-20,17.17,768900,0.17441860465114875,1,0.0023350846468186415,1,17.13,0.4086398131932299,1,1,1,1
101,2017-09-21,17.29,472900,-0.5817335660267473,-1,0.006988934187536211,1,17.17,0.11648223645893752,1,1,-1,1
102,2017-09-22,16.91,864800,2.423542989036343,1,-0.0219780219780219,-1,17.29,0.2313475997686475,1,-1,1,1
103,2017-09-25,16.08,813800,5.132743362831865,1,-0.049083382613838045,-1,16.91,0.23654642223535863,1,-1,1,1
104,2017-09-26,16.46,806100,-0.6112469437652899,-1,0.023631840796020098,1,16.08,1.7412935323383159,1,1,-1,1
105,2017-09-27,16.59,991100,0.24052916416114944,1,0.007897934386391192,1,16.46,1.0328068043742293,1,1,1,1
106,2017-09-28,17.02,8309300,1.902017291066293,1,0.02591922845087402,1,16.59,4.581072935503324,1,1,1,1
107,2017-09-29,16.62,1966100,1.8310691080921366,1,-0.023501762632197387,-1,17.02,-0.528789659224441,-1,-1,1,-1
108,2017-10-02,16.54,1469200,-0.24242424242423727,-1,-0.004813477737665606,-1,16.62,-0.7220216606498254,-1,-1,-1,-1
109,2017-10-03,17.17,1272200,-4.5676004872107185,-1,0.03808948004836776,1,16.54,-0.7255139056831769,-1,1,-1,-1
110,2017-10-04,17.39,1336500,-2.294117647058827,-1,0.012813046010483387,1,17.17,-0.990099009901,-1,1,-1,-1
111,2017-10-05,17.5,1229400,-0.5747126436781691,-1,0.006325474410580734,1,17.39,0.057504312823450324,1,1,-1,1
112,2017-10-06,16.8,3181100,3.0023094688221685,1,-0.039999999999999925,-1,17.5,-1.028571428571427,-1,-1,1,-1
113,2017-10-09,16.8,792600,0.35587188612098886,1,0.0,-1,16.8,0.3571428571428495,1,-1,1,1
114,2017-10-10,16.31,1138300,2.9166666666666785,1,-0.029166666666666785,-1,16.8,0.0,-1,-1,1,-1
115,2017-10-11,15.78,1689300,3.2495401594114,1,-0.032495401594114015,-1,16.31,0.0,-1,-1,1,-1
116,2017-10-12,16.21,1319200,-2.59493670886076,-1,0.027249683143219405,1,15.78,0.12674271229405165,1,1,-1,1
117,2017-10-13,15.72,1148900,3.2019704433497407,1,-0.030228254164096247,-1,16.21,0.1850709438617988,1,-1,1,1
118,2017-10-16,15.38,1673100,2.3492063492063444,1,-0.021628498727735312,-1,15.72,0.19083969465648445,1,-1,1,1
119,2017-10-17,15.51,1124700,-1.3725490196078372,-1,0.00845253576072813,1,15.38,-0.5201560468140447,-1,1,-1,-1
120,2017-10-18,15.48,865700,0.6418485237483931,1,-0.0019342359767891004,-1,15.51,0.4513217279174744,1,-1,1,1
121,2017-10-19,15.61,844800,-1.9595035924232458,-1,0.008397932816537335,1,15.48,-1.098191214470284,-1,1,-1,-1
122,2017-10-20,16.25,1743000,-3.9002557544756997,-1,0.04099935938500954,1,15.61,0.19218449711723984,1,1,-1,1
123,2017-10-23,16.32,780100,0.183486238532117,1,0.004307692307692346,1,16.25,0.6153846153846242,1,1,1,1
124,2017-10-24,16.15,1004700,1.1627906976744264,1,-0.01041666666666674,-1,16.32,0.12254901960784054,1,-1,1,1
125,2017-10-25,15.22,4558900,2.1221864951768494,1,-0.057585139318885314,-1,16.15,-3.7151702786377583,-1,-1,1,-1
126,2017-10-26,14.63,1765200,4.316546762589918,1,-0.038764783180026297,-1,15.22,0.45992115637318337,1,-1,1,1
127,2017-10-27,14.9,2417800,-2.405498281786939,-1,0.018455228981544725,1,14.63,-0.5468215994531789,-1,1,-1,-1
128,2017-10-30,15.15,3182800,-0.6644518272425225,-1,0.016778523489932917,1,14.9,1.0067114093959755,1,1,-1,1
129,2017-10-31,15.13,1179500,0.1320132013201292,1,-0.0013201320132012473,-1,15.15,0.0,-1,-1,1,-1
130,2017-11-01,15.26,1240700,0.32658393207054676,1,0.008592200925313875,1,15.13,1.1896893588896214,1,1,1,1
131,2017-11-02,15.48,1536700,-1.4416775884665836,-1,0.014416775884665833,1,15.26,0.0,-1,1,-1,-1
132,2017-11-03,15.71,1701200,-1.6828478964401397,-1,0.014857881136950857,1,15.48,-0.19379844961241044,-1,1,-1,-1
133,2017-11-06,15.59,1301200,0.6373486297004438,1,-0.007638446849140723,-1,15.71,-0.12730744748568648,-1,-1,1,-1
134,2017-11-07,15.17,1631800,0.9144350097975217,1,-0.02694034637588194,-1,15.59,-1.796023091725461,-1,-1,1,-1
135,2017-11-08,15.53,1701700,-3.1893687707641103,-1,0.02373104812129201,1,15.17,-0.7910349373763956,-1,1,-1,-1
136,2017-11-09,15.17,766500,1.172638436482083,1,-0.023180940115904658,-1,15.53,-1.1590470057952333,-1,-1,1,-1
137,2017-11-10,15.47,1040000,-2.247191011235954,-1,0.019775873434410007,1,15.17,-0.26367831245879464,-1,1,-1,-1
138,2017-11-13,15.38,582200,-0.1954397394136882,-1,-0.005817711700064621,-1,15.47,-0.7756948933419586,-1,-1,-1,-1
139,2017-11-14,15.25,680600,0.26160889470241433,1,-0.008452535760728241,-1,15.38,-0.5851755526658103,-1,-1,1,-1
140,2017-11-15,15.12,809500,-0.2652519893899148,-1,-0.008524590163934476,-1,15.25,-1.1147540983606552,-1,-1,-1,-1
141,2017-11-16,15.11,986500,0.1321877065433004,1,-0.000661375661375696,-1,15.12,0.06613756613757647,1,-1,1,1
142,2017-11-17,15.29,1409300,-1.9333333333333276,-1,0.011912640635340921,1,15.11,-0.7279947054930472,-1,1,-1,-1
143,2017-11-20,15.64,1945300,-2.8947368421052717,-1,0.0228907782864618,1,15.29,-0.5886200130804439,-1,1,-1,-1
144,2017-11-21,15.83,1869400,-1.1501597444089438,-1,0.012148337595907943,1,15.64,0.06393861892582985,1,1,-1,1
145,2017-11-22,15.94,981700,-0.4410838059231272,-1,0.006948831332912242,1,15.83,0.2526847757422561,1,1,-1,1
146,2017-11-24,16.23,1064800,-1.5009380863039414,-1,0.018193224592220947,1,15.94,0.31367628607277737,1,1,-1,1
147,2017-11-27,16.35,1783600,-0.925925925925939,-1,0.007393715341959428,1,16.23,-0.18484288354899037,-1,1,-1,-1
148,2017-11-28,16.49,1308500,-0.9179926560587428,-1,0.008562691131498212,1,16.35,-0.061162079510712924,-1,1,-1,-1
149,2017-11-29,15.61,2186100,-1.1665586519766669,-1,-0.05336567616737409,-1,16.49,-6.428138265615517,-1,-1,-1,-1
150,2017-11-30,15.83,1293000,-0.6997455470737877,-1,0.014093529788597126,1,15.61,0.7046764894298605,1,1,-1,1
151,2017-12-01,15.92,1147300,-1.1435832274459956,-1,0.005685407454200986,1,15.83,-0.5685407454200876,-1,1,-1,-1
152,2017-12-04,15.57,1230300,2.8089887640449396,1,-0.02198492462311552,-1,15.92,0.6281407035175857,1,-1,1,1
153,2017-12-05,15.99,1522300,-2.763496143958867,-1,0.026974951830443183,1,15.57,-0.06422607578676806,-1,1,-1,-1
154,2017-12-06,15.73,1233600,1.1934673366834139,1,-0.016260162601625994,-1,15.99,-0.43777360850531755,-1,-1,1,-1
155,2017-12-07,16.0,3057800,-1.394169835234478,-1,0.017164653528289886,1,15.73,0.3178639542275838,1,1,-1,1
156,2017-12-08,16.84,10016600,1.8648018648018665,1,0.05249999999999999,1,16.0,7.250000000000001,1,1,1,1
157,2017-12-11,16.92,2948800,-0.4750593824228138,-1,0.004750593824228044,1,16.84,0.0,-1,1,-1,-1
158,2017-12-12,16.4,6319000,1.4423076923077043,1,-0.030732860520094718,-1,16.92,-1.6548463356974061,-1,-1,1,-1
159,2017-12-13,16.83,2577300,-2.496954933008505,-1,0.026219512195121863,1,16.4,0.1219512195122142,1,1,-1,1
160,2017-12-14,17.42,5175800,-3.5671819262782485,-1,0.03505644682115294,1,16.83,-0.059417706476518194,-1,1,-1,-1
161,2017-12-15,17.51,11560000,-0.22896393817975216,-1,0.005166475315729002,1,17.42,0.28702640642937516,1,1,-1,1
162,2017-12-18,17.42,2464600,0.45714285714284736,1,-0.0051399200456881955,-1,17.51,-0.05711022272987757,-1,-1,1,-1
163,2017-12-19,17.05,2507900,1.6724336793540895,1,-0.021239954075775058,-1,17.42,-0.459242250287037,-1,-1,1,-1
164,2017-12-20,17.28,1701500,0.11560693641618251,1,0.013489736070381175,1,17.05,1.4662756598240467,1,1,1,1
165,2017-12-21,17.42,1537900,-1.1027278003482373,-1,0.00810185185185186,1,17.28,-0.28935185185185597,-1,1,-1,-1
166,2017-12-22,17.43,1071600,-0.40322580645161454,-1,0.0005740528128586053,1,17.42,-0.3444316877152828,-1,1,-1,-1
167,2017-12-26,16.76,1202800,3.2332563510392536,1,-0.03843947217441179,-1,17.43,-0.6310958118187001,-1,-1,1,-1
168,2017-12-27,16.81,905800,-0.5984440454817347,-1,0.002983293556085842,1,16.76,-0.2983293556085961,-1,1,-1,-1
169,2017-12-28,16.67,587300,0.5369928400954644,1,-0.008328375966686341,-1,16.81,-0.2974419988102151,-1,-1,1,-1
170,2017-12-29,16.52,1023900,0.7211538461538521,1,-0.008998200359928155,-1,16.67,-0.1799640071985671,-1,-1,1,-1
171,2018-01-02,17.39,1602900,-5.9074299634591885,-1,0.052663438256658646,1,16.52,-0.6053268765133043,-1,1,-1,-1
172,2018-01-03,17.53,868100,-1.3294797687861297,-1,0.008050603795284772,1,17.39,-0.517538815411155,-1,1,-1,-1
173,2018-01-04,17.25,904100,1.4848657909765937,1,-0.01597261836851116,-1,17.53,-0.11409013120364844,-1,-1,1,-1
174,2018-01-05,17.25,626200,0.0,-1,0.0,-1,17.25,0.0,-1,-1,-1,-1
175,2018-01-08,17.15,866200,0.29069767441860883,1,-0.005797101449275477,-1,17.25,-0.28985507246377223,-1,-1,1,-1
176,2018-01-09,17.18,844100,-0.35046728971961866,-1,0.001749271137026387,1,17.15,-0.17492711370260983,-1,1,-1,-1
177,2018-01-10,18.28,3977000,-3.0439684329199705,-1,0.06402793946449359,1,17.18,3.2596041909196667,1,1,-1,1
178,2018-01-11,17.91,1685800,2.557127312295968,1,-0.020240700218818408,-1,18.28,0.5470459518599445,1,-1,1,1
179,2018-01-12,18.14,2226000,-0.22099447513811685,-1,0.012841987716359693,1,17.91,1.0608598548297112,1,1,-1,1
180,2018-01-16,17.44,2469500,5.010893246187354,1,-0.03858875413450935,-1,18.14,1.2127894156560026,1,-1,1,1
181,2018-01-17,17.88,1164700,-1.7064846416382295,-1,0.025229357798165042,1,17.44,0.8027522935779645,1,1,-1,1
182,2018-01-18,18.68,3476300,-4.532736429770558,-1,0.044742729306487705,1,17.88,-0.055928411633098495,-1,1,-1,-1
183,2018-01-19,18.45,999000,1.9659936238044688,1,-0.012312633832976427,-1,18.68,0.7494646680942215,1,-1,1,1
184,2018-01-22,18.35,1287000,0.8108108108108031,1,-0.005420054200541924,-1,18.45,0.27100271002710413,1,-1,1,1
185,2018-01-23,18.55,1281200,-1.923076923076931,-1,0.01089918256130784,1,18.35,-0.8174386920981042,-1,1,-1,-1
186,2018-01-24,18.59,1084800,-0.21563342318058837,-1,0.0021563342318058343,1,18.55,0.0,-1,1,-1,-1
187,2018-01-25,18.52,820700,1.6985138004246298,1,-0.0037654653039268515,-1,18.59,1.3448090371167294,1,-1,1,1
188,2018-01-26,18.74,748400,-0.9154550350026827,-1,0.011879049676025932,1,18.52,0.26997840172786564,1,1,-1,1
189,2018-01-29,18.53,1117600,0.8560727661851264,1,-0.0112059765208109,-1,18.74,-0.26680896478120153,-1,-1,1,-1
190,2018-01-30,18.45,1661500,-0.10851871947910782,-1,-0.00431732325957912,-1,18.53,-0.5396654074473902,-1,-1,-1,-1
191,2018-01-31,18.72,758600,-0.9164420485175103,-1,0.014634146341463428,1,18.45,0.5420054200542083,1,1,-1,1
192,2018-02-01,18.77,767900,-0.4817987152034253,-1,0.0026709401709401615,1,18.72,-0.21367521367520914,-1,1,-1,-1
193,2018-02-02,18.12,1001300,2.7896995708154484,1,-0.034629728289824135,-1,18.77,-0.6925945657964785,-1,-1,1,-1
194,2018-02-05,17.11,1385500,4.573340769659789,1,-0.05573951434878599,-1,18.12,-1.0485651214128104,-1,-1,1,-1
195,2018-02-06,17.71,1381900,-5.416666666666668,-1,0.035067212156633554,1,17.11,-1.8118059614260593,-1,1,-1,-1
196,2018-02-07,17.88,992100,-0.959909655561819,-1,0.00959909655561808,1,17.71,0.0,-1,1,-1,-1
197,2018-02-08,17.51,1223100,2.830188679245272,1,-0.020693512304250428,-1,17.88,0.7829977628635378,1,-1,1,1
198,2018-02-09,17.15,1060100,2.8328611898017,1,-0.020559680182752893,-1,17.51,0.7995431182181439,1,-1,1,1
199,2018-02-12,17.69,674000,-2.5507246376811668,-1,0.03148688046647252,1,17.15,0.5830903790087547,1,1,-1,1
200,2018-02-13,17.66,471000,-2.080924855491326,-1,-0.0016958733747880483,-1,17.69,-2.2046353872244238,-1,-1,-1,-1
201,2018-02-14,18.1,613800,-3.075170842824617,-1,0.02491506228765572,1,17.66,-0.5662514156285471,-1,1,-1,-1
202,2018-02-15,17.98,769200,1.4254385964912173,1,-0.006629834254143652,-1,18.1,0.7734806629834089,1,-1,1,1
203,2018-02-16,17.82,625200,0.7795100222717181,1,-0.008898776418242549,-1,17.98,-0.11123470522802878,-1,-1,1,-1
204,2018-02-20,18.32,1063900,-2.9792017987633566,-1,0.02805836139169471,1,17.82,-0.16835016835017472,-1,1,-1,-1
205,2018-02-21,18.45,830700,-0.654664484451724,-1,0.007096069868995469,1,18.32,0.05458515283841709,1,1,-1,1
206,2018-02-22,18.61,796500,-0.2693965517241418,-1,0.008672086720867167,1,18.45,0.5962059620596175,1,1,-1,1
207,2018-02-23,18.44,355700,1.705756929637528,1,-0.009134873723804282,-1,18.61,0.8060182697474592,1,-1,1,1
208,2018-02-26,18.91,673800,-2.548806941431664,-1,0.025488069414316694,1,18.44,0.0,-1,1,-1,-1
209,2018-02-27,19.1,838400,-0.7915567282322014,-1,0.01004759386567966,1,18.91,0.21152829190903832,1,1,-1,1
210,2018-02-28,19.05,681200,0.5741127348642977,1,-0.002617801047120505,-1,19.1,0.31413612565444354,1,-1,1,1
211,2018-03-01,18.42,924700,3.4591194968553287,1,-0.03307086614173227,-1,19.05,0.15748031496061723,1,-1,1,1
212,2018-03-02,18.71,908500,-2.745744096650192,-1,0.01574375678610207,1,18.42,-1.140065146579809,-1,1,-1,-1
213,2018-03-05,19.23,984100,-3.276047261009664,-1,0.027792624265098764,1,18.71,-0.4810261892036336,-1,1,-1,-1
214,2018-03-06,19.6,942600,-1.6597510373443998,-1,0.01924076963078525,1,19.23,0.2600104004160203,1,1,-1,1
215,2018-03-07,19.72,930100,-1.5447991761070912,-1,0.006122448979591688,1,19.6,-0.9183673469387741,-1,1,-1,-1
216,2018-03-08,19.98,347200,-1.1133603238866339,-1,0.013184584178498993,1,19.72,0.2028397565923058,1,1,-1,1
217,2018-03-09,19.96,785600,0.6470881035340916,1,-0.0010010010010009784,-1,19.98,0.5505505505505477,1,-1,1,1
218,2018-03-12,20.23,1212600,-1.1500000000000021,-1,0.013527054108216419,1,19.96,0.20040080160320214,1,1,-1,1
219,2018-03-13,20.14,824700,0.9345794392523252,1,-0.004448838358872997,-1,20.23,0.4943153732080962,1,-1,1,1
220,2018-03-14,20.34,535300,-0.8428358948933968,-1,0.009930486593842991,1,20.14,0.1489572989076521,1,1,-1,1
221,2018-03-15,19.82,1289600,2.1234567901234556,1,-0.025565388397246758,-1,20.34,-0.442477876106194,-1,-1,1,-1
222,2018-03-16,19.61,1981000,0.959595959595966,1,-0.010595358224016138,-1,19.82,-0.10090817356205638,-1,-1,1,-1
223,2018-03-19,19.33,1748800,0.9226037929267209,1,-0.01427842937276902,-1,19.61,-0.5099439061703104,-1,-1,1,-1
224,2018-03-20,20.26,1477400,-3.6847492323439224,-1,0.048111743404035456,1,19.33,1.086394205897573,1,1,-1,1
225,2018-03-21,20.07,1135500,1.2788981800295034,1,-0.009378084896347505,-1,20.26,0.34550839091804897,1,-1,1,1
226,2018-03-22,20.49,2298900,-2.964824120603015,-1,0.020926756352765308,1,20.07,-0.8470353761833668,-1,1,-1,-1
227,2018-03-23,20.29,1379600,0.7823960880195607,1,-0.009760858955588092,-1,20.49,-0.1952171791117577,-1,-1,1,-1
228,2018-03-26,21.59,2080000,-4.856726566294318,-1,0.06407097092163627,1,20.29,1.4785608674223791,1,1,-1,1
229,2018-03-27,21.25,2443200,1.892890120036935,1,-0.015748031496062964,-1,21.59,0.32422417786012175,1,-1,1,1
230,2018-03-28,20.93,1408500,1.4595103578154367,1,-0.015058823529411791,-1,21.25,-0.04705882352941912,-1,-1,1,-1
231,2018-03-29,21.58,1439500,-2.129673450070986,-1,0.03105590062111796,1,20.93,0.9555661729574739,1,1,-1,1
232,2018-04-02,21.23,1522400,1.6218721037998047,1,-0.01621872103799804,-1,21.58,0.0,-1,-1,1,-1
233,2018-04-03,22.24,4614200,-3.010653080129683,-1,0.047574187470560414,1,21.23,1.6957136128120558,1,1,-1,1
234,2018-04-04,13.29,27926700,5.409252669039157,1,-0.40242805755395683,-1,22.24,-36.82553956834532,-1,-1,1,-1
235,2018-04-05,13.71,8545000,0.3633720930232481,1,0.031602708803611934,1,13.29,3.5364936042136996,1,1,1,1
236,2018-04-06,12.98,7115600,4.065040650406496,1,-0.05324580598103579,-1,13.71,-1.3129102844639058,-1,-1,1,-1
237,2018-04-09,12.74,4485500,2.748091603053431,1,-0.018489984591679498,-1,12.98,0.9244992295839694,1,-1,1,1
238,2018-04-10,12.76,2952800,0.7776049766718479,1,0.0015698587127157548,1,12.74,0.9419152276295072,1,1,1,1
239,2018-04-11,13.13,3347500,-3.142183817753341,-1,0.028996865203761768,1,12.76,-0.23510971786833354,-1,1,-1,-1
240,2018-04-12,13.89,9611900,-3.0415430267062322,-1,0.05788271134805778,1,13.13,2.665651180502663,1,1,-1,1
241,2018-04-13,13.91,5450000,0.7845934379457877,1,0.0014398848092151972,1,13.89,0.9359251259899136,1,1,1,1
242,2018-04-16,14.02,2008300,-0.7183908045976987,-1,0.007907979870596549,1,13.91,0.07189072609633204,1,1,-1,1
243,2018-04-17,14.37,2777400,-2.350427350427351,-1,0.024964336661911446,1,14.02,0.1426533523537773,1,1,-1,1
244,2018-04-18,14.91,2243700,-3.685674547983306,-1,0.03757828810020891,1,14.37,0.0695894224078049,1,1,-1,1
245,2018-04-19,14.6,2465400,2.341137123745817,1,-0.020791415157612403,-1,14.91,0.26827632461434703,1,-1,1,1
246,2018-04-20,14.74,1607100,-0.9589041095890449,-1,0.009589041095890538,1,14.6,0.0,-1,1,-1,-1
247,2018-04-23,14.9,2429500,-0.6756756756756733,-1,0.01085481682496603,1,14.74,0.4070556309362313,1,1,-1,1
248,2018-04-24,14.47,2696900,2.951039570757877,1,-0.02885906040268449,-1,14.9,0.06711409395973011,1,-1,1,1
249,2018-04-25,14.06,2087600,2.6989619377162546,1,-0.028334485141672472,-1,14.47,-0.13821700069109433,-1,-1,1,-1
250,2018-04-26,14.16,1265100,0.14104372355429884,1,0.007112375533428139,1,14.06,0.8534850640113741,1,1,1,1
251,2018-04-27,14.19,1006900,-0.2118644067796565,-1,0.0021186440677964935,1,14.16,0.0,-1,1,-1,-1
252,2018-04-30,14.25,924700,-0.5645730416372623,-1,0.0042283298097252064,1,14.19,-0.14094432699083562,-1,1,-1,-1
253,2018-05-01,14.42,1537100,-1.4064697609001355,-1,0.011929824561403457,1,14.25,-0.2105263157894692,-1,1,-1,-1
254,2018-05-02,14.66,1545400,-1.805555555555554,-1,0.01664355062413314,1,14.42,-0.13869625520110662,-1,1,-1,-1
255,2018-05-03,15.05,1222900,-3.0116358658453204,-1,0.026603001364256418,1,14.66,-0.3410641200545751,-1,1,-1,-1
256,2018-05-04,15.04,1055300,-0.4005340453938499,-1,-0.0006644518272426181,-1,15.05,-0.4651162790697693,-1,-1,-1,-1
257,2018-05-07,15.63,2307000,-1.6916070266753518,-1,0.03922872340425543,1,15.04,2.1941489361702136,1,1,-1,1
258,2018-05-08,15.9,1171500,-2.0539152759948673,-1,0.017274472168905985,1,15.63,-0.31989763275752214,-1,1,-1,-1
259,2018-05-09,15.87,2245700,0.6261740763932462,1,-0.0018867924528302993,-1,15.9,0.4402515723270458,1,-1,1,1
260,2018-05-10,16.41,1464800,-2.8840125391849587,-1,0.03402646502835549,1,15.87,0.504095778197858,1,1,-1,1
261,2018-05-11,15.96,1083200,3.3313143549364064,1,-0.027422303473491727,-1,16.41,0.6093845216331593,1,-1,1,1
262,2018-05-14,15.73,1010100,1.7489069331667777,1,-0.014411027568922319,-1,15.96,0.31328320802005455,1,-1,1,1
263,2018-05-15,15.59,1339200,-0.06418485237483816,-1,-0.008900190718372558,-1,15.73,-0.953591862682774,-1,-1,-1,-1
264,2018-05-16,16.0,1662900,-2.6298909557408603,-1,0.026298909557408656,1,15.59,0.0,-1,1,-1,-1
265,2018-05-17,15.85,1224400,0.9375000000000022,1,-0.009375000000000022,-1,16.0,0.0,-1,-1,1,-1
266,2018-05-18,16.1,968400,-1.577287066246068,-1,0.015772870662460692,1,15.85,0.0,-1,1,-1,-1
267,2018-05-21,16.25,1082200,-0.24676125848241298,-1,0.009316770186335255,1,16.1,0.6832298136645927,1,1,-1,1
268,2018-05-22,16.2,2276200,0.6134969325153461,1,-0.003076923076923088,-1,16.25,0.3076923076923121,1,-1,1,1
269,2018-05-23,16.1,1480400,0.0,-1,-0.006172839506172756,-1,16.2,-0.6172839506172708,-1,-1,-1,-1
270,2018-05-24,15.93,1294600,1.1173184357541883,1,-0.010559006211180222,-1,16.1,0.062111801242223666,1,-1,1,1
271,2018-05-25,15.88,1408600,0.5635566687539127,1,-0.003138731952291196,-1,15.93,0.25109855618330773,1,-1,1,1
272,2018-05-29,15.86,1465600,-0.6984126984126948,-1,-0.0012594458438287548,-1,15.88,-0.8186397984886697,-1,-1,-1,-1
273,2018-05-30,16.03,2539800,-0.8810572687224705,-1,0.010718789407314189,1,15.86,0.18915510718790124,1,1,-1,1
274,2018-05-31,16.22,2592300,-1.374999999999993,-1,0.011852776044915636,1,16.03,-0.18714909544604574,-1,1,-1,-1
275,2018-06-01,16.63,1503800,-1.5262515262515264,-1,0.02527743526510484,1,16.22,0.9864364981504324,1,1,-1,1
276,2018-06-04,16.91,1733900,-0.9552238805970158,-1,0.016837041491280846,1,16.63,0.7215874924834697,1,1,-1,1
277,2018-06-05,17.1,1600700,-1.0638297872340408,-1,0.011235955056179803,1,16.91,0.05913660555885016,1,1,-1,1
278,2018-06-06,17.18,2940100,-0.526623756582796,-1,0.004678362573099282,1,17.1,-0.05847953216375183,-1,1,-1,-1
279,2018-06-07,16.03,6608500,3.4337349397590375,1,-0.0669383003492432,-1,17.18,-3.3760186263096528,-1,-1,1,-1
280,2018-06-08,16.14,3403600,-0.7490636704119913,-1,0.006862133499688117,1,16.03,-0.062383031815355976,-1,1,-1,-1
281,2018-06-11,15.51,4048100,3.0625000000000013,1,-0.0390334572490707,-1,16.14,-0.867410161090462,-1,-1,1,-1
282,2018-06-12,15.5,3618500,-0.12919896640826598,-1,-0.0006447453255963298,-1,15.51,-0.1934235976789127,-1,-1,-1,-1
283,2018-06-13,15.47,2455200,0.5144694533762062,1,-0.001935483870967647,-1,15.5,0.3225806451612949,1,-1,1,1
284,2018-06-14,15.6,2458700,-0.6451612903225784,-1,0.008403361344537785,1,15.47,0.1939237233354839,1,1,-1,1
285,2018-06-15,15.16,3720000,-0.13210039630118608,-1,-0.028205128205128216,-1,15.6,-2.9487179487179427,-1,-1,-1,-1
286,2018-06-18,15.48,2383100,-2.7206370272063714,-1,0.02110817941952514,1,15.16,-0.5936675461741415,-1,1,-1,-1
287,2018-06-19,15.41,1476300,-0.8507853403141413,-1,-0.004521963824289377,-1,15.48,-1.2919896640826942,-1,-1,-1,-1
288,2018-06-20,15.48,1259200,0.12903225806451338,1,0.00454250486696961,1,15.41,0.5840363400389348,1,1,1,1
289,2018-06-21,15.18,1198900,1.7475728155339778,1,-0.019379844961240345,-1,15.48,-0.19379844961241044,-1,-1,1,-1
290,2018-06-22,14.54,2756400,4.842931937172777,1,-0.04216073781291174,-1,15.18,0.6587615283267434,1,-1,1,1
291,2018-06-25,13.71,2540900,4.7916666666666625,1,-0.05708390646492423,-1,14.54,-0.9628610729023301,-1,-1,1,-1
292,2018-06-26,13.67,2714500,1.2283236994219648,1,-0.0029175784099197966,-1,13.71,0.9482129832239169,1,-1,1,1
293,2018-06-27,13.15,1857600,3.9444850255661,1,-0.03803950256035116,-1,13.67,0.14630577907827047,1,-1,1,1
294,2018-06-28,13.45,2170000,-2.7501909854850988,-1,0.02281368821292773,1,13.15,-0.45627376425855887,-1,1,-1,-1
295,2018-06-29,13.64,1420000,-0.36791758646063805,-1,0.014126394052044633,1,13.45,1.0408921933085544,1,1,-1,1
296,2018-07-02,13.76,1405400,-1.9259259259259243,-1,0.008797653958944274,1,13.64,-1.026392961876837,-1,1,-1,-1
297,2018-07-03,13.86,603000,-0.21691973969630773,-1,0.007267441860465018,1,13.76,0.5087209302325602,1,1,-1,1
298,2018-07-05,14.05,1260900,-0.4288777698356004,-1,0.013708513708513781,1,13.86,0.9379509379509435,1,1,-1,1
299,2018-07-06,14.62,1604400,-3.6879432624113444,-1,0.04056939501779344,1,14.05,0.35587188612098886,1,1,-1,1
300,2018-07-09,14.71,1630900,-0.06802721088436438,-1,0.006155950752394057,1,14.62,0.5471956224350211,1,1,-1,1
301,2018-07-10,14.79,1840900,-0.5438477226376498,-1,0.00543847722637647,1,14.71,0.0,-1,1,-1,-1
302,2018-07-11,14.7,1089900,-0.6849315068493127,-1,-0.006085192697768749,-1,14.79,-1.28465179175118,-1,-1,-1,-1
303,2018-07-12,15.03,1810100,-1.4170040485829898,-1,0.022448979591836782,1,14.7,0.8163265306122517,1,1,-1,1
304,2018-07-13,14.77,1539200,1.5989340439706876,1,-0.017298735861610126,-1,15.03,-0.13306719893545957,-1,-1,1,-1
305,2018-07-16,14.83,862300,0.2689979825151254,1,0.004062288422478133,1,14.77,0.677048070412997,1,1,1,1
306,2018-07-17,14.91,1004900,-1.290760869565214,-1,0.0053944706675657095,1,14.83,-0.741739716790286,-1,1,-1,-1
307,2018-07-18,14.79,1266500,0.738255033557055,1,-0.008048289738430636,-1,14.91,-0.06706908115358676,-1,-1,1,-1
308,2018-07-19,14.82,1259500,-0.8163265306122517,-1,0.0020283975659229903,1,14.79,-0.6085192697768753,-1,1,-1,-1
309,2018-07-20,14.57,778300,1.7532029669588656,1,-0.01686909581646423,-1,14.82,0.0674763832658555,1,-1,1,1
310,2018-07-23,14.68,850200,-0.6858710562414242,-1,0.007549759780370646,1,14.57,0.06863417982154967,1,1,-1,1
311,2018-07-24,14.29,876400,3.5111411208642895,1,-0.026566757493188042,-1,14.68,0.8855585831062723,1,-1,1,1
312,2018-07-25,14.62,785400,-1.8815331010452931,-1,0.02309307207837641,1,14.29,0.41987403778866694,1,1,-1,1
313,2018-07-26,14.61,748600,-0.7586206896551685,-1,-0.0006839945280437965,-1,14.62,-0.8207934336525256,-1,-1,-1,-1
314,2018-07-27,14.13,1110400,3.2854209445585125,1,-0.03285420944558515,-1,14.61,0.0,-1,-1,1,-1
315,2018-07-30,13.45,1359900,4.542228530872964,1,-0.04812455767869794,-1,14.13,-0.28308563340411125,-1,-1,1,-1
316,2018-07-31,13.39,1513100,0.5939123979213071,1,-0.004460966542750855,-1,13.45,0.14869888475837434,1,-1,1,1
317,2018-08-01,13.94,1213300,-4.107542942494391,-1,0.0410754294249438,1,13.39,0.0,-1,1,-1,-1
318,2018-08-02,13.94,814400,-0.6498194945848366,-1,0.0,-1,13.94,-0.6456241032998555,-1,-1,-1,-1
319,2018-08-03,13.58,936700,2.582496413199422,1,-0.0258249641319942,-1,13.94,0.0,-1,-1,1,-1
320,2018-08-06,13.65,992800,-0.663716814159291,-1,0.005154639175257714,1,13.58,-0.1472754050073606,-1,1,-1,-1
321,2018-08-07,13.69,626400,0.0,-1,0.00293040293040292,1,13.65,0.2930402930402868,1,1,-1,1
322,2018-08-08,13.49,1593500,2.246376811594206,1,-0.014609203798392922,-1,13.69,0.8035062089116233,1,-1,1,1
323,2018-08-09,14.03,2775500,-3.5424354243542338,-1,0.04002965159377303,1,13.49,0.44477390659748334,1,1,-1,1
324,2018-08-10,14.06,2726800,-1.0057471264367857,-1,0.002138275124732747,1,14.03,-0.7840342124019918,-1,1,-1,-1
325,2018-08-13,13.97,1269600,0.5693950177935948,1,-0.006401137980085347,-1,14.06,-0.07112375533428014,-1,-1,1,-1
326,2018-08-14,13.96,1052500,0.28571428571427965,1,-0.0007158196134573469,-1,13.97,0.21474588403721803,1,-1,1,1
327,2018-08-15,13.75,1104700,1.007919366450688,1,-0.015042979942693435,-1,13.96,-0.501432664756449,-1,-1,1,-1
328,2018-08-16,13.73,924400,0.8664259927797778,1,-0.001454545454545375,-1,13.75,0.7272727272727246,1,-1,1,1
329,2018-08-17,13.59,678200,0.9475218658892184,1,-0.010196649672250535,-1,13.73,-0.0728332119446452,-1,-1,1,-1
330,2018-08-20,13.6,797000,-0.29498525073745685,-1,0.0007358351729211954,1,13.59,-0.22075055187637502,-1,1,-1,-1
331,2018-08-21,13.7,914500,-0.5873715124816452,-1,0.007352941176470562,1,13.6,0.14705882352940863,1,1,-1,1
332,2018-08-22,13.81,621500,-0.802919708029206,-1,0.00802919708029215,1,13.7,0.0,-1,1,-1,-1
333,2018-08-23,13.7,1091900,0.7246376811594305,1,-0.007965242577842258,-1,13.81,-0.07241129616219975,-1,-1,1,-1
334,2018-08-24,14.05,1653500,-2.0334059549745906,-1,0.025547445255474477,1,13.7,0.5109489051094911,1,1,-1,1
335,2018-08-27,13.99,1654000,0.9907997169143706,1,-0.004270462633451988,-1,14.05,0.5693950177935948,1,-1,1,1
336,2018-08-28,14.0,1981300,0.213827512473267,1,0.0007147962830593713,1,13.99,0.28591851322372513,1,1,1,1
337,2018-08-29,14.94,2999700,-6.486101211689238,-1,0.06714285714285717,1,14.0,0.2142857142857097,1,1,-1,1
338,2018-08-30,14.9,2285000,0.0,-1,-0.0026773761713519972,-1,14.94,-0.26773761713520183,-1,-1,-1,-1
339,2018-08-31,15.01,1875200,-1.2820512820512786,-1,0.007382550335570448,1,14.9,-0.5369127516778528,-1,1,-1,-1
340,2018-09-04,15.07,1912600,-0.13289036544850216,-1,0.003997335109926725,1,15.01,0.2664890073284539,1,1,-1,1
341,2018-09-05,14.41,4928400,4.569536423841057,1,-0.04379562043795626,-1,15.07,0.1990710019907058,1,-1,1,1
342,2018-09-06,17.93,20728600,-10.270602706027047,-1,0.2442748091603053,1,14.41,12.838306731436514,1,1,-1,1
343,2018-09-07,17.56,6805200,0.5099150141643052,1,-0.020635805911879634,-1,17.93,-1.5616285554935927,-1,-1,1,-1
344,2018-09-10,17.43,5359600,3.2204330927262736,1,-0.00740318906605919,-1,17.56,2.5626423690205176,1,-1,1,1
345,2018-09-11,17.9,4675700,-5.046948356807509,-1,0.02696500286861725,1,17.43,-2.2375215146299516,-1,1,-1,-1
346,2018-09-12,18.41,4619900,-1.712707182320435,-1,0.028491620111732008,1,17.9,1.1173184357542059,1,1,-1,1
347,2018-09-13,18.21,2265200,0.8709853021230275,1,-0.01086366105377512,-1,18.41,-0.21727322107549782,-1,-1,1,-1
348,2018-09-14,18.57,2202200,-2.2014309301045603,-1,0.019769357495881268,1,18.21,-0.2196595277320107,-1,1,-1,-1
349,2018-09-17,17.66,2693300,4.592112371690985,1,-0.049003769520732376,-1,18.57,-0.32310177705976695,-1,-1,1,-1
350,2018-09-18,17.84,1384100,-0.9620826259196272,-1,0.010192525481313774,1,17.66,0.05662514156286276,1,1,-1,1
351,2018-09-19,17.55,1684800,1.7907106883044224,1,-0.016255605381165883,-1,17.84,0.16816143497758484,1,-1,1,1
352,2018-09-20,17.78,1344700,-0.90805902383655,-1,0.013105413105413133,1,17.55,0.3988603988604005,1,1,-1,1
353,2018-09-21,17.61,3270200,1.4549524342473505,1,-0.009561304836895435,-1,17.78,0.5061867266591668,1,-1,1,1
354,2018-09-24,17.43,1939000,0.0,-1,-0.010221465076660996,-1,17.61,-1.0221465076660972,-1,-1,-1,-1
355,2018-09-25,17.84,2162800,-1.942857142857142,-1,0.02352266207687892,1,17.43,0.40160642570281285,1,1,-1,1
356,2018-09-26,17.85,2416600,0.5571030640668405,1,0.0005605381165920686,1,17.84,0.6165919282511179,1,1,1,1
357,2018-09-27,17.57,2021700,1.8983807928531538,1,-0.015686274509803977,-1,17.85,0.3361344537815054,1,-1,1,1
358,2018-09-28,17.65,2018700,-0.9725400457665798,-1,0.004553215708594127,1,17.57,-0.5122367672168461,-1,1,-1,-1
359,2018-10-01,17.19,1485700,2.9909706546275263,1,-0.026062322946175498,-1,17.65,0.39660056657223963,1,-1,1,1
360,2018-10-02,16.9,1755600,1.457725947521866,1,-0.016870273414776205,-1,17.19,-0.23269342641071958,-1,-1,1,-1
361,2018-10-03,17.08,2205500,-0.7669616519173983,-1,0.010650887573964374,1,16.9,0.2958579881656847,1,1,-1,1
362,2018-10-04,19.05,25220300,3.981854838709673,1,0.11533957845433274,1,17.08,16.159250585480102,1,1,1,1
363,2018-10-05,17.9,6005600,5.8885383806519505,1,-0.06036745406824162,-1,19.05,-0.1574803149606359,-1,-1,1,-1
364,2018-10-08,17.5,6709700,0.7936507936507969,1,-0.022346368715083775,-1,17.9,-1.4525139664804358,-1,-1,1,-1
365,2018-10-09,17.37,3658300,0.1724137931034344,1,-0.00742857142857134,-1,17.5,-0.5714285714285796,-1,-1,1,-1
366,2018-10-10,15.49,8593300,10.04645760743321,1,-0.10823258491652277,-1,17.37,-0.8635578583765233,-1,-1,1,-1
367,2018-10-11,15.04,6082000,2.5906735751295358,1,-0.029051000645577862,-1,15.49,-0.3227888960619801,-1,-1,1,-1
368,2018-10-12,15.51,5102300,-0.9765625000000024,-1,0.03125,1,15.04,2.1276595744680873,1,1,-1,1
369,2018-10-15,15.24,3531200,0.5870841487279834,1,-0.01740812379110246,-1,15.51,-1.160541586073499,-1,-1,1,-1
370,2018-10-16,15.79,3182300,-2.2006472491909377,-1,0.03608923884514437,1,15.24,1.3779527559055058,1,1,-1,1
371,2018-10-17,15.35,2368700,2.970922882427311,1,-0.027865737808739688,-1,15.79,0.18999366687777797,1,-1,1,1
372,2018-10-18,14.78,2615200,3.018372703412079,1,-0.03713355048859934,-1,15.35,-0.7166123778501592,-1,-1,1,-1
373,2018-10-19,13.88,3261000,6.279540850776501,1,-0.06089309878213789,-1,14.78,0.2029769959404678,1,-1,1,1
374,2018-10-22,14.23,2367000,-1.7155110793423891,-1,0.025216138328530313,1,13.88,0.7925072046109469,1,1,-1,1
375,2018-10-23,14.31,2358300,-3.1723143475126268,-1,0.005621925509486925,1,14.23,-2.5298664792691583,-1,1,-1,-1
376,2018-10-24,13.08,2764800,8.081517919887563,1,-0.08595387840670865,-1,14.31,-0.5590496156533897,-1,-1,1,-1
377,2018-10-25,13.49,3317600,-1.9652305366591065,-1,0.031345565749235416,1,13.08,1.1467889908256907,1,1,-1,1
378,2018-10-26,13.12,2936300,0.15220700152208028,1,-0.02742772424017803,-1,13.49,-2.5945144551519617,-1,-1,1,-1
379,2018-10-29,12.88,3689300,6.1224489795918355,1,-0.018292682926829174,-1,13.12,4.573170731707328,1,-1,1,1
380,2018-10-30,13.24,2302200,-3.195635229929853,-1,0.02795031055900621,1,12.88,-0.38819875776398066,-1,1,-1,-1
381,2018-10-31,13.76,3809100,-0.43795620437956573,-1,0.0392749244712991,1,13.24,3.474320241691836,1,1,-1,1
382,2018-11-01,14.17,2262600,-2.755620014503269,-1,0.029796511627907085,1,13.76,0.21802325581394885,1,1,-1,1
383,2018-11-02,14.25,1986400,-0.0702247191011221,-1,0.0056457304163726185,1,14.17,0.4940014114326061,1,1,-1,1
384,2018-11-05,14.54,3728700,3.5809018567639317,1,0.020350877192982342,1,14.25,5.824561403508772,1,1,1,1
385,2018-11-06,14.0,2265200,3.381642512077296,1,-0.037138927097661534,-1,14.54,-0.3438789546079707,-1,-1,1,-1
386,2018-11-07,14.71,2992200,-4.031117397454033,-1,0.05071428571428571,1,14.0,1.000000000000004,1,1,-1,1
387,2018-11-08,14.15,2776200,3.214774281805738,1,-0.03806934058463629,-1,14.71,-0.6118286879673802,-1,-1,1,-1
388,2018-11-09,12.79,5471900,11.057023643949941,1,-0.09611307420494708,-1,14.15,1.6254416961130773,1,-1,1,1
389,2018-11-12,12.26,4368900,3.6163522012578686,1,-0.041438623924941353,-1,12.79,-0.5473025801407233,-1,-1,1,-1
390,2018-11-13,11.93,4370900,2.9292107404393772,1,-0.0269168026101142,-1,12.26,0.24469820554648744,1,-1,1,1
391,2018-11-14,11.85,3159900,2.146985962014862,1,-0.0067057837384744134,-1,11.93,1.5088013411567454,1,-1,1,1
392,2018-11-15,12.15,2492500,-2.8789161727349692,-1,0.025316455696202667,1,11.85,-0.3375527426160266,-1,1,-1,-1
393,2018-11-16,12.15,2482800,-0.9975062344139733,-1,0.0,-1,12.15,-0.9876543209876625,-1,-1,-1,-1
394,2018-11-19,11.23,3728900,7.648026315789472,1,-0.07572016460905351,-1,12.15,0.08230452674896943,1,-1,1,1
395,2018-11-20,10.69,6116900,0.8348794063079765,1,-0.048085485307212905,-1,11.23,-4.007123775601078,-1,-1,1,-1
396,2018-11-21,11.4,2685900,-4.3956043956043995,-1,0.06641721234798892,1,10.69,2.1515434985968236,1,1,-1,1
397,2018-11-23,11.33,729200,-0.2654867256637111,-1,-0.0061403508771930015,-1,11.4,-0.8771929824561372,-1,-1,-1,-1
398,2018-11-26,11.88,1830600,-3.304347826086963,-1,0.04854368932038833,1,11.33,1.5004413062665483,1,1,-1,1
399,2018-11-27,11.66,1170100,0.17123287671232512,1,-0.0185185185185186,-1,11.88,-1.6835016835016925,-1,-1,1,-1
400,2018-11-28,12.44,3457900,-4.362416107382547,-1,0.06689536878216118,1,11.66,2.2298456260720396,1,1,-1,1
401,2018-11-29,12.35,1973100,0.4032258064516186,1,-0.007234726688102877,-1,12.44,-0.32154340836012174,-1,-1,1,-1
402,2018-11-30,12.34,1820100,0.32310177705978127,1,-0.0008097165991902688,-1,12.35,0.24291497975709422,1,-1,1,1
403,2018-12-03,12.31,2958700,3.070866141732274,1,-0.002431118314424552,-1,12.34,2.917341977309558,1,-1,1,1
404,2018-12-04,11.59,3533900,4.844006568144498,1,-0.0584890333062551,-1,12.31,-1.056051990251834,-1,-1,1,-1
405,2018-12-06,13.01,9270900,-11.291702309666384,-1,0.12251941328731664,1,11.59,0.8628127696289875,1,1,-1,1
406,2018-12-07,12.25,4766200,6.130268199233722,1,-0.058416602613374335,-1,13.01,0.307455803228293,1,-1,1,1
407,2018-12-10,12.73,4111200,-4.258804258804255,-1,0.03918367346938778,1,12.25,-0.326530612244891,-1,1,-1,-1
408,2018-12-11,12.32,4236100,4.717710750193344,1,-0.03220738413197177,-1,12.73,1.5710919088766637,1,-1,1,1
409,2018-12-12,12.64,2241100,-1.039168665067952,-1,0.025974025974025983,1,12.32,1.5422077922077881,1,1,-1,1
410,2018-12-13,12.39,1758200,2.055335968379445,1,-0.019778481012658222,-1,12.64,0.07911392405063122,1,-1,1,1
411,2018-12-14,12.34,2979700,-0.9819967266775713,-1,-0.004035512510088823,-1,12.39,-1.372074253430185,-1,-1,-1,-1
412,2018-12-17,11.36,4131200,6.885245901639343,1,-0.0794165316045381,-1,12.34,-1.1345218800648345,-1,-1,1,-1
413,2018-12-18,11.66,2866700,-1.3913043478260883,-1,0.026408450704225483,1,11.36,1.2323943661971881,1,1,-1,1
414,2018-12-19,11.18,3426200,4.444444444444441,1,-0.04116638078902235,-1,11.66,0.34305317324184514,1,-1,1,1
415,2018-12-20,11.1,3734600,0.35906642728905674,1,-0.007155635062611854,-1,11.18,-0.3577817531305827,-1,-1,1,-1
416,2018-12-21,10.36,4243400,5.818181818181823,1,-0.06666666666666665,-1,11.1,-0.9009009009008978,-1,-1,1,-1
417,2018-12-24,10.37,1274900,-2.9791459781529186,-1,0.0009652509652509078,1,10.36,-2.799227799227791,-1,1,-1,-1
418,2018-12-26,11.0,3034200,-5.162523900573605,-1,0.06075216972034725,1,10.37,0.867888138862118,1,1,-1,1
419,2018-12-27,10.95,2421100,-1.4828544949026892,-1,-0.00454545454545463,-1,11.0,-1.909090909090917,-1,-1,-1,-1
420,2018-12-28,10.88,2287400,0.9107468123861534,1,-0.00639269406392684,-1,10.95,0.27397260273973645,1,-1,1,1
421,2018-12-31,11.06,1713400,-0.54545454545455,-1,0.016544117647058876,1,10.88,1.102941176470581,1,1,-1,1
422,2019-01-02,11.25,2515600,-3.8781163434903037,-1,0.017179023508137492,1,11.06,-2.0795660036166406,-1,1,-1,-1
423,2019-01-03,10.37,6185200,5.812897366030886,1,-0.0782222222222223,-1,11.25,-2.1333333333333355,-1,-1,1,-1
424,2019-01-04,11.01,4080400,-4.657794676806086,-1,0.061716489874638514,1,10.37,1.4464802314368406,1,1,-1,1
425,2019-01-07,11.21,4233400,-2.0018198362147466,-1,0.01816530426884655,1,11.01,-0.18165304268846116,-1,1,-1,-1
426,2019-01-08,11.51,4291000,-1.4096916299559483,-1,0.02676181980374648,1,11.21,1.248884924174833,1,1,-1,1
427,2019-01-09,11.59,5074100,1.6129032258064475,1,0.0069504778453519656,1,11.51,2.3457862728062517,1,1,1,1
428,2019-01-10,11.92,5063400,-5.022026431718064,-1,0.028472821397756753,1,11.59,-2.070750647109579,-1,1,-1,-1
429,2019-01-11,11.61,3433900,1.6101694915254345,1,-0.026006711409396033,-1,11.92,-1.0067114093959666,-1,-1,1,-1
430,2019-01-14,11.59,2918000,-1.845342706502628,-1,-0.0017226528854435985,-1,11.61,-1.9810508182601092,-1,-1,-1,-1
431,2019-01-15,11.92,2260200,-2.49355116079105,-1,0.028472821397756753,1,11.59,0.3451251078516042,1,1,-1,1
432,2019-01-16,11.89,3817700,0.5852842809364571,1,-0.00251677852348986,-1,11.92,0.33557046979866545,1,-1,1,1
433,2019-01-17,12.34,3667800,-3.872053872053864,-1,0.037846930193439876,1,11.89,-0.08410428931875347,-1,1,-1,-1
434,2019-01-18,12.84,4300300,-1.9857029388403495,-1,0.04051863857374394,1,12.34,2.025931928687196,1,1,-1,1
435,2019-01-22,12.79,3494800,-0.8675078864353267,-1,-0.003894080996884819,-1,12.84,-1.2461059190031165,-1,-1,-1,-1
436,2019-01-23,12.83,3089100,1.8362662586074996,1,0.0031274433150900727,1,12.79,2.1892103205629487,1,1,1,1
437,2019-01-24,13.06,2066800,-1.7926734216679692,-1,0.017926734216679785,1,12.83,0.0,-1,1,-1,-1
438,2019-01-25,13.38,2775800,-1.4404852160727921,-1,0.024502297090352343,1,13.06,0.9954058192955513,1,1,-1,1
439,2019-01-28,13.19,3872000,-0.6102212051868808,-1,-0.01420029895366226,-1,13.38,-2.0179372197309515,-1,-1,-1,-1
440,2019-01-29,12.93,2517500,1.9711902956785428,1,-0.019711902956785377,-1,13.19,0.0,-1,-1,1,-1
441,2019-01-30,13.16,2013700,-0.5347593582887722,-1,0.017788089713843824,1,12.93,1.237432327919568,1,1,-1,1
442,2019-01-31,13.5,3470600,-2.427921092564494,-1,0.02583586626139822,1,13.16,0.15197568389057428,1,1,-1,1
443,2019-02-01,13.61,2314700,-0.5912786400591283,-1,0.008148148148148016,1,13.5,0.2222222222222175,1,1,-1,1
444,2019-02-04,13.84,3779000,-0.6545454545454534,-1,0.01689933872152838,1,13.61,1.0286554004408566,1,1,-1,1
445,2019-02-05,14.0,3289600,-0.14306151645207132,-1,0.011560693641618602,1,13.84,1.0115606936416226,1,1,-1,1
446,2019-02-06,13.69,2797500,2.214285714285718,1,-0.02214285714285713,-1,14.0,0.0,-1,-1,1,-1
447,2019-02-07,13.55,3170800,-0.3703703703703756,-1,-0.010226442658874957,-1,13.69,-1.3878743608473303,-1,-1,-1,-1
448,2019-02-08,13.55,2062700,-0.7434944237918322,-1,0.0,-1,13.55,-0.7380073800738112,-1,-1,-1,-1
449,2019-02-11,13.66,2326600,0.07315288953913524,1,0.008118081180811698,1,13.55,0.8856088560885551,1,1,1,1
450,2019-02-12,13.85,1485400,-0.6540697674418594,-1,0.013909224011712906,1,13.66,0.7320644216691043,1,1,-1,1
451,2019-02-13,13.73,2164800,1.3649425287356287,1,-0.008664259927797735,-1,13.85,0.5054151624548757,1,-1,1,1
452,2019-02-14,13.75,2046500,-1.102941176470591,-1,0.0014566642388929019,1,13.73,-0.9468317552804134,-1,1,-1,-1
453,2019-02-15,13.82,2275500,0.2886002886002824,1,0.005090909090909035,1,13.75,0.7999999999999958,1,1,1,1
454,2019-02-19,13.82,2541800,-0.07241129616219975,-1,0.0,-1,13.82,-0.07235890014471626,-1,-1,-1,-1
455,2019-02-20,13.73,1761600,1.009372746935824,1,-0.0065123010130245795,-1,13.82,0.36179450072358127,1,-1,1,1
456,2019-02-21,13.56,2280500,0.5865102639296192,1,-0.012381646030589999,-1,13.73,-0.6554989075018198,-1,-1,1,-1
457,2019-02-22,13.84,2214700,-1.391941391941388,-1,0.020648967551622377,1,13.56,0.663716814159291,1,1,-1,1
458,2019-02-25,13.87,2266100,0.9285714285714342,1,0.0021676300578035157,1,13.84,1.1560693641618507,1,1,1,1
459,2019-02-26,14.06,2044900,-1.6630513376717313,-1,0.013698630136986356,1,13.87,-0.2883922134102318,-1,1,-1,-1
460,2019-02-27,14.64,3505800,-4.273504273504284,-1,0.04125177809388325,1,14.06,-0.14224751066857289,-1,1,-1,-1
461,2019-02-28,14.57,3699000,0.5460750853242325,1,-0.0047814207650273,-1,14.64,0.06830601092896028,1,-1,1,1
462,2019-03-01,15.15,4886900,-2.6422764227642315,-1,0.03980782429649965,1,14.57,1.304049416609468,1,1,-1,1
463,2019-03-04,14.63,5634100,4.690553745928332,1,-0.03432343234323432,-1,15.15,1.3201320132013155,1,-1,1,1
464,2019-03-05,14.64,2709900,-0.27397260273973234,-1,0.0006835269993163973,1,14.63,-0.20505809979494966,-1,1,-1,-1
465,2019-03-06,14.14,2744300,3.283173734610114,1,-0.03415300546448086,-1,14.64,-0.13661202185793273,-1,-1,1,-1
466,2019-03-07,14.07,2893200,1.124385101897401,1,-0.004950495049504955,-1,14.14,0.6364922206506355,1,-1,1,1
467,2019-03-08,13.83,2316100,-0.728332119446465,-1,-0.017057569296375252,-1,14.07,-2.416488983653162,-1,-1,-1,-1
468,2019-03-11,14.28,4181800,-0.2808988764044884,-1,0.03253796095444672,1,13.83,2.9645697758496032,1,1,-1,1
469,2019-03-12,14.36,4678600,1.1019283746556485,1,0.0056022408963585235,1,14.28,1.6806722689075646,1,1,1,1
470,2019-03-13,14.61,10030400,-0.06849315068493005,-1,0.017409470752089096,1,14.36,1.6713091922005585,1,1,-1,1
471,2019-03-14,11.71,37719200,9.853733641262505,1,-0.19849418206707725,-1,14.61,-11.088295687885005,-1,-1,1,-1
472,2019-03-15,11.67,14190600,2.2613065326633133,1,-0.003415883859948843,-1,11.71,1.9641332194705263,1,-1,1,1
473,2019-03-18,11.8,9809800,-1.7241379310344922,-1,0.011139674378749076,1,11.67,-0.5998286203941755,-1,1,-1,-1
474,2019-03-19,11.85,7815900,-0.33869602032175394,-1,0.004237288135593209,1,11.8,0.0847457627118626,1,1,-1,1
475,2019-03-20,11.46,6946700,2.716468590831906,1,-0.032911392405063244,-1,11.85,-0.5907172995780615,-1,-1,1,-1
476,2019-03-21,11.63,5957900,-2.466960352422918,-1,0.014834205933682343,1,11.46,-0.9598603839441641,-1,1,-1,-1
477,2019-03-22,11.07,7032300,5.141388174807195,1,-0.048151332760103194,-1,11.63,0.3439380911435868,1,-1,1,1
478,2019-03-25,11.04,4706700,-0.3636363636363559,-1,-0.0027100271002711285,-1,11.07,-0.6323396567299032,-1,-1,-1,-1
479,2019-03-26,10.95,4656700,1.7055655296229915,1,-0.008152173913043459,-1,11.04,0.9057971014492883,1,-1,1,1
480,2019-03-27,10.67,6076900,3.0881017257039045,1,-0.025570776255707695,-1,10.95,0.5479452054794567,1,-1,1,1
481,2019-03-28,10.71,5681800,0.0,-1,0.0037488284910967007,1,10.67,0.37488284910966185,1,1,-1,1
482,2019-03-29,10.94,3272400,-1.296296296296285,-1,0.02147525676937434,1,10.71,0.8403361344537801,1,1,-1,1
483,2019-04-01,11.04,3556300,0.7194244604316554,1,0.009140767824497242,1,10.94,1.6453382084095038,1,1,1,1
484,2019-04-02,11.31,4799200,-2.91173794358508,-1,0.0244565217391306,1,11.04,-0.4528985507246281,-1,1,-1,-1
485,2019-04-03,11.4,3863100,-0.79575596816976,-1,0.007957559681697646,1,11.31,0.0,-1,1,-1,-1
486,2019-04-04,11.04,3437300,2.8169014084507067,1,-0.03157894736842115,-1,11.4,-0.3508771929824642,-1,-1,1,-1
487,2019-04-05,11.11,3211400,-0.36133694670279265,-1,0.006340579710145011,1,11.04,0.2717391304347929,1,1,-1,1
488,2019-04-08,11.66,6136800,-3.552397868561282,-1,0.04950495049504955,1,11.11,1.3501350135013535,1,1,-1,1
489,2019-04-09,11.57,5343900,-0.08650519031141683,-1,-0.007718696397941649,-1,11.66,-0.8576329331046282,-1,-1,-1,-1
490,2019-04-10,11.63,3955000,-0.4317789291882618,-1,0.005185825410544576,1,11.57,0.08643042350907336,1,1,-1,1
491,2019-04-11,11.44,3027300,2.054794520547947,1,-0.016337059329320835,-1,11.63,0.4299226139294835,1,-1,1,1
492,2019-04-12,11.55,2695900,-0.08665511265166,-1,0.009615384615384803,1,11.44,0.8741258741258711,1,1,-1,1
493,2019-04-15,11.45,2063700,0.6076388888888914,1,-0.008658008658008809,-1,11.55,-0.2597402597402696,-1,-1,1,-1
494,2019-04-16,11.43,2436200,0.6086956521739155,1,-0.0017467248908296096,-1,11.45,0.4366812227074298,1,-1,1,1
495,2019-04-17,11.0,3941600,4.3478260869565215,1,-0.03762029746281714,-1,11.43,0.6124234470691189,1,-1,1,1
496,2019-04-18,10.8,3463700,1.1893870082342086,1,-0.018181818181818077,-1,11.0,-0.636363636363639,-1,-1,1,-1
497,2019-04-22,10.81,2089300,-0.4646840148698951,-1,0.0009259259259259967,1,10.8,-0.3703703703703789,-1,1,-1,-1
498,2019-04-23,10.94,5440800,-0.8294930875576024,-1,0.012025901942645634,1,10.81,0.3700277520813982,1,1,-1,1
499,2019-04-24,10.84,2196900,1.4545454545454557,1,-0.009140767824497242,-1,10.94,0.5484460694698401,1,-1,1,1
500,2019-04-25,10.83,3180900,1.095890410958897,1,-0.0009225092250921829,-1,10.84,1.0147601476014707,1,-1,1,1
501,2019-04-26,10.83,2106800,0.0,-1,0.0,-1,10.83,0.0,-1,-1,-1,-1
502,2019-04-29,11.2,4141200,-3.2258064516129004,-1,0.03416435826408115,1,10.83,0.18467220683286772,1,1,-1,1
503,2019-04-30,11.13,3066700,0.44722719141322836,1,-0.006249999999999867,-1,11.2,-0.17857142857142477,-1,-1,1,-1
504,2019-05-01,11.0,2470900,1.7857142857142794,1,-0.011680143755615546,-1,11.13,0.6289308176100494,1,-1,1,1
505,2019-05-02,11.02,2538700,-0.18181818181817794,-1,0.0018181818181817189,1,11.0,0.0,-1,1,-1,-1
506,2019-05-03,11.14,2609500,0.2685765443151241,1,0.010889292196007316,1,11.02,1.3611615245009108,1,1,1,1
507,2019-05-06,11.18,2531700,-3.518518518518509,-1,0.0035906642728904536,1,11.14,-3.0520646319569105,-1,1,-1,-1
508,2019-05-07,10.77,3569100,2.1798365122615824,1,-0.03667262969588547,-1,11.18,-1.5205724508050082,-1,-1,1,-1
509,2019-05-08,10.7,2229300,0.18656716417911706,1,-0.006499535747446661,-1,10.77,-0.4642525533890338,-1,-1,1,-1
510,2019-05-09,10.6,3641300,-0.5692599620493406,-1,-0.009345794392523366,-1,10.7,-1.4953271028037398,-1,-1,-1,-1
511,2019-05-10,10.55,3152500,-0.476190476190483,-1,-0.004716981132075415,-1,10.6,-0.943396226415091,-1,-1,-1,-1
512,2019-05-13,10.0,6478000,1.9607843137254832,1,-0.05213270142180104,-1,10.55,-3.31753554502371,-1,-1,1,-1
513,2019-05-14,10.29,2681100,-1.8811881188118762,-1,0.028999999999999915,1,10.0,0.9999999999999963,1,1,-1,1
514,2019-05-15,10.61,3334600,-4.7384007897334515,-1,0.03109815354713308,1,10.29,-1.5549076773566413,-1,1,-1,-1
515,2019-05-16,10.83,2842000,-1.8814675446848474,-1,0.020735155513666337,1,10.61,0.18850141376061594,1,1,-1,1
516,2019-05-17,10.67,2664300,-0.3762935089369628,-1,-0.014773776546629702,-1,10.83,-1.84672206832871,-1,-1,-1,-1
517,2019-05-20,10.32,3354700,1.2440191387559716,1,-0.03280224929709463,-1,10.67,-2.061855670103099,-1,-1,1,-1
518,2019-05-21,10.64,1853200,-1.0446343779677227,-1,0.03100775193798455,1,10.32,2.0348837209302237,1,1,-1,1
519,2019-05-22,10.75,1732000,-1.8957345971563913,-1,0.010338345864661536,1,10.64,-0.8458646616541339,-1,1,-1,-1
520,2019-05-23,9.78,11205200,4.117647058823529,1,-0.0902325581395349,-1,10.75,-5.116279069767449,-1,-1,1,-1
521,2019-05-24,9.57,4666500,2.842639593908623,1,-0.021472392638036686,-1,9.78,0.7157464212678966,1,-1,1,1
522,2019-05-28,9.55,3249800,0.6243496357960325,1,-0.002089864158829613,-1,9.57,0.4179728317659263,1,-1,1,1
523,2019-05-29,9.41,3551100,0.10615711252653702,1,-0.01465968586387445,-1,9.55,-1.361256544502626,-1,-1,1,-1
524,2019-05-30,9.33,2926500,0.8501594048884173,1,-0.008501594048884176,-1,9.41,0.0,-1,-1,1,-1
525,2019-05-31,9.17,3455600,-1.1025358324145496,-1,-0.017148981779206873,-1,9.33,-2.7867095391211123,-1,-1,-1,-1
526,2019-06-03,8.73,5996800,5.108695652173901,1,-0.04798255179934563,-1,9.17,0.3271537622682591,1,-1,1,1
527,2019-06-04,9.11,5458900,-3.1710079275198115,-1,0.04352806414662069,1,8.73,1.145475372279492,1,1,-1,1
528,2019-06-05,8.8,17656500,4.347826086956506,1,-0.034028540065861534,-1,9.11,0.9879253567508218,1,-1,1,1
529,2019-06-06,5.21,57916600,3.6968576709796706,1,-0.40795454545454546,-1,8.8,-38.52272727272727,-1,-1,1,-1
530,2019-06-07,5.1,22741000,3.2258064516129026,1,-0.021113243761996192,-1,5.21,1.151631477927056,1,-1,1,1
531,2019-06-10,5.18,16134600,0.9560229445506827,1,0.015686274509803866,1,5.1,2.5490196078431526,1,1,1,1
532,2019-06-11,5.09,17800000,2.115384615384621,1,-0.01737451737451734,-1,5.18,0.38610038610039504,1,-1,1,1
533,2019-06-12,5.05,10510700,3.809523809523813,1,-0.007858546168958758,-1,5.09,3.1434184675834995,1,-1,1,1
534,2019-06-13,5.36,10339600,-4.892367906066536,-1,0.06138613861386144,1,5.05,1.188118811881198,1,1,-1,1
535,2019-06-14,5.29,11018000,0.936329588014978,1,-0.013059701492537323,-1,5.36,-0.3731343283582175,-1,-1,1,-1
536,2019-06-17,5.76,16288700,-7.663551401869162,-1,0.08884688090737236,1,5.29,1.1342155009451722,1,1,-1,1
537,2019-06-18,5.75,11714400,1.032702237521508,1,-0.0017361111111110494,-1,5.76,0.8680555555555525,1,-1,1,1
538,2019-06-19,5.73,4933300,1.2068965517241275,1,-0.003478260869565153,-1,5.75,0.8695652173913012,1,-1,1,1
539,2019-06-20,5.73,4853400,1.2068965517241275,1,0.0,-1,5.73,1.221640488656185,1,-1,1,1
540,2019-06-21,5.77,17291200,3.1879194630872547,1,0.00698080279232105,1,5.73,4.013961605584634,1,1,1,1
541,2019-06-24,5.53,8187600,4.325259515570934,1,-0.041594454072790166,-1,5.77,0.17331022530330462,1,-1,1,1
542,2019-06-25,5.39,8613900,2.3550724637681144,1,-0.025316455696202667,-1,5.53,-0.18083182640145887,-1,-1,1,-1
543,2019-06-26,5.28,7799700,3.11926605504587,1,-0.020408163265306034,-1,5.39,1.1131725417439797,1,-1,1,1
544,2019-06-27,5.32,4141000,-1.9157088122605466,-1,0.007575757575757569,1,5.28,-1.1363636363636458,-1,1,-1,-1
545,2019-06-28,5.26,16343300,1.1278195488721898,1,-0.011278195488721887,-1,5.32,0.0,-1,-1,1,-1
546,2019-07-01,5.31,5095900,0.5617977528089935,1,0.009505703422053147,1,5.26,1.5209125475285186,1,1,1,1
547,2019-07-02,5.17,4487400,3.001876172607883,1,-0.026365348399246646,-1,5.31,0.3766478342749617,1,-1,1,1
548,2019-07-03,5.23,3810600,0.0,-1,0.011605415860735047,1,5.17,1.1605415860735107,1,1,-1,1
549,2019-07-05,5.24,3306500,-0.3831417624521162,-1,0.0019120458891013214,1,5.23,-0.19120458891014674,-1,1,-1,-1
550,2019-07-08,5.1,5364400,2.1113243761996223,1,-0.026717557251908497,-1,5.24,-0.5725190839694704,-1,-1,1,-1
551,2019-07-09,5.11,4618500,-0.9881422924901326,-1,0.0019607843137257053,1,5.1,-0.7843137254901967,-1,1,-1,-1
552,2019-07-10,5.15,5717600,0.0,-1,0.007827788649706457,1,5.11,0.7827788649706464,1,1,-1,1
553,2019-07-11,5.18,7104200,-0.3875968992247979,-1,0.005825242718446422,1,5.15,0.19417475728154926,1,1,-1,1
554,2019-07-12,5.25,7378300,-0.9615384615384581,-1,0.013513513513513598,1,5.18,0.38610038610039504,1,1,-1,1
555,2019-07-15,5.25,6100100,-0.19083969465648445,-1,0.0,-1,5.25,-0.1904761904761864,-1,-1,-1,-1
556,2019-07-16,5.38,14284100,-2.476190476190474,-1,0.024761904761904763,1,5.25,0.0,-1,1,-1,-1
557,2019-07-17,5.48,10625400,-1.4814814814814827,-1,0.01858736059479571,1,5.38,0.3717472118959194,1,1,-1,1
558,2019-07-18,5.55,10244100,-0.7259528130671513,-1,0.012773722627737127,1,5.48,0.5474452554744409,1,1,-1,1
559,2019-07-19,5.66,7374100,-1.9819819819819877,-1,0.01981981981981984,1,5.55,0.0,-1,1,-1,-1
560,2019-07-22,5.85,7745900,-3.1746031746031695,-1,0.03356890459363959,1,5.66,0.1766784452296782,1,1,-1,1
561,2019-07-23,5.81,6218300,2.3529411764705976,1,-0.006837606837606813,-1,5.85,1.7094017094017186,1,-1,1,1
562,2019-07-24,5.88,3268600,-1.5544041450777177,-1,0.012048192771084487,1,5.81,-0.34423407917383086,-1,1,-1,-1
563,2019-07-25,5.79,5288400,1.1945392491467623,1,-0.015306122448979553,-1,5.88,-0.3401360544217614,-1,-1,1,-1
564,2019-07-26,6.01,5111000,-3.0874785591766676,-1,0.03799654576856648,1,5.79,0.6908462867012095,1,1,-1,1
565,2019-07-29,5.99,7574200,0.4983388704318831,1,-0.0033277870216305017,-1,6.01,0.16638935108152725,1,-1,1,1
566,2019-07-30,6.0,4431100,-2.214650766609879,-1,0.0016694490818029983,1,5.99,-2.0033388981636078,-1,1,-1,-1
567,2019-07-31,5.98,6512100,0.49916805324458174,1,-0.0033333333333332993,-1,6.0,0.16666666666666313,1,-1,1,1
568,2019-08-01,6.35,21810100,-6.187290969899652,-1,0.0618729096989965,1,5.98,0.0,-1,1,-1,-1
569,2019-08-02,6.6,30206300,8.965517241379315,1,0.03937007874015741,1,6.35,14.173228346456698,1,1,1,1
570,2019-08-05,6.48,13193100,0.30769230769230116,1,-0.018181818181818077,-1,6.6,-1.5151515151515098,-1,-1,1,-1
571,2019-08-06,6.42,11490100,2.727272727272723,1,-0.0092592592592593,-1,6.48,1.8518518518518396,1,-1,1,1
572,2019-08-07,6.73,13277800,-6.656101426307462,-1,0.04828660436137078,1,6.42,-1.7133956386292886,-1,1,-1,-1
573,2019-08-08,7.01,27138700,-0.86330935251798,-1,0.04160475482912318,1,6.73,3.2689450222882575,1,1,-1,1
574,2019-08-09,7.0,12171900,-0.43041606886657463,-1,-0.0014265335235377208,-1,7.01,-0.5706134094151218,-1,-1,-1,-1
575,2019-08-12,6.69,14080100,5.774647887323933,1,-0.04428571428571426,-1,7.0,1.4285714285714235,1,-1,1,1
576,2019-08-13,6.76,7400900,-1.501501501501496,-1,0.010463378176382543,1,6.69,-0.44843049327354634,-1,1,-1,-1
577,2019-08-14,6.51,7102700,1.3636363636363615,1,-0.03698224852071008,-1,6.76,-2.3668639053254457,-1,-1,1,-1
578,2019-08-15,6.46,4205100,2.4169184290030232,1,-0.007680491551459223,-1,6.51,1.6897081413210495,1,-1,1,1
579,2019-08-16,6.68,6088400,-2.6113671274961585,-1,0.034055727554179516,1,6.46,0.7739938080495329,1,1,-1,1
580,2019-08-19,6.7,5605800,1.1799410029498536,1,0.0029940119760478723,1,6.68,1.4970059880239601,1,1,1,1
581,2019-08-20,6.79,3025500,-1.4947683109118033,-1,0.013432835820895495,1,6.7,-0.1492537313432804,-1,1,-1,-1
582,2019-08-21,6.83,6461500,0.1461988304093536,1,0.00589101620029453,1,6.79,0.7363770250368162,1,1,1,1
583,2019-08-22,6.86,6417200,-0.4392386530014678,-1,0.004392386530014614,1,6.83,0.0,-1,1,-1,-1
584,2019-08-23,6.67,6994300,2.627737226277368,1,-0.0276967930029155,-1,6.86,-0.14577259475219642,-1,-1,1,-1
585,2019-08-26,6.87,4160500,-1.327433628318582,-1,0.029985007496251992,1,6.67,1.649175412293858,1,1,-1,1
586,2019-08-27,6.8,5012100,1.4492753623188481,1,-0.010189228529839944,-1,6.87,0.4366812227074272,1,-1,1,1
587,2019-08-28,6.76,4065000,0.29498525073746995,1,-0.00588235294117645,-1,6.8,-0.29411764705881727,-1,-1,1,-1
588,2019-08-29,7.02,5940900,-3.235294117647055,-1,0.038461538461538325,1,6.76,0.5917159763313614,1,1,-1,1
589,2019-08-30,7.14,5967700,-0.9900990099009814,-1,0.017094017094017033,1,7.02,0.7122507122507225,1,1,-1,1
590,2019-09-03,7.18,9055200,-1.8439716312056722,-1,0.0056022408963585235,1,7.14,-1.2605042016806705,-1,1,-1,-1
591,2019-09-04,7.21,19469800,1.2328767123287652,1,0.00417827298050133,1,7.18,1.6713091922005585,1,1,1,1
592,2019-09-05,8.28,51450400,-1.470588235294108,-1,0.14840499306518717,1,7.21,13.176144244105412,1,1,-1,1
593,2019-09-06,8.8,18406200,-5.515587529976029,-1,0.06280193236715004,1,8.28,0.7246376811594264,1,1,-1,1
594,2019-09-09,8.76,20039400,0.5675368898978514,1,-0.00454545454545463,-1,8.8,0.1136363636363612,1,-1,1,1
595,2019-09-10,9.04,17427500,-3.3142857142857043,-1,0.031963470319634535,1,8.76,-0.11415525114155008,-1,1,-1,-1
596,2019-09-11,9.44,13023300,-3.9647577092510953,-1,0.04424778761061954,1,9.04,0.4424778761062049,1,1,-1,1
597,2019-09-12,9.2,14342800,2.5423728813559343,1,-0.025423728813559365,-1,9.44,0.0,-1,-1,1,-1
598,2019-09-13,8.92,8691200,3.0434782608695583,1,-0.030434782608695587,-1,9.2,0.0,-1,-1,1,-1
599,2019-09-16,8.99,7284800,-2.978235967926687,-1,0.007847533632286963,1,8.92,-2.1300448430493217,-1,1,-1,-1
600,2019-09-17,8.91,5372700,-0.11235955056179536,-1,-0.008898776418242549,-1,8.99,-1.0011123470522787,-1,-1,-1,-1
601,2019-09-18,8.74,10230500,1.1312217194570096,1,-0.019079685746352437,-1,8.91,-0.7856341189674555,-1,-1,1,-1
602,2019-09-19,8.68,5695000,0.2298850574712595,1,-0.006864988558352492,-1,8.74,-0.45766590389017076,-1,-1,1,-1
603,2019-09-20,9.01,7619500,-3.921568627450979,-1,0.03801843317972353,1,8.68,-0.11520737327188695,-1,1,-1,-1
604,2019-09-23,9.05,4625600,-1.004464285714284,-1,0.004439511653718142,1,9.01,-0.5549389567147496,-1,1,-1,-1
605,2019-09-24,9.0,6159500,1.2074643249176666,1,-0.005524861878453136,-1,9.05,0.6629834254143504,1,-1,1,1
606,2019-09-25,9.09,4421400,-0.6644518272425305,-1,0.010000000000000009,1,9.0,0.33333333333332626,1,1,-1,1
607,2019-09-26,8.96,3190600,0.8849557522123707,1,-0.014301430143014215,-1,9.09,-0.5500550055005579,-1,-1,1,-1
608,2019-09-27,8.79,10586000,1.7877094972067056,1,-0.018973214285714524,-1,8.96,-0.11160714285716028,-1,-1,1,-1
609,2019-09-30,8.86,3534800,-0.5675368898978312,-1,0.007963594994311762,1,8.79,0.22753128555177876,1,1,-1,1
610,2019-10-01,8.74,3530300,1.7977528089887655,1,-0.013544018058690654,-1,8.86,0.45146726862303527,1,-1,1,1
611,2019-10-02,8.15,8468300,6.105990783410132,1,-0.06750572082379858,-1,8.74,-0.686498855835246,-1,-1,1,-1
612,2019-10-03,8.35,5394700,-3.341584158415836,-1,0.024539877300613355,1,8.15,-0.8588957055214758,-1,1,-1,-1
613,2019-10-04,8.59,3433500,-2.0190023752969113,-1,0.028742514970059974,1,8.35,0.8383233532934166,1,1,-1,1
614,2019-10-07,8.74,3755000,-2.1028037383177534,-1,0.017462165308498312,1,8.59,-0.34924330616995763,-1,1,-1,-1
615,2019-10-08,8.55,3450900,0.5813953488371969,1,-0.021739130434782594,-1,8.74,-1.601830663615567,-1,-1,1,-1
616,2019-10-09,8.56,2597400,1.1547344110854463,1,0.0011695906432749315,1,8.55,1.2865497076023324,1,1,1,1
617,2019-10-10,8.36,4133900,2.222222222222237,1,-0.02336448598130858,-1,8.56,-0.11682242990653956,-1,-1,1,-1
618,2019-10-11,8.5,4145300,0.0,-1,0.01674641148325362,1,8.36,1.6746411483253658,1,1,-1,1
619,2019-10-14,8.58,1896900,-1.1792452830188638,-1,0.009411764705882453,1,8.5,-0.23529411764705382,-1,1,-1,-1
620,2019-10-15,8.81,3607700,-2.6806526806526856,-1,0.026806526806526954,1,8.58,0.0,-1,1,-1,-1
621,2019-10-16,8.93,3633800,-1.4772727272727157,-1,0.01362088535754813,1,8.81,-0.11350737797956624,-1,1,-1,-1
622,2019-10-17,8.95,3398300,0.0,-1,0.002239641657334701,1,8.93,0.22396416573347788,1,1,-1,1
623,2019-10-18,8.67,3488100,2.4746906636670487,1,-0.031284916201117285,-1,8.95,-0.6703910614524997,-1,-1,1,-1
624,2019-10-21,8.96,3153800,-2.2831050228310628,-1,0.033448673587082034,1,8.67,1.0380622837370226,1,1,-1,1
625,2019-10-22,8.89,2628400,0.8918617614269795,1,-0.0078125,-1,8.96,0.11160714285714046,1,-1,1,1
626,2019-10-23,8.85,2598300,0.5617977528089967,1,-0.004499437570303799,-1,8.89,0.1124859392575904,1,-1,1,1
627,2019-10-24,8.91,2286100,-0.2249718785151808,-1,0.006779661016949268,1,8.85,0.45197740112995394,1,1,-1,1
628,2019-10-25,8.89,2522300,-0.1126126126126102,-1,-0.002244668911335568,-1,8.91,-0.3367003367003295,-1,-1,-1,-1
629,2019-10-28,8.84,3577900,1.4492753623188492,1,-0.0056242969628796935,-1,8.89,0.8998875140607432,1,-1,1,1
630,2019-10-29,8.76,2917300,0.454545454545465,1,-0.009049773755656076,-1,8.84,-0.4524886877827958,-1,-1,1,-1
631,2019-10-30,8.67,1971100,0.8009153318077835,1,-0.010273972602739656,-1,8.76,-0.22831050228310015,-1,-1,1,-1
632,2019-10-31,8.48,3257200,2.191464821222601,1,-0.021914648212225996,-1,8.67,0.0,-1,-1,1,-1
633,2019-11-01,8.64,3275700,-0.9345794392523372,-1,0.018867924528301883,1,8.48,0.9433962264150951,1,1,-1,1
634,2019-11-04,9.0,4986000,-2.6225769669327303,-1,0.04166666666666652,1,8.64,1.504629629629618,1,1,-1,1
635,2019-11-05,8.91,2972700,1.109877913429519,1,-0.010000000000000009,-1,9.0,0.11111111111110875,1,-1,1,1
636,2019-11-06,8.72,2846600,2.0224719101123565,1,-0.021324354657687894,-1,8.91,-0.1122334455667765,-1,-1,1,-1
637,2019-11-07,8.66,2262300,1.4789533560864507,1,-0.006880733944954143,-1,8.72,0.8027522935779645,1,-1,1,1
638,2019-11-08,8.75,2228900,-1.5081206496519812,-1,0.010392609699769073,1,8.66,-0.4618937644341908,-1,1,-1,-1
639,2019-11-11,8.74,1819900,-0.4597701149425394,-1,-0.0011428571428571122,-1,8.75,-0.5714285714285796,-1,-1,-1,-1
640,2019-11-12,8.67,2680500,0.6872852233677033,1,-0.008009153318077833,-1,8.74,-0.1144164759725376,-1,-1,1,-1
641,2019-11-13,8.48,2679900,1.5098722415795471,1,-0.021914648212225996,-1,8.67,-0.6920415224913552,-1,-1,1,-1
642,2019-11-14,8.54,3056100,-1.065088757396448,-1,0.007075471698112956,1,8.48,-0.3537735849056738,-1,1,-1,-1
643,2019-11-15,8.76,4411600,-1.6241299303944383,-1,0.025761124121779888,1,8.54,0.9367681498829048,1,1,-1,1
644,2019-11-18,8.87,3226200,-1.3714285714285626,-1,0.01255707762557079,1,8.76,-0.11415525114155008,-1,1,-1,-1
645,2019-11-19,8.93,3394900,-0.6764374295377734,-1,0.006764374295377795,1,8.87,0.0,-1,1,-1,-1
646,2019-11-20,9.39,7088200,-5.981941309255092,-1,0.05151175811870101,1,8.93,-0.7838745800671924,-1,1,-1,-1
647,2019-11-21,9.15,5116100,3.072033898305076,1,-0.025559105431309903,-1,9.39,0.5324813631522783,1,-1,1,1
648,2019-11-22,9.44,3899400,-2.164502164502157,-1,0.03169398907103815,1,9.15,0.9836065573770475,1,1,-1,1
649,2019-11-25,9.6,4175400,-1.6949152542372898,-1,0.016949152542372836,1,9.44,0.0,-1,1,-1,-1
650,2019-11-26,9.76,4736000,-1.5608740894901183,-1,0.016666666666666607,1,9.6,0.10416666666666445,1,1,-1,1
651,2019-11-27,9.95,4080400,-1.5306122448979447,-1,0.019467213114753967,1,9.76,0.40983606557377994,1,1,-1,1
652,2019-11-29,9.88,2621400,0.3027245206861691,1,-0.007035175879396838,-1,9.95,-0.40201005025124775,-1,-1,1,-1
653,2019-12-02,9.78,6098800,1.4112903225806508,1,-0.010121457489878694,-1,9.88,0.40485829959513303,1,-1,1,1
654,2019-12-03,9.98,6087200,-4.284221525600837,-1,0.020449897750511425,1,9.78,-2.1472392638036717,-1,1,-1,-1
655,2019-12-04,9.85,5926200,2.5717111770524212,1,-0.013026052104208485,-1,9.98,1.3026052104208317,1,-1,1,1
656,2019-12-05,10.01,6528500,-1.3157894736842004,-1,0.01624365482233503,1,9.85,0.3045685279187933,1,1,-1,1
657,2019-12-06,10.88,20835800,-1.9681349578256873,-1,0.08691308691308697,1,10.01,6.593406593406595,1,1,-1,1
658,2019-12-09,11.31,10134600,-4.239631336405538,-1,0.03952205882352944,1,10.88,-0.27573529411765746,-1,1,-1,-1
659,2019-12-10,11.06,8323600,0.7181328545780976,1,-0.02210433244915999,-1,11.31,-1.5030946065428816,-1,-1,1,-1
660,2019-12-11,10.87,4775400,1.5398550724637676,1,-0.017179023508137492,-1,11.06,-0.18083182640145887,-1,-1,1,-1
661,2019-12-12,10.96,3644400,-1.0138248847926379,-1,0.008279668813247598,1,10.87,-0.1839926402943843,-1,1,-1,-1
662,2019-12-13,11.04,4722000,-0.3636363636363559,-1,0.007299270072992581,1,10.96,0.3649635036496272,1,1,-1,1
663,2019-12-16,11.27,6240800,-1.9909502262443333,-1,0.02083333333333348,1,11.04,0.0905797101449417,1,1,-1,1
664,2019-12-17,11.16,4541800,0.7117437722419936,1,-0.00976042590949422,-1,11.27,-0.2661934338952916,-1,-1,1,-1
665,2019-12-18,11.24,6237900,-0.8071748878923753,-1,0.007168458781362075,1,11.16,-0.08960573476702319,-1,1,-1,-1
666,2019-12-19,11.21,6137700,0.17809439002671035,1,-0.002669039145907437,-1,11.24,-0.08896797153024721,-1,-1,1,-1
667,2019-12-20,11.37,7100900,-0.9769094138543467,-1,0.014272970561998166,1,11.21,0.4460303300624347,1,1,-1,1
668,2019-12-23,11.89,7040000,-5.501330967169485,-1,0.04573438874230451,1,11.37,-0.8795074758135414,-1,1,-1,-1
669,2019-12-24,11.9,1684800,-0.08410428931875347,-1,0.000841042893187538,1,11.89,0.0,-1,1,-1,-1
670,2019-12-26,11.97,2975400,-0.2512562814070447,-1,0.00588235294117645,1,11.9,0.3361344537815054,1,1,-1,1
671,2019-12-27,11.77,5573000,1.8348623853211061,1,-0.01670843776106945,-1,11.97,0.16708437761068984,1,-1,1,1
672,2019-12-30,11.44,3245800,2.9686174724342633,1,-0.028037383177570097,-1,11.77,0.1699235344095121,1,-1,1,1
673,2019-12-31,11.63,3019800,-1.6608391608391722,-1,0.01660839160839167,1,11.44,0.0,-1,1,-1,-1
674,2020-01-02,11.6,3340100,1.1082693947144142,1,-0.00257953568357705,-1,11.63,0.8598452278589822,1,-1,1,1
675,2020-01-03,11.31,3578500,0.7894736842105251,1,-0.02499999999999991,-1,11.6,-1.7241379310344769,-1,-1,1,-1
676,2020-01-06,11.5,3458200,-3.324348607367468,-1,0.016799292661361598,1,11.31,-1.59151193633952,-1,1,-1,-1
677,2020-01-07,11.52,3660400,1.2006861063464884,1,0.0017391304347824654,1,11.5,1.3913043478260883,1,1,1,1
678,2020-01-08,11.98,6028800,-3.7229437229437203,-1,0.03993055555555558,1,11.52,0.26041666666667657,1,1,-1,1
679,2020-01-09,11.93,4120900,1.4049586776859497,1,-0.004173622704507607,-1,11.98,1.0016694490817963,1,-1,1,1
680,2020-01-10,11.81,3613300,1.501251042535444,1,-0.010058675607711565,-1,11.93,0.5029337803855868,1,-1,1,1
681,2020-01-13,11.74,4340500,0.25488530161426814,1,-0.00592718035563089,-1,11.81,-0.338696020321769,-1,-1,1,-1
682,2020-01-14,11.58,12512200,3.258145363408526,1,-0.013628620102214661,-1,11.74,1.9591141396933596,1,-1,1,1
683,2020-01-15,11.52,4924800,0.4321521175453821,1,-0.005181347150259086,-1,11.58,-0.08635578583764929,-1,-1,1,-1
684,2020-01-16,11.63,3507400,-0.17226528854436995,-1,0.00954861111111116,1,11.52,0.7812499999999988,1,1,-1,1
685,2020-01-17,11.56,3192500,1.2809564474807886,1,-0.006018916595012969,-1,11.63,0.6878761822871888,1,-1,1,1
686,2020-01-21,11.31,4408700,1.4808362369337973,1,-0.021626297577854725,-1,11.56,-0.6920415224913501,-1,-1,1,-1
687,2020-01-22,11.41,2342700,-0.6172839506172865,-1,0.008841732979663952,1,11.31,0.2652519893899148,1,1,-1,1
688,2020-01-23,11.44,3516800,-0.5272407732864562,-1,0.002629272567922891,1,11.41,-0.2629272567922819,-1,1,-1,-1
689,2020-01-24,11.38,3233400,1.471861471861471,1,-0.005244755244755095,-1,11.44,0.9615384615384722,1,-1,1,1
690,2020-01-27,11.03,2581300,-0.8226691042047519,-1,-0.030755711775044103,-1,11.38,-3.866432337434106,-1,-1,-1,-1
691,2020-01-28,11.2,2063200,-0.5385996409335612,-1,0.015412511332728807,1,11.03,0.9972801450589411,1,1,-1,1
692,2020-01-29,11.02,2252800,1.957295373665486,1,-0.016071428571428514,-1,11.2,0.3571428571428654,1,-1,1,1
693,2020-01-30,10.73,3605800,1.4692378328741977,1,-0.02631578947368418,-1,11.02,-1.1796733212341108,-1,-1,1,-1
694,2020-01-31,10.29,6076200,3.6516853932584326,1,-0.041006523765144576,-1,10.73,-0.4659832246039209,-1,-1,1,-1
695,2020-02-03,10.54,3490500,-1.7374517374517346,-1,0.024295432458697697,1,10.29,0.6802721088435403,1,1,-1,1
696,2020-02-04,10.61,3795900,1.2104283054003797,1,0.006641366223908873,1,10.54,1.89753320683113,1,1,1,1
697,2020-02-05,10.59,2186600,1.4883720930232571,1,-0.0018850141376060003,-1,10.61,1.3195098963242278,1,-1,1,1
698,2020-02-06,10.76,2926300,-1.0328638497652527,-1,0.016052880075543063,1,10.59,0.5665722379603446,1,1,-1,1
699,2020-02-07,10.65,1580600,0.9302325581395315,1,-0.010223048327137496,-1,10.76,-0.09293680297397572,-1,-1,1,-1
700,2020-02-10,10.51,2380000,0.8490566037735837,1,-0.013145539906103343,-1,10.65,-0.46948356807512404,-1,-1,1,-1
701,2020-02-11,10.61,3346000,-0.28355387523628883,-1,0.009514747859181716,1,10.51,0.6660323501427239,1,1,-1,1
702,2020-02-12,10.95,4016300,-2.8169014084506943,-1,0.03204524033930256,1,10.61,0.3770028275212151,1,1,-1,1
703,2020-02-13,10.91,2850300,-0.8317929759704239,-1,-0.0036529680365295913,-1,10.95,-1.1872146118721372,-1,-1,-1,-1
704,2020-02-14,10.93,3233600,0.09140767824497063,1,0.0018331805682858526,1,10.91,0.27497708524289055,1,1,1,1
705,2020-02-18,10.77,2031900,0.6457564575645782,1,-0.014638609332113472,-1,10.93,-0.8234217749313802,-1,-1,1,-1
706,2020-02-19,11.06,2177800,-1.93548387096775,-1,0.026926648096564643,1,10.77,0.7428040854224706,1,1,-1,1
707,2020-02-20,11.06,2921600,-0.2719854941069913,-1,0.0,-1,11.06,-0.27124773960218024,-1,-1,-1,-1
708,2020-02-21,10.85,3057500,1.8099547511312313,1,-0.018987341772152,-1,11.06,-0.0904159132007214,-1,-1,1,-1
709,2020-02-24,10.2,4263900,0.6815968841285325,1,-0.05990783410138256,-1,10.85,-5.345622119815669,-1,-1,1,-1
710,2020-02-25,9.79,5013400,4.766536964980547,1,-0.04019607843137252,-1,10.2,0.7843137254901967,1,-1,1,1
711,2020-02-26,9.47,4617000,3.0706243602865806,1,-0.032686414708886447,-1,9.79,-0.20429009193053704,-1,-1,1,-1
712,2020-02-27,8.91,9102400,1.6556291390728517,1,-0.05913410770855343,-1,9.47,-4.32946145723337,-1,-1,1,-1
713,2020-02-28,8.9,7478200,-4.5828437132785025,-1,-0.001122334455667784,-1,8.91,-4.4893378226711596,-1,-1,-1,-1
714,2020-03-02,9.1,4826800,-1.5624999999999862,-1,0.022471910112359383,1,8.9,0.674157303370792,1,1,-1,1
715,2020-03-03,8.78,3807300,3.62239297475302,1,-0.03516483516483515,-1,9.1,0.10989010989010754,1,-1,1,1
716,2020-03-04,8.99,3124400,0.22197558268589984,1,0.023917995444191487,1,8.78,2.619589977220962,1,1,1,1
717,2020-03-05,8.59,4345900,2.0524515393386515,1,-0.04449388209121252,-1,8.99,-2.447163515016692,-1,-1,1,-1
718,2020-03-06,8.09,4838600,2.2946859903381585,1,-0.05820721769499415,-1,8.59,-3.608847497089645,-1,-1,1,-1
719,2020-03-09,7.28,4419900,-3.2624113475177365,-1,-0.10012360939431397,-1,8.09,-12.855377008652658,-1,-1,-1,-1
720,2020-03-10,7.85,10831100,-1.5523932729624736,-1,0.07829670329670324,1,7.28,6.181318681318683,1,1,-1,1
721,2020-03-11,7.89,17018500,4.710144927536229,1,0.005095541401273884,1,7.85,5.477707006369424,1,1,1,1
722,2020-03-12,7.08,7341400,2.3448275862068955,1,-0.1026615969581749,-1,7.89,-8.111533586818755,-1,-1,1,-1
723,2020-03-13,7.47,8644500,1.0596026490066235,1,0.05508474576271172,1,7.08,6.638418079096042,1,1,1,1
724,2020-03-16,6.67,10133700,-2.615384615384614,-1,-0.107095046854083,-1,7.47,-12.985274431057562,-1,-1,-1,-1
725,2020-03-17,6.64,8432100,2.209131075110462,1,-0.004497751124437843,-1,6.67,1.799100449775114,1,-1,1,1
726,2020-03-18,5.3,10806300,15.335463258785943,1,-0.2018072289156626,-1,6.64,-5.7228915662650595,-1,-1,1,-1
727,2020-03-19,6.78,11089500,-23.049001814882043,-1,0.2792452830188681,1,5.3,3.9622641509433953,1,1,-1,1
728,2020-03-20,6.95,10028400,1.4184397163120517,1,0.025073746312684442,1,6.78,3.982300884955746,1,1,1,1
729,2020-03-23,6.81,5999200,1.873198847262259,1,-0.020143884892086406,-1,6.95,-0.14388489208632785,-1,-1,1,-1
730,2020-03-24,7.43,9160800,-2.4827586206896513,-1,0.09104258443465496,1,6.81,6.461086637298097,1,1,-1,1
731,2020-03-25,7.96,7038700,-7.133243606998657,-1,0.07133243606998652,1,7.43,0.0,-1,1,-1,-1
732,2020-03-26,8.16,5766000,-1.4925373134328483,-1,0.025125628140703515,1,7.96,1.0050251256281304,1,1,-1,1
733,2020-03-27,7.81,4263900,-1.1658031088082883,-1,-0.04289215686274517,-1,8.16,-5.392156862745103,-1,-1,-1,-1
