,date,google_compound,google_sentiment,amazon_compound,amazon_sentiment,fb_compound,fb_neg,fb_neu,fb_pos,fb_sentiment,tsla_compound,tsla_sentiment,em_tweets3_compound,em_tweets3_sentiment
0,2015-01-15,0.6486,1,-0.1027,-1,0.0,0.0,1.0,0.0,-1,0.4019,1,1.1457,1
1,2015-03-24,0.0,-1,-0.15200000000000002,-1,0.29600000000000004,0.0,0.82,0.18,1,0.7845,1,-0.3020999999999999,-1
2,2015-04-23,-0.4739,-1,0.7697,1,0.5849,0.125,0.486,0.389,1,0.5991,1,0.4215,1
3,2015-05-06,0.0,-1,0.0,-1,0.4588,0.0,0.7859999999999999,0.214,1,0.4697,1,0.2023,1
4,2015-07-17,-0.4164999999999999,-1,0.4588,1,0.7096,0.0,0.537,0.46299999999999997,1,0.0,-1,0.0,-1
5,2015-07-27,0.4881999999999999,1,1.2726,1,-0.0258,0.14800000000000002,0.71,0.142,-1,0.0,-1,0.0,-1
6,2015-08-06,-0.34,-1,0.6115,1,0.0,0.0,1.0,0.0,-1,-1.0206,-1,-0.022000000000000002,-1
7,2015-09-25,0.0,-1,0.1779,1,0.0,0.0,1.0,0.0,-1,0.6249,1,0.6369,1
8,2015-09-29,1.0626,1,0.7353000000000001,1,-0.9176,0.414,1.5859999999999999,0.0,-1,1.0957,1,0.4588,1
9,2015-09-30,0.2338,1,0.7184,1,-0.4588,0.2,0.8,0.0,-1,0.7547999999999999,1,-0.3535,-1
10,2015-10-02,0.5920000000000001,1,0.1779,1,0.0,0.0,1.0,0.0,-1,1.2094,1,2.4127,1
11,2015-10-09,0.0,-1,0.4588,1,0.8689,0.0,0.546,0.45399999999999996,1,-0.7608999999999999,-1,1.5125,1
12,2015-10-14,0.6808,1,0.3182,1,-0.5868,0.325,2.675,0.0,-1,0.6227999999999999,1,0.6808,1
13,2015-10-15,0.6696,1,2.2759,1,1.5545,0.0,4.338,0.662,1,0.0,-1,1.2855,1
14,2015-10-19,-0.29600000000000004,-1,-0.5106,-1,-0.9176,0.48100000000000004,1.519,0.0,-1,-0.4588,-1,0.7906,1
15,2015-10-21,1.0382,1,0.3212,1,-0.4588,0.25,0.75,0.0,-1,0.7096,1,2.8893,1
16,2015-10-23,1.1187,1,5.866200000000001,1,-1.8199,1.301,6.169,0.53,-1,0.0,-1,1.9091,1
17,2015-10-27,-0.4588,-1,0.7184,1,-0.4588,0.214,0.7859999999999999,0.0,-1,-0.0258,-1,0.765,1
18,2015-11-04,-0.6486,-1,0.16300000000000006,1,0.9897,0.382,11.864,0.754,1,0.1910000000000001,1,0.0,-1
19,2015-11-24,0.1483,1,-1.3794999999999995,-1,0.7184,0.0,0.647,0.353,1,-0.4588,-1,2.6176,1
20,2015-12-02,0.25960000000000005,1,0.1779,1,0.9084,0.0,1.645,0.355,1,-0.2263,-1,0.0,-1
21,2015-12-03,0.0,-1,0.0,-1,-0.4083,0.462,2.29,0.248,-1,-0.0993,-1,0.4404,1
22,2015-12-10,0.4588,1,2.241,1,0.4588,0.0,1.769,0.231,1,0.5096,1,0.4263,1
23,2015-12-21,0.128,1,0.7184,1,0.0,0.0,1.0,0.0,-1,-0.2732,-1,0.4588,1
24,2016-01-12,-0.5615,-1,2.1029,1,1.2177,0.0,1.361,0.639,1,0.29600000000000004,1,1.1496,1
25,2016-02-03,-0.3861,-1,0.06420000000000015,1,-1.2267,0.9640000000000001,3.699,0.337,-1,-0.3816,-1,-0.128,-1
26,2016-02-10,0.26670000000000005,1,2.009,1,-0.4588,0.273,0.727,0.0,-1,0.732,1,0.6369,1
27,2016-02-11,-0.9176,-1,0.802,1,0.6810999999999999,0.214,3.3289999999999997,0.457,1,0.10829999999999997,1,0.32,1
28,2016-02-23,-0.4588,-1,-2.2685,-1,-5.5368,3.2020000000000004,13.107000000000001,0.691,-1,0.6369,1,0.0,-1
29,2016-02-24,-0.3044,-1,0.29599999999999993,1,0.743,0.0,1.578,0.42200000000000004,1,0.29600000000000004,1,0.8402,1
30,2016-02-29,-0.7694,-1,1.9219,1,-0.1779,0.159,0.841,0.0,-1,0.0,-1,-0.4404,-1
31,2016-03-01,-0.4019,-1,1.9879,1,0.7506,0.0,0.584,0.41600000000000004,1,0.29600000000000004,1,1.0009,1
32,2016-03-04,-0.06969999999999997,-1,0.1779,1,-0.29600000000000004,0.196,1.804,0.0,-1,0.03760000000000008,1,0.0,-1
33,2016-03-18,0.4588,1,0.3558,1,-0.3818,0.302,1.6980000000000002,0.0,-1,0.8755999999999999,1,0.3182,1
34,2016-03-29,0.0,-1,0.7717,1,-1.0508,0.685,3.3150000000000004,0.0,-1,0.2672,1,0.5859,1
35,2016-03-31,-0.3308,-1,1.2589,1,-0.4588,0.273,2.727,0.0,-1,2.1956,1,2.1659999999999995,1
36,2016-04-01,-0.4767,-1,0.2753999999999999,1,-0.741,0.762,1.9130000000000005,0.325,-1,2.3520000000000003,1,4.377,1
37,2016-04-04,0.0,-1,1.4413,1,-0.1295,0.5609999999999999,5.086,0.353,-1,-0.9224,-1,2.9381,1
38,2016-04-06,0.11309999999999998,1,2.7984,1,-0.3816,0.6509999999999999,2.955,0.39399999999999996,-1,0.0,-1,-0.4417,-1
39,2016-04-07,1.1338,1,-0.3612,-1,0.5267,0.0,0.812,0.188,1,0.0,-1,-0.5691999999999999,-1
40,2016-04-14,1.4478,1,0.0,-1,0.5859,0.0,2.7689999999999997,0.231,1,0.0,-1,0.6249,1
41,2016-04-18,1.036,1,2.3232,1,0.05180000000000007,0.231,1.3880000000000001,0.381,1,0.0,-1,0.4019,1
42,2016-04-20,-0.5097999999999998,-1,0.4215,1,-0.05690000000000001,0.273,1.555,0.172,-1,0.3561,1,1.1306,1
43,2016-05-02,-0.25649999999999995,-1,0.8931,1,-1.375,0.9309999999999999,4.8050000000000015,0.264,-1,0.2732,1,0.9905,1
44,2016-05-16,-1.5107999999999997,-1,0.7769999999999999,1,-0.2009,0.321,1.3840000000000001,0.29600000000000004,-1,-0.4588,-1,1.4409999999999998,1
45,2016-05-17,0.11879999999999995,1,3.8775999999999993,1,0.128,0.0,0.8420000000000001,0.158,1,-0.9176,-1,0.4201,1
46,2016-05-18,0.9048,1,0.04760000000000003,1,0.0,0.0,1.0,0.0,-1,0.4346,1,0.10390000000000003,1
47,2016-05-19,-0.13699999999999998,-1,-1.2626,-1,-1.8352,0.935,4.065,0.0,-1,0.8978999999999999,1,0.6249,1
48,2016-05-25,0.17380000000000007,1,1.0958,1,-4.8924,2.639,13.001,0.36,-1,-0.29600000000000004,-1,0.8313,1
49,2016-05-26,0.16720000000000002,1,0.8605,1,0.7363999999999999,0.273,6.144,0.583,1,-0.01839999999999997,-1,0.4131,1
50,2016-06-01,-0.4588,-1,1.2493,1,0.0972,0.4370000000000001,3.2030000000000003,0.36,1,0.2585,1,0.4404,1
51,2016-06-02,0.4404,1,2.1765,1,-1.3176,1.1320000000000001,5.479,0.389,-1,-0.4019,-1,0.6124,1
52,2016-06-03,0.0,-1,1.0307,1,-0.4588,0.375,2.625,0.0,-1,1.3594,1,1.6963,1
53,2016-06-07,0.4334,1,2.2941000000000003,1,0.2023,0.0,0.87,0.13,1,0.7293999999999999,1,0.0,-1
54,2016-06-08,1.0539,1,0.631,1,-0.8404,0.5660000000000001,2.254,0.18,-1,0.4123000000000001,1,0.7631,1
55,2016-06-09,-0.07700000000000001,-1,1.0354,1,0.1544,0.36,1.244,0.396,1,-0.2324,-1,-0.29600000000000004,-1
56,2016-06-17,-0.5267,-1,-0.2732,-1,-0.4588,0.273,1.727,0.0,-1,0.3182,1,0.6266,1
57,2016-06-22,-0.6981000000000002,-1,2.9462,1,0.0772,0.196,1.588,0.21600000000000003,1,-1.3948999999999998,-1,-0.5994,-1
58,2016-06-27,1.0101,1,1.2858999999999998,1,0.5574,0.0,0.7829999999999999,0.217,1,0.6634,1,0.8274999999999999,1
59,2016-06-28,0.0,-1,2.4214,1,0.0772,0.16399999999999998,1.656,0.18,1,1.4051999999999998,1,0.8016,1
60,2016-06-29,1.0206,1,2.039,1,0.3229000000000001,1.169,6.816999999999998,1.0139999999999998,1,1.3177,1,0.6560999999999999,1
61,2016-06-30,-0.1271,-1,-0.3113,-1,-0.3612,0.249,1.651,0.10099999999999999,-1,-2.958,-1,-0.6878,-1
62,2016-07-05,0.0,-1,0.5337000000000001,1,-0.9176,0.504,2.496,0.0,-1,-1.9674,-1,-0.9502,-1
63,2016-07-06,0.4019,1,1.4743,1,-0.3816,0.37799999999999995,2.4419999999999997,0.18,-1,-2.7688,-1,0.9046,1
64,2016-07-08,0.8149,1,0.4215,1,-0.2993,0.6679999999999999,3.0090000000000003,0.32299999999999995,-1,-0.45899999999999996,-1,-0.15339999999999998,-1
65,2016-07-12,0.7398,1,0.7903,1,-0.8403999999999999,0.5640000000000001,3.256,0.18,-1,-0.29600000000000004,-1,0.8326,1
66,2016-07-13,0.0,-1,2.1449,1,-1.3763999999999998,0.7230000000000001,2.2769999999999997,0.0,-1,-1.3634,-1,0.4215,1
67,2016-07-14,0.0772,1,1.5391999999999997,1,0.0,0.0,2.0,0.0,-1,-0.7218,-1,-0.4742999999999999,-1
68,2016-07-18,0.7351,1,0.2023,1,-0.4588,0.231,1.769,0.0,-1,0.4404,1,2.4696,1
69,2016-07-19,0.732,1,0.4703,1,-0.6882,1.6019999999999999,5.683,0.715,-1,0.0,-1,0.0,-1
70,2016-07-20,0.024500000000000025,1,1.1684,1,0.8859999999999999,0.18600000000000003,1.824,0.989,1,0.8494,1,-0.38299999999999995,-1
71,2016-07-26,0.4939,1,1.9965,1,-0.9176,0.45,1.55,0.0,-1,-0.8805,-1,0.4215,1
72,2016-07-27,0.13400000000000006,1,1.4767,1,0.0,0.0,9.0,0.0,-1,0.5431,1,1.2318,1
73,2016-07-29,0.4962,1,-0.3813999999999999,-1,0.7820999999999999,0.231,2.3040000000000003,0.465,1,0.0,-1,1.1626,1
74,2016-08-09,-0.4588,-1,0.2548,1,-1.1136,0.7020000000000001,4.082,0.21600000000000003,-1,-0.17659999999999998,-1,1.5725,1
75,2016-08-10,0.0,-1,0.3305,1,0.8521000000000001,0.2,4.129,0.6709999999999999,1,-0.4019,-1,0.0,-1
76,2016-08-11,-1.4599,-1,0.7116,1,-0.732,0.504,2.496,0.0,-1,0.2023,1,0.8805,1
77,2016-08-15,-0.4404,-1,0.1779,1,0.7547999999999999,0.0,3.619,0.381,1,-0.1059,-1,0.0,-1
78,2016-08-22,-0.4588,-1,0.8808,1,-0.11879999999999995,0.512,5.0360000000000005,0.452,-1,0.0,-1,-0.4588,-1
79,2016-08-23,1.2405999999999997,1,1.3413,1,0.0,0.0,1.0,0.0,-1,0.25349999999999995,1,0.0,-1
80,2016-08-30,2.7414,1,1.8946,1,0.3008,0.9059999999999999,7.0939999999999985,1.0,1,0.0,-1,0.6908,1
81,2016-08-31,-0.5574,-1,3.692,1,-0.28069999999999995,0.5,2.241,0.259,-1,-0.1027,-1,1.2197,1
82,2016-09-01,0.4588,1,0.0,-1,-1.6615,1.112,3.701,0.188,-1,-0.4882,-1,-0.6348,-1
83,2016-09-13,-0.3818,-1,1.5917,1,-1.4859,0.9670000000000001,3.756,0.27699999999999997,-1,-0.22120000000000006,-1,-0.16410000000000002,-1
84,2016-09-19,1.7302,1,0.1779,1,1.3763999999999998,0.0,5.125,0.875,1,-0.3188,-1,0.7845,1
85,2016-09-21,-0.3308,-1,0.8255999999999999,1,-0.3561,0.214,1.527,0.259,-1,0.0,-1,0.6681,1
86,2016-09-23,1.7984,1,0.4662,1,0.5894999999999999,0.617,8.459999999999999,0.922,1,0.0,-1,0.4404,1
87,2016-09-27,1.7616,1,2.0759,1,-0.13050000000000006,0.368,6.3580000000000005,0.27399999999999997,-1,0.0,-1,0.925,1
88,2016-09-28,-1.5373,-1,1.8919,1,-2.0624,1.5319999999999998,5.928,0.54,-1,-0.4404,-1,0.8514,1
89,2016-10-04,0.902,1,0.6606,1,-0.3816,0.37799999999999995,1.4420000000000002,0.18,-1,0.2732,1,1.0812,1
90,2016-10-05,0.8612,1,2.0108,1,0.0,0.214,2.572,0.214,-1,0.0,-1,0.9109,1
91,2016-10-06,0.9813999999999998,1,0.9640000000000001,1,0.7787000000000003,0.504,5.683,0.8130000000000001,1,0.1027,1,0.0,-1
92,2016-10-13,0.0,-1,2.8669999999999995,1,0.4703,0.0,1.867,0.133,1,0.0,-1,-0.4767,-1
93,2016-10-18,0.0,-1,0.5719,1,-0.7632,0.809,2.8310000000000004,0.36,-1,0.3251,1,0.0,-1
94,2016-10-19,0.68,1,1.2767,1,-1.8352,0.78,6.2200000000000015,0.0,-1,0.6369,1,-0.4019,-1
95,2016-10-24,0.8167,1,1.0307,1,0.1779,0.0,0.7020000000000001,0.298,1,0.0516,1,0.743,1
96,2016-10-26,-1.0318,-1,0.3341,1,0.1779,0.0,0.825,0.175,1,0.6829,1,0.7783,1
97,2016-10-27,0.2023,1,1.7529,1,-0.4588,0.273,1.727,0.0,-1,2.1196,1,0.9176,1
98,2016-11-02,-0.4588,-1,0.7353000000000001,1,0.6405,0.25,8.950000000000003,0.8,1,0.0,-1,0.4019,1
99,2016-11-03,-1.7199000000000002,-1,-1.5417999999999998,-1,-1.4563,1.548,13.727,0.7250000000000001,-1,-0.4588,-1,1.351,1
100,2016-11-04,0.0,-1,1.4127,1,-0.655,0.385,1.615,0.0,-1,0.8254999999999999,1,6.1076,1
101,2016-11-07,0.4588,1,0.4019,1,0.5719,0.113,2.542,0.345,1,0.7365000000000002,1,0.8266,1
102,2016-11-15,2.7575000000000003,1,3.8534000000000006,1,2.6835,0.22,4.0,1.78,1,1.1288,1,0.6696,1
103,2016-11-16,-0.3308,-1,2.1227,1,-0.25060000000000004,0.532,3.978,0.49,-1,-0.4939,-1,2.9922,1
104,2016-11-18,0.6794,1,1.0297999999999998,1,0.29600000000000004,0.0,1.732,0.268,1,0.1975,1,0.0,-1
105,2016-11-23,0.2809,1,-1.4247999999999998,-1,-5.7865,2.682,12.159,0.159,-1,0.9997,1,0.4019,1
106,2016-12-01,-0.7724,-1,1.1173,1,0.3707,0.64,4.678,0.6819999999999999,1,-1.3763999999999998,-1,0.0,-1
107,2016-12-07,-0.1856,-1,0.6739999999999999,1,-2.7528,1.194,5.806,0.0,-1,0.07700000000000001,1,0.7499,1
108,2016-12-08,1.6826,1,1.7864,1,-0.2023,0.33,1.426,0.245,-1,0.3818,1,0.2732,1
109,2016-12-11,0.0,-1,0.0,-1,0.0,0.0,1.0,0.0,-1,-0.2732,-1,0.4588,1
110,2016-12-21,-0.29600000000000004,-1,0.6588999999999999,1,-1.8352,0.804,4.196000000000001,0.0,-1,0.8126,1,0.0,-1
111,2016-12-22,0.5615,1,1.0965,1,-0.4588,0.214,1.786,0.0,-1,0.6444,1,1.1212,1
112,2016-12-30,0.0,-1,0.1779,1,-0.4588,0.2,0.8,0.0,-1,-0.9051,-1,0.0,-1
113,2017-01-05,0.3308,1,0.7507999999999999,1,-0.4588,0.214,0.7859999999999999,0.0,-1,0.2997000000000001,1,0.1531,1
114,2017-01-10,-0.4115,-1,2.0072,1,0.6945,0.326,4.975,0.6990000000000001,1,-0.2263,-1,0.34,1
115,2017-01-11,0.4019,1,3.2523,1,0.1452,0.166,4.283,0.5509999999999999,1,0.0,-1,0.17520000000000002,1
116,2017-01-12,0.2263,1,0.5402,1,0.2263,0.316,3.3040000000000003,0.38,1,0.3308,1,2.4128000000000003,1
117,2017-01-18,0.9176,1,1.4741,1,-0.9457,0.611,2.389,0.0,-1,0.7769999999999999,1,0.4588,1
118,2017-01-24,0.8052,1,0.0,-1,0.0,0.0,1.0,0.0,-1,-0.25,-1,3.2989,1
119,2017-01-25,-0.25,-1,0.9671,1,0.5267,0.0,2.714,0.28600000000000003,1,0.0,-1,1.7542999999999995,1
120,2017-01-27,2.3903000000000003,1,2.7479,1,1.3011,0.115,3.128,0.757,1,0.4588,1,1.1837,1
121,2017-01-30,-1.3411,-1,0.6718,1,0.4429,0.33,3.1439999999999997,0.526,1,-0.2263,-1,3.6608,1
122,2017-01-31,0.0,-1,1.4652,1,1.1255,0.10400000000000001,4.11,0.7859999999999999,1,0.4019,1,-0.4019,-1
123,2017-02-02,-1.1823,-1,0.5391,1,-1.1446,1.169,9.456,0.375,-1,0.8607,1,0.4019,1
124,2017-02-07,0.0,-1,1.0654,1,0.0,0.0,1.0,0.0,-1,-0.1027,-1,1.528,1
125,2017-02-08,0.4588,1,0.3558,1,1.2306,0.11599999999999999,3.2239999999999998,0.6599999999999999,1,0.7003,1,0.0,-1
126,2017-02-09,0.4767,1,1.7963,1,2.412,0.248,3.327,1.4249999999999998,1,0.2809,1,0.0,-1
127,2017-02-15,0.34,1,1.3049,1,0.0,0.0,1.0,0.0,-1,0.34,1,1.4214,1
128,2017-02-16,0.0,-1,0.0,-1,0.0,0.0,1.0,0.0,-1,0.0,-1,4.3389,1
129,2017-02-17,-0.2732,-1,1.3298,1,0.29600000000000004,0.0,0.922,0.078,1,0.128,1,0.5687,1
130,2017-02-23,-0.6369,-1,0.0,-1,-0.5342,0.18899999999999997,1.714,0.09699999999999999,-1,0.6486,1,0.5719,1
131,2017-02-24,-0.3182,-1,0.4588,1,0.0,0.0,1.0,0.0,-1,0.4588,1,2.7648,1
132,2017-02-27,1.0203,1,1.7268,1,0.9379,0.07,3.321,0.609,1,-0.6760999999999998,-1,0.29600000000000004,1
133,2017-03-02,0.0,-1,0.4043000000000001,1,-0.2732,0.29600000000000004,0.7040000000000001,0.0,-1,-0.2732,-1,0.9215,1
134,2017-03-10,0.0,-1,0.0,-1,0.0,0.0,4.0,0.0,-1,-0.2263,-1,0.6732,1
135,2017-03-14,0.0,-1,1.0,1,0.07950000000000003,0.375,1.391,0.23399999999999999,1,0.0,-1,0.365,1
136,2017-03-16,-1.0539,-1,1.1137,1,-1.0539,0.7859999999999999,1.214,0.0,-1,0.0,-1,0.7269,1
137,2017-03-23,-0.2766,-1,-0.0244,-1,-0.34,0.16699999999999998,0.833,0.0,-1,-0.0772,-1,0.3612,1
138,2017-03-24,0.0,-1,0.6818,1,0.0772,0.065,1.859,0.076,1,0.0,-1,8.7058,1
139,2017-03-29,0.3239,1,0.4882,1,0.4158,0.217,2.323,0.46,1,0.5574,1,0.0,-1
140,2017-04-03,0.9616,1,1.3072,1,0.0,0.0,1.0,0.0,-1,-1.289,-1,0.0,-1
141,2017-04-05,0.7088,1,2.4901,1,0.8176,0.358,1.7480000000000002,0.894,1,0.0,-1,0.0,-1
142,2017-04-12,0.0,-1,1.1684,1,0.0258,0.0,1.891,0.109,1,1.2169,1,1.3979,1
143,2017-04-13,0.0516,1,1.4386,1,-0.1398,0.42,3.2560000000000002,0.32399999999999995,-1,0.8549000000000001,1,0.6705,1
144,2017-04-17,0.7547999999999999,1,1.6285999999999998,1,0.4588,0.0,2.8120000000000003,0.188,1,0.4119,1,0.6282,1
145,2017-04-18,0.3561,1,0.5267,1,0.3182,0.0,2.7230000000000003,0.27699999999999997,1,0.5465,1,0.1779,1
146,2017-04-27,1.5512,1,2.9807,1,-0.0232,0.29500000000000004,1.514,0.191,-1,0.4588,1,-0.2263,-1
147,2017-04-28,1.7180000000000002,1,1.9036,1,-0.4767,0.43700000000000006,0.563,0.0,-1,0.0,-1,-0.9741,-1
148,2017-05-04,0.3744,1,1.0342,1,1.6902999999999997,0.5670000000000001,10.059,1.374,1,-0.2877,-1,0.8312,1
149,2017-05-05,-0.2732,-1,0.5414,1,-0.48200000000000004,0.462,4.413,0.125,-1,0.0,-1,1.1529,1
150,2017-05-09,0.0,-1,1.4305,1,0.0,0.0,1.0,0.0,-1,0.6588,1,-0.15900000000000006,-1
151,2017-05-10,-0.5423,-1,0.03749999999999998,1,-0.4767,0.341,0.659,0.0,-1,0.0,-1,2.3488,1
152,2017-05-16,0.7547999999999999,1,1.5301999999999998,1,0.2732,0.0,4.721,0.27899999999999997,1,0.0516,1,0.0,-1
153,2017-05-17,0.6908,1,0.2577999999999998,1,-1.1277,0.847,4.808999999999998,0.342,-1,0.0,-1,-0.8074,-1
154,2017-05-19,-0.6764,-1,0.4404,1,0.6611,0.409,3.8789999999999996,0.7120000000000001,1,0.0,-1,0.95,1
155,2017-05-23,0.29600000000000004,1,0.4008,1,0.4588,0.0,0.667,0.33299999999999996,1,0.29600000000000004,1,1.2482000000000002,1
156,2017-05-24,1.1391,1,0.7903,1,0.6124,0.0,2.737,0.263,1,-0.5098,-1,1.2866,1
157,2017-05-25,0.0,-1,0.9084,1,0.7397,0.0,2.568,0.43200000000000005,1,0.0,-1,1.1857,1
158,2017-05-31,1.8743,1,0.5267,1,0.8233999999999999,0.0,1.462,0.5379999999999999,1,0.0,-1,1.2107,1
159,2017-06-01,0.0,-1,1.4927,1,0.25649999999999995,0.253,4.334,0.413,1,0.8066,1,0.4412,1
160,2017-06-02,0.21,1,0.9979,1,0.0,0.0,1.0,0.0,-1,-1.1026,-1,0.7096,1
161,2017-06-05,0.29600000000000004,1,0.06380000000000002,1,-0.2276,0.675,1.87,0.455,-1,-0.7884,-1,0.9496,1
162,2017-06-07,0.9134,1,1.1833,1,0.6808,0.0,4.663,0.337,1,-0.6751,-1,2.2509,1
163,2017-06-09,0.15630000000000005,1,0.26770000000000005,1,-0.747,0.476,4.422,0.102,-1,0.0,-1,-0.7368000000000001,-1
164,2017-06-13,0.4009,1,1.4047999999999998,1,0.0,0.0,3.0,0.0,-1,1.252,1,1.9476,1
165,2017-06-14,0.5976,1,0.9685,1,0.6808,0.0,0.728,0.272,1,1.2620999999999998,1,0.4767,1
166,2017-06-19,0.0,-1,0.4579,1,0.4074,0.11699999999999999,4.433,0.45,1,0.2732,1,-0.29600000000000004,-1
167,2017-06-20,0.0237,1,1.5472,1,0.25,0.0,1.8330000000000002,0.16699999999999998,1,0.1537,1,0.7444999999999999,1
168,2017-06-21,1.225,1,1.3629,1,-0.6705,0.524,1.476,0.0,-1,0.4767,1,-0.2201,-1
169,2017-06-22,0.7184,1,0.6546000000000001,1,0.6808,0.0,4.556,0.444,1,0.0,-1,0.4385999999999999,1
170,2017-06-26,0.8241,1,1.0754,1,-0.3818,0.126,4.8740000000000006,0.0,-1,0.2023,1,0.09720000000000006,1
171,2017-06-30,-0.4588,-1,2.4312,1,-1.0891000000000002,0.609,4.289,0.102,-1,0.0,-1,0.659,1
172,2017-07-03,-0.0516,-1,0.0,-1,0.07549999999999997,0.391,5.032,0.5770000000000001,1,1.3763999999999998,1,1.2141,1
173,2017-07-05,0.7882,1,2.1013,1,-0.7136,0.4290000000000001,3.4819999999999998,0.08800000000000001,-1,-1.2089999999999996,-1,0.8658,1
174,2017-07-06,1.1526,1,0.9848,1,-0.5423,0.273,3.727,0.0,-1,-0.09989999999999988,-1,1.2578,1
175,2017-07-07,0.2795,1,1.4294,1,0.6611,0.0,1.5,0.5,1,0.061700000000000026,1,0.0,-1
176,2017-07-11,-0.6527,-1,0.2765,1,-0.2732,0.139,1.861,0.0,-1,0.5574,1,4.0876,1
177,2017-07-12,2.6345,1,3.1385,1,1.3088,0.11800000000000001,6.952000000000001,0.931,1,-0.8157,-1,0.2716,1
178,2017-07-13,0.4588,1,0.3795,1,0.0,0.0,3.0,0.0,-1,0.4224000000000001,1,1.9847,1
179,2017-07-14,1.1185,1,0.7942,1,0.4588,0.0,1.75,0.25,1,-0.3182,-1,4.8664,1
180,2017-07-19,1.3857,1,0.8123,1,1.8383,0.231,5.6869999999999985,1.082,1,0.4423,1,0.1655,1
181,2017-07-20,0.7579,1,1.6083999999999998,1,0.7184,0.0,1.6669999999999998,0.33299999999999996,1,0.2035,1,4.0906,1
182,2017-07-21,-0.536,-1,0.6611,1,-0.536,0.333,2.667,0.0,-1,0.4588,1,2.5988,1
183,2017-07-25,2.1087,1,1.2645,1,0.8298,0.0,7.332999999999999,0.667,1,0.0,-1,1.4299,1
184,2017-07-28,-0.3818,-1,-1.0488,-1,0.0,0.0,1.0,0.0,-1,0.0,-1,1.0431,1
185,2017-07-31,-0.030700000000000064,-1,1.0889,1,0.12429999999999995,0.941,6.242999999999999,0.8160000000000001,1,2.1359,1,1.2703,1
186,2017-08-01,1.6222,1,2.543,1,0.4019,0.0,1.8030000000000002,0.19699999999999998,1,0.4588,1,0.6369,1
187,2017-08-05,0.0,-1,0.0,-1,0.0,0.0,1.0,0.0,-1,0.0,-1,1.7698,1
188,2017-08-10,0.25,1,0.6058,1,-0.5423,0.29,1.71,0.0,-1,0.0,-1,0.3804,1
189,2017-08-11,-0.4031,-1,-0.9128,-1,0.9176,0.0,2.321,0.679,1,-0.7547999999999999,-1,2.1648,1
190,2017-08-14,-0.1027,-1,1.972,1,0.29600000000000004,0.0,2.833,0.16699999999999998,1,0.3182,1,3.2545,1
191,2017-08-18,1.2311,1,0.4588,1,0.4588,0.0,2.727,0.273,1,0.0,-1,-0.09950000000000003,-1
192,2017-08-23,0.25,1,2.3578,1,-0.4588,0.33299999999999996,2.667,0.0,-1,0.4939,1,2.211,1
193,2017-08-25,-0.5391,-1,1.9015,1,0.3487,0.14300000000000002,1.642,0.215,1,0.8379000000000001,1,0.5532999999999999,1
194,2017-08-29,1.2167,1,0.13940000000000002,1,-0.0516,0.28600000000000003,1.714,0.0,-1,-0.29600000000000004,-1,0.25,1
195,2017-08-30,-0.6445,-1,1.1884,1,-0.5423,0.39,0.44,0.17,-1,0.6204,1,0.6729999999999999,1
196,2017-08-31,0.4588,1,1.4575999999999998,1,0.4263,0.311,2.253,0.436,1,0.0,-1,0.5688,1
197,2017-09-12,-1.0726,-1,1.5419999999999998,1,-0.1027,0.09699999999999999,2.903,0.0,-1,0.4404,1,0.4019,1
198,2017-09-13,0.539,1,0.8705999999999998,1,-0.7547999999999999,0.655,3.345,0.0,-1,-0.34589999999999993,-1,0.2263,1
199,2017-09-14,0.03789999999999999,1,0.4579,1,-0.5991,0.434,2.438,0.127,-1,0.0,-1,0.5549999999999999,1
200,2017-09-15,-0.7585999999999999,-1,0.8957999999999999,1,1.3749,0.0,2.08,0.92,1,0.0,-1,0.4588,1
201,2017-09-19,-0.68,-1,1.5792000000000002,1,0.0,0.0,3.0,0.0,-1,-0.3182,-1,0.3182,1
202,2017-09-20,2.1682,1,1.9593,1,0.7769999999999999,0.0,1.463,0.537,1,1.5773,1,0.4789,1
203,2017-09-25,0.2749000000000001,1,0.5246,1,-1.4365,1.227,4.421,0.35200000000000004,-1,0.0,-1,0.9499,1
204,2017-09-26,1.6724,1,0.431,1,0.9465,0.6779999999999999,6.391000000000001,0.9309999999999999,1,0.4588,1,1.7412999999999998,1
205,2017-09-27,0.8280999999999998,1,2.5416000000000003,1,1.0337,0.0,2.423,0.5770000000000001,1,-0.5574,-1,0.2263,1
206,2017-09-28,0.7513,1,0.6885000000000001,1,1.1074,0.0,2.549,0.451,1,0.0,-1,1.2932,1
207,2017-09-29,0.0,-1,0.5802,1,0.2023,0.0,0.87,0.13,1,1.6685,1,1.4043,1
208,2017-10-02,0.5364000000000001,1,0.0,-1,0.3818,0.0,5.776,0.22399999999999998,1,1.3095,1,0.2669,1
209,2017-10-04,0.25649999999999995,1,0.7899000000000002,1,-0.4588,0.3,1.7,0.0,-1,0.8232999999999999,1,0.0,-1
210,2017-10-05,0.12730000000000002,1,0.7376,1,0.1531,0.0,0.8490000000000001,0.151,1,0.3818,1,3.8363,1
211,2017-10-06,-0.32399999999999995,-1,0.9147,1,-0.4012,0.396,1.4240000000000002,0.179,-1,0.4019,1,1.0815,1
212,2017-10-09,0.7175,1,0.9675,1,0.0,0.0,1.0,0.0,-1,0.3657,1,0.0,-1
213,2017-10-11,1.0304,1,2.3461,1,-0.5607000000000001,0.7360000000000001,4.713,0.551,-1,0.02280000000000004,1,-0.3566,-1
214,2017-10-12,1.2932,1,2.3856,1,-0.4971,0.30200000000000005,4.587,0.111,-1,0.0,-1,2.0717,1
215,2017-10-18,0.7837,1,0.03549999999999992,1,0.0837,0.141,4.6869999999999985,0.172,1,-0.128,-1,-0.3804,-1
216,2017-10-19,0.16569999999999996,1,3.0743,1,0.5647,0.21600000000000003,4.224,0.56,1,0.06469999999999998,1,3.0089,1
217,2017-10-20,1.1215,1,-0.2023,-1,1.1215,0.098,3.2510000000000003,0.6499999999999999,1,0.09820000000000008,1,0.9193,1
218,2017-10-24,0.1027,1,3.3587,1,-0.1933,0.145,2.688,0.16699999999999998,-1,0.6733999999999999,1,0.4215,1
219,2017-11-08,-0.4894,-1,0.478,1,-0.006300000000000028,0.212,2.3890000000000002,0.39899999999999997,-1,0.06680000000000003,1,0.0,-1
220,2017-11-09,0.2023,1,1.7356999999999998,1,0.2023,0.0,0.735,0.265,1,1.2787000000000002,1,-0.2263,-1
221,2017-11-10,0.05920000000000002,1,0.5719,1,0.0,0.0,3.0,0.0,-1,0.4588,1,0.3182,1
222,2017-11-21,0.1779,1,2.4114,1,0.0,0.0,2.0,0.0,-1,0.8732,1,0.8073,1
223,2017-11-24,1.5019999999999998,1,3.5919,1,0.4277,0.124,1.548,0.327,1,-0.2732,-1,0.0,-1
224,2017-11-27,0.4404,1,2.7388000000000003,1,1.7088,0.204,3.802,0.9940000000000001,1,0.0,-1,0.7351,1
225,2017-11-28,-0.4137,-1,5.6105,1,0.9343,0.0,2.4130000000000003,0.5870000000000001,1,1.0678999999999998,1,-0.3146,-1
226,2017-12-08,0.6828,1,0.9483,1,0.4019,0.0,0.69,0.31,1,0.0,-1,0.4019,1
227,2017-12-11,0.0,-1,1.1579,1,0.0,0.0,1.0,0.0,-1,0.0,-1,0.2771,1
228,2017-12-12,0.5267,1,0.6624,1,0.4019,0.0,1.787,0.213,1,1.0162,1,0.0,-1
229,2017-12-14,-0.4002,-1,0.8146,1,0.0,0.0,1.0,0.0,-1,0.0,-1,1.7134999999999998,1
230,2017-12-15,0.30360000000000004,1,2.1088,1,0.25359999999999994,0.401,2.995,0.604,1,0.4588,1,-1.7565000000000002,-1
231,2017-12-19,0.6486,1,1.5517999999999998,1,-1.8546,1.44,5.942,0.618,-1,0.8803,1,0.4926,1
232,2017-12-20,0.0,-1,0.6284000000000001,1,0.0258,0.0,0.879,0.121,1,0.3818,1,0.4396,1
233,2017-12-21,0.06789999999999996,1,0.2023,1,-0.4767,0.22,1.78,0.0,-1,0.4588,1,0.6111000000000002,1
234,2017-12-26,0.3182,1,3.3224,1,0.5798,0.0,1.501,0.499,1,0.0222,1,3.9668,1
235,2017-12-27,0.0258,1,0.6627000000000001,1,-0.2702,0.249,2.623,0.127,-1,0.5328000000000002,1,0.0,-1
236,2018-01-08,-0.026600000000000013,-1,-0.2988,-1,-0.0008000000000000228,0.212,2.359,0.429,-1,0.743,1,0.3818,1
237,2018-01-09,2.2893,1,-0.9406,-1,0.8712000000000002,0.7360000000000001,7.164,1.099,1,0.0,-1,0.3182,1
238,2018-01-12,0.0,-1,0.4404,1,0.19220000000000012,0.659,13.6,0.741,1,0.0,-1,0.8705,1
239,2018-01-24,2.1766,1,1.7931,1,0.0,0.273,4.454,0.273,-1,0.7299,1,0.128,1
240,2018-01-29,-0.4091,-1,1.1473,1,0.4136,0.128,2.476,0.396,1,0.34,1,1.4878999999999998,1
241,2018-01-30,1.2515,1,3.1944000000000004,1,-0.07360000000000003,0.552,3.8169999999999997,0.631,-1,0.2023,1,0.0,-1
242,2018-02-01,-0.2718,-1,1.9626,1,3.8803,0.615,11.916,2.47,1,0.6815,1,0.8712999999999999,1
243,2018-02-02,-1.6999,-1,0.17629999999999993,1,0.0,0.0,1.0,0.0,-1,0.4846,1,0.1059,1
244,2018-02-05,0.7769999999999999,1,1.1262,1,0.3182,0.0,3.867,0.133,1,0.3818,1,1.4352,1
245,2018-02-06,0.5707,1,1.8581,1,-0.8413000000000002,0.638,3.091,0.271,-1,0.0,-1,2.7101,1
246,2018-02-16,-0.2259,-1,-0.17869999999999994,-1,0.3904,0.264,3.1839999999999997,0.5519999999999999,1,-0.5106,-1,-0.5994,-1
247,2018-02-21,0.4588,1,2.5827,1,0.0,0.0,1.0,0.0,-1,-0.7419,-1,2.2102,1
248,2018-02-28,0.4588,1,1.9179,1,0.7397,0.0,1.619,0.381,1,-0.3182,-1,0.0,-1
249,2018-03-05,0.7655000000000001,1,1.9808,1,0.0,0.0,1.0,0.0,-1,0.3182,1,0.4588,1
250,2018-03-06,-0.4019,-1,1.6433000000000002,1,-2.1236,1.368,3.632,0.0,-1,0.6867000000000001,1,0.7773,1
251,2018-03-08,0.7948999999999999,1,-0.2809,-1,0.374,0.318,2.501,0.18100000000000002,1,-0.17049999999999998,-1,1.4612999999999998,1
252,2018-03-09,0.0,-1,1.3953999999999998,1,0.128,0.0,1.8419999999999999,0.158,1,0.06359999999999999,1,3.1967,1
253,2018-03-12,0.5267,1,1.1864,1,0.0,0.0,1.0,0.0,-1,1.1095000000000002,1,0.6588,1
254,2018-03-14,-0.9447,-1,1.8082,1,1.0786000000000002,0.419,2.7310000000000003,0.8500000000000001,1,1.2544,1,0.8423,1
255,2018-03-15,0.0,-1,0.16909999999999994,1,0.0,0.0,1.0,0.0,-1,0.2023,1,1.135,1
256,2018-03-19,0.4217,1,0.8270000000000001,1,-1.8337,3.111,21.754000000000005,2.134,-1,-1.4181,-1,0.0,-1
257,2018-03-20,-0.25930000000000003,-1,1.1002,1,-0.6564,1.742,15.911,1.348,-1,-0.5464,-1,0.3612,1
258,2018-03-21,-0.5523,-1,0.1779,1,2.0759,0.332,12.473,1.195,1,1.9796,1,-0.29600000000000004,-1
259,2018-03-22,0.0,-1,0.7353000000000001,1,-1.5734,1.9269999999999998,8.961,1.111,-1,0.4143,1,2.7423,1
260,2018-03-23,0.5994,1,0.3558,1,-2.4926000000000004,1.761,7.548999999999999,0.6929999999999998,-1,0.8200000000000001,1,4.1157,1
261,2018-03-26,0.6883,1,0.7219999999999999,1,-1.5454,2.501,14.6,1.9,-1,0.8121,1,1.9592,1
262,2018-03-27,1.6842,1,1.1586,1,-0.9670000000000001,1.5179999999999998,12.321000000000005,1.1610000000000005,-1,-2.0912,-1,0.4791,1
263,2018-03-28,0.7984000000000001,1,-0.20519999999999994,-1,0.5225000000000002,1.4509999999999998,13.812999999999999,1.7360000000000002,1,-0.6814,-1,1.3693,1
264,2018-03-31,0.0,-1,0.8176,1,0.2263,0.11599999999999999,1.744,0.14,1,-1.4702,-1,2.0826,1
265,2018-04-02,-0.4665,-1,-0.7929999999999999,-1,-2.0894,1.4269999999999998,7.354,0.219,-1,-2.7785,-1,1.6145000000000005,1
266,2018-04-04,0.7030000000000001,1,3.2864000000000004,1,-0.8370000000000001,2.7380000000000004,17.298000000000002,1.965,-1,-0.020000000000000132,-1,0.4404,1
267,2018-04-05,0.0,-1,0.4828000000000001,1,0.9814999999999996,1.255,9.720000000000002,2.026,1,-0.34,-1,0.2263,1
268,2018-04-06,0.34,1,-0.7777999999999998,-1,-0.6904,0.414,4.5089999999999995,0.077,-1,-0.6486,-1,0.5106,1
269,2018-04-09,0.03959999999999997,1,-0.447,-1,0.9515,0.7130000000000001,11.97,1.3170000000000002,1,0.29600000000000004,1,0.5106,1
270,2018-04-10,1.548,1,1.3399,1,1.6857000000000002,0.951,8.267000000000001,1.7839999999999998,1,-0.7924999999999999,-1,-0.2975,-1
271,2018-04-11,0.5574,1,1.3864999999999998,1,0.2582,0.42,5.955,0.623,1,-0.6249,-1,0.0,-1
272,2018-04-12,-0.2263,-1,0.564,1,-0.06969999999999997,0.306,1.561,0.133,-1,-0.7351,-1,1.2484000000000002,1
273,2018-04-13,0.0,-1,0.3130000000000001,1,-0.25,0.11199999999999999,0.8290000000000001,0.059000000000000004,-1,2.1502,1,-0.4843,-1
274,2018-04-16,0.7269,1,1.7640000000000002,1,0.04139999999999994,0.479,3.132,0.389,1,1.0339,1,-0.6124,-1
275,2018-04-17,-0.29600000000000004,-1,3.318,1,2.2481,0.124,6.202999999999999,1.673,1,1.5232,1,0.9667,1
276,2018-04-25,-0.6124,-1,-0.1593000000000001,-1,0.13220000000000004,0.435,6.789,0.775,1,0.5859,1,0.6249,1
277,2018-04-26,0.0,-1,1.6953,1,3.8009,0.47100000000000003,12.114,2.415,1,0.4215,1,0.0,-1
278,2018-04-30,2.3166,1,1.5955,1,0.6572,0.0,2.694,0.306,1,0.0,-1,0.0,-1
279,2018-05-01,0.6623,1,4.3462999999999985,1,3.5177,0.113,6.7200000000000015,2.167,1,-0.03970000000000001,-1,0.29600000000000004,1
280,2018-05-02,1.229,1,0.9668000000000004,1,0.21160000000000007,0.281,3.2060000000000004,0.513,1,-0.9564,-1,0.0772,1
281,2018-05-03,0.4019,1,2.7933,1,0.4596,0.153,2.37,0.476,1,-1.8838999999999997,-1,0.5095,1
282,2018-05-04,0.8406,1,0.8406,1,0.2088,0.11199999999999999,1.556,0.332,1,-0.5848,-1,3.2799,1
283,2018-05-07,0.8146,1,1.505,1,0.2241,0.315,1.273,0.41200000000000003,1,0.6369,1,-0.5719,-1
284,2018-05-08,0.0,-1,0.0,-1,0.8578,0.0,0.45799999999999996,0.542,1,1.0187,1,1.6161,1
285,2018-05-09,0.5423,1,1.0554,1,-0.2212,0.19,1.81,0.0,-1,-1.5001,-1,1.7988,1
286,2018-05-10,0.5859,1,1.5977,1,0.0,0.0,1.0,0.0,-1,-1.0143,-1,3.3629000000000007,1
287,2018-05-14,0.3802,1,1.4767,1,0.2023,0.0,2.878,0.122,1,1.8538,1,-0.992,-1
288,2018-05-17,1.5661999999999998,1,1.9249,1,1.1692999999999998,0.152,3.179,0.6689999999999999,1,-0.6111,-1,0.7175,1
289,2018-05-18,-0.060700000000000025,-1,0.6174999999999999,1,0.0772,0.055999999999999994,2.88,0.065,1,0.0,-1,-0.5414,-1
290,2018-05-21,0.0,-1,1.1438,1,0.0,0.0,1.0,0.0,-1,1.7039999999999995,1,3.6959,1
291,2018-05-22,0.0,-1,0.4351000000000001,1,0.0,0.0,3.0,0.0,-1,-0.3528,-1,10.1293,1
292,2018-05-23,0.6294,1,0.5267,1,0.0,0.0,1.0,0.0,-1,-0.645,-1,2.5658,1
293,2018-05-24,0.0,-1,1.026,1,0.01839999999999997,0.244,2.525,0.231,1,-0.8922,-1,5.920400000000001,1
294,2018-05-30,-0.3219,-1,2.9502000000000006,1,0.0,0.0,2.0,0.0,-1,0.1138,1,4.2675,1
295,2018-05-31,0.4961,1,-0.18439999999999995,-1,0.029599999999999963,0.33299999999999996,2.401,0.266,1,-0.4215,-1,0.7105999999999999,1
296,2018-06-01,-0.5163,-1,0.5782,1,0.8406,0.0,5.455,0.5449999999999999,1,0.3182,1,4.1864,1
297,2018-06-04,0.9125,1,1.4657999999999998,1,1.5405,0.172,6.444,1.384,1,0.1779,1,0.8744999999999999,1
298,2018-06-05,0.2512,1,-0.4967999999999999,-1,-0.4447,0.7909999999999999,6.62,0.589,-1,-0.7201,-1,0.9001,1
299,2018-06-06,0.7882,1,2.6274999999999995,1,1.0797,0.0,6.3530000000000015,0.647,1,3.6604,1,0.0,-1
300,2018-06-07,0.6253,1,2.7597000000000005,1,2.2799,0.106,5.395999999999999,1.4980000000000002,1,0.08490000000000003,1,0.4677000000000001,1
301,2018-06-11,0.0,-1,-0.3913999999999999,-1,0.7636,0.0,3.585,0.415,1,0.8225,1,0.0,-1
302,2018-06-12,-0.5267,-1,1.628,1,-0.9085,0.515,2.365,0.12,-1,-1.7251,-1,-0.04670000000000002,-1
303,2018-06-13,0.5423,1,1.2334,1,0.4215,0.08900000000000001,2.714,0.196,1,1.3982,1,1.0388,1
304,2018-06-14,0.1406,1,3.6356,1,0.25,0.0,3.867,0.133,1,-0.5913999999999999,-1,0.0,-1
305,2018-06-18,0.5816,1,0.0998,1,0.4588,0.0,0.8240000000000001,0.17600000000000002,1,-1.8649,-1,0.7003,1
306,2018-06-19,0.8149,1,3.5556,1,-0.1027,0.27,2.492,0.23800000000000002,-1,-1.3866999999999998,-1,5.4898,1
307,2018-06-20,0.0,-1,2.7786,1,0.8803,0.0,3.384,0.616,1,-0.5719,-1,2.1789,1
308,2018-06-22,-0.2809,-1,1.4383,1,0.1779,0.0,0.746,0.254,1,-1.2251,-1,6.985100000000001,1
309,2018-06-26,0.5104,1,4.8855,1,-0.7543,0.9520000000000001,1.789,0.259,-1,-1.1963,-1,1.7441,1
310,2018-06-28,0.5564,1,3.8582,1,0.7988,0.0,4.2139999999999995,0.7859999999999999,1,-0.3062,-1,3.4135,1
311,2018-07-03,-0.8449,-1,3.1415,1,0.2942000000000001,0.187,2.55,0.263,1,0.4245999999999999,1,0.0,-1
312,2018-07-06,0.6979,1,1.1567,1,1.6737000000000002,0.0,7.052999999999999,0.947,1,0.5106,1,2.3819,1
313,2018-07-09,0.9207,1,1.2243,1,0.7184,0.0,1.455,0.545,1,-0.5994,-1,2.4181,1
314,2018-07-10,0.8506,1,2.5736,1,0.6242999999999999,0.161,2.116,0.723,1,1.4443,1,3.5813999999999995,1
315,2018-07-11,0.6095,1,0.0,-1,1.2827,0.165,4.819,1.016,1,0.1628,1,6.535100000000001,1
316,2018-07-12,0.5859,1,3.1996,1,0.8518,0.231,3.967,0.802,1,1.7154999999999998,1,8.9752,1
317,2018-07-13,0.4588,1,1.6597,1,2.3444000000000003,0.172,5.48,1.348,1,-0.6294,-1,2.7373,1
318,2018-07-17,0.04999999999999993,1,3.1552,1,-0.4767,0.237,2.763,0.0,-1,0.4927,1,0.4404,1
319,2018-07-18,0.6965999999999999,1,1.399,1,-0.6249,0.33899999999999997,0.6609999999999999,0.0,-1,0.7124000000000001,1,0.8265999999999999,1
320,2018-07-20,0.4939,1,2.9894,1,0.6829999999999999,0.174,3.346,0.481,1,0.5900000000000001,1,1.2938,1
321,2018-07-23,-0.34700000000000003,-1,0.4766,1,0.5106,0.0,2.645,0.355,1,1.7998999999999996,1,3.5584,1
322,2018-07-24,4.435900000000001,1,1.398,1,3.0254000000000003,0.0,4.087,1.913,1,-0.14869999999999986,-1,0.6588,1
323,2018-07-25,0.0,-1,0.4887,1,0.8085,0.405,9.704,0.8909999999999999,1,0.8502000000000001,1,1.0379,1
324,2018-07-27,0.0,-1,3.0972,1,0.2915,0.623,6.885,0.49200000000000005,1,0.3612,1,0.4404,1
325,2018-07-30,0.5546000000000001,1,0.13350000000000006,1,-0.04949999999999999,1.365,6.457999999999998,1.176,-1,0.0,-1,1.2595999999999998,1
326,2018-07-31,1.2577,1,1.2521,1,1.1019,0.102,4.439,0.459,1,0.4767,1,2.4938,1
327,2018-08-01,0.1869,1,1.196,1,0.7547999999999999,0.0,4.756,0.244,1,0.8148,1,6.9254000000000016,1
328,2018-08-02,0.0,-1,0.3802,1,1.5407,0.0,3.9010000000000002,1.099,1,1.9409,1,0.0,-1
329,2018-08-08,-0.10379999999999998,-1,1.1379,1,-0.6142,0.531,3.4690000000000003,0.0,-1,1.0489,1,0.028699999999999986,1
330,2018-08-10,-0.6705,-1,-0.1531,-1,1.4056000000000002,0.14800000000000002,3.779,1.073,1,-0.23199999999999996,-1,1.5349,1
331,2018-08-13,1.0429,1,0.9247,1,1.2004,0.0,3.139,0.861,1,2.2299,1,0.7072,1
332,2018-08-14,0.9176,1,1.0307,1,1.9209000000000005,0.51,7.027000000000001,1.462,1,0.9018999999999996,1,0.4404,1
333,2018-08-16,0.1027,1,0.5095000000000001,1,-0.7845,0.58,3.42,0.0,-1,-0.2738000000000001,-1,0.6757000000000001,1
334,2018-08-21,0.387,1,0.7756,1,0.3446,0.309,3.9789999999999996,0.7120000000000001,1,0.7384000000000001,1,-0.5621,-1
335,2018-08-22,0.0,-1,2.2195,1,1.3847,0.0,6.112,0.888,1,0.7397,1,1.3391,1
336,2018-08-23,1.7780999999999998,1,0.0,-1,1.5895,0.086,3.986,0.928,1,0.8957999999999999,1,2.9746,1
337,2018-08-27,0.0,-1,0.7498,1,0.3732,0.059000000000000004,4.736000000000001,0.205,1,1.4251999999999998,1,0.0772,1
338,2018-08-28,0.217,1,2.8087,1,1.705,0.0,4.724,1.276,1,1.1249999999999998,1,1.7674,1
339,2018-08-29,0.25120000000000003,1,3.1468000000000003,1,0.0232,0.153,4.4220000000000015,0.424,1,0.08000000000000017,1,0.0,-1
340,2018-08-30,0.4791,1,2.1987,1,0.4588,0.0,2.852,0.14800000000000002,1,0.5424,1,0.0,-1
341,2018-08-31,0.3619,1,0.28690000000000004,1,-0.2912,0.493,3.012,0.494,-1,0.3989,1,1.6261,1
342,2018-09-05,0.8265,1,3.4793,1,1.6098,0.613,8.892000000000001,1.493,1,0.9176,1,-0.0994,-1
343,2018-09-06,0.4019,1,-0.26280000000000003,-1,0.0,0.0,3.0,0.0,-1,0.06119999999999998,1,0.0,-1
344,2018-09-07,0.0,-1,0.3558,1,0.6709999999999999,0.078,6.5120000000000005,0.41,1,-0.3109999999999999,-1,0.2022,1
345,2018-09-11,0.6249,1,0.5719,1,0.0,0.0,2.0,0.0,-1,0.4526,1,0.7866,1
346,2018-09-12,0.8146,1,0.4511,1,0.3558,0.0,4.492,0.508,1,-0.6904,-1,1.0726,1
347,2018-09-13,0.4019,1,0.8543000000000001,1,0.1027,0.0,1.811,0.18899999999999997,1,0.399,1,0.21410000000000007,1
348,2018-09-14,0.0,-1,0.3558,1,0.4588,0.0,1.852,0.14800000000000002,1,-0.628,-1,2.4717,1
349,2018-09-17,0.3243999999999999,1,2.6018,1,0.9855,0.0,2.414,0.5860000000000001,1,-1.2249,-1,7.041800000000001,1
350,2018-09-18,-0.2263,-1,3.8452,1,-1.2109999999999999,0.9359999999999999,4.952,0.11199999999999999,-1,0.9909000000000004,1,4.07,1
351,2018-09-19,0.8017,1,3.0283,1,0.863,0.10400000000000001,2.249,0.647,1,0.0,-1,0.4668999999999999,1
352,2018-09-20,0.2732,1,3.8537,1,0.0,0.0,6.0,0.0,-1,0.20409999999999995,1,4.841900000000001,1
353,2018-09-21,1.0416,1,0.0,-1,0.7732,0.317,2.096,0.5870000000000001,1,-0.5197,-1,0.0,-1
354,2018-09-24,0.7469999999999999,1,3.4147,1,-0.5213000000000001,0.754,4.8919999999999995,0.355,-1,0.17559999999999998,1,-0.6009,-1
355,2018-09-25,-1.359,-1,2.3275,1,0.08299999999999996,0.7609999999999999,8.424,0.815,1,0.8607,1,0.5146999999999999,1
356,2018-09-26,0.0,-1,1.6099,1,0.7547999999999999,0.0,2.6239999999999997,0.376,1,0.478,1,1.3284,1
357,2018-09-28,0.7904,1,2.0753,1,-0.6969,1.228,3.073,0.7,-1,-0.7404999999999999,-1,0.17880000000000007,1
358,2018-10-01,0.34,1,0.6885000000000001,1,-0.3818,0.198,5.6979999999999995,0.105,-1,3.5921,1,0.0,-1
359,2018-10-02,1.1109,1,1.9186,1,-1.5497,1.005,4.995,0.0,-1,0.1421,1,0.10320000000000007,1
360,2018-10-04,1.0637,1,0.3811,1,-0.08279999999999997,0.5429999999999999,2.687,0.7709999999999999,-1,0.10200000000000008,1,2.5052,1
361,2018-10-05,0.8607,1,1.5912,1,0.1255,0.165,2.4530000000000003,0.38299999999999995,1,-2.3594,-1,1.1826999999999996,1
362,2018-10-08,-1.3813,-1,1.7603999999999995,1,0.2369000000000001,1.137,7.229000000000001,1.6340000000000001,1,1.2422,1,1.6543,1
363,2018-10-09,0.7269999999999999,1,1.0838,1,-0.4215,0.37200000000000005,1.3659999999999999,0.262,-1,0.8992,1,0.9838,1
364,2018-10-10,0.8219000000000001,1,4.5711,1,1.2936,0.086,2.747,1.166,1,2.1512,1,0.7184,1
365,2018-10-11,0.5992,1,3.4157,1,-0.5267,0.5349999999999999,5.188,0.27699999999999997,-1,-0.5203,-1,0.1876,1
366,2018-10-12,0.7235,1,1.7957,1,0.06130000000000003,0.638,4.472,0.89,1,2.1821,1,3.5021000000000004,1
367,2018-10-16,-0.3629,-1,1.5090000000000001,1,0.7366999999999999,0.373,3.847,0.78,1,0.7337,1,2.1398,1
368,2018-10-17,-0.4767,-1,0.7932999999999999,1,-1.1981,1.021,4.699,0.28,-1,2.0361,1,1.7778999999999998,1
369,2018-10-18,-0.29600000000000004,-1,1.5553,1,0.17659999999999998,0.18600000000000003,1.294,0.52,1,0.0,-1,2.661,1
370,2018-10-19,0.8311999999999999,1,1.7058,1,-0.9978,0.4270000000000001,3.573,0.0,-1,-0.3243999999999999,-1,0.9577,1
371,2018-10-21,0.0,-1,0.0,-1,0.0,0.0,1.0,0.0,-1,-0.2263,-1,0.2282,1
372,2018-10-22,-0.04400000000000004,-1,1.065,1,1.0727000000000002,0.27699999999999997,5.817,0.906,1,0.0,-1,2.7075,1
373,2018-10-23,0.6359999999999999,1,3.0704,1,0.0,0.0,1.0,0.0,-1,0.2805000000000001,1,1.8291,1
374,2018-10-25,2.4611,1,1.712,1,0.8506,0.0,2.46,0.54,1,3.2557,1,1.6606999999999998,1
375,2018-10-26,-4.3051,-1,-4.6231,-1,-0.6611,0.445,2.555,0.0,-1,0.4588,1,3.637,1
376,2018-10-29,0.04559999999999997,1,3.2717,1,0.0,0.0,3.0,0.0,-1,0.6477999999999999,1,0.6427,1
377,2018-10-31,0.906,1,0.0,-1,0.26780000000000004,1.0090000000000001,11.428,1.5630000000000002,1,0.0,-1,1.1267,1
378,2018-11-02,-1.5148,-1,1.2193999999999998,1,0.3064000000000001,0.28,2.352,0.368,1,0.4588,1,2.7055,1
379,2018-11-06,-0.3708,-1,1.2114,1,0.0,0.0,3.0,0.0,-1,0.0,-1,1.9118,1
380,2018-11-07,-0.25,-1,1.7083,1,-0.4404,0.225,0.775,0.0,-1,0.4215,1,0.009200000000000041,1
381,2018-11-08,1.2087,1,1.8352,1,-0.4939,0.32899999999999996,3.529,0.141,-1,0.4588,1,0.9042,1
382,2018-11-12,-0.3732,-1,2.4738,1,0.2809,0.17600000000000002,3.283,0.541,1,-0.29169999999999985,-1,0.8555,1
383,2018-11-14,0.3612,1,0.3909,1,-0.6785,0.595,3.2540000000000004,0.151,-1,0.4215,1,2.5266,1
384,2018-11-15,1.069,1,0.3358999999999999,1,-1.222,0.7440000000000001,3.1180000000000003,0.138,-1,0.26280000000000003,1,1.2273999999999998,1
385,2018-11-16,-1.4102,-1,-1.0209,-1,-0.4767,0.307,1.693,0.0,-1,-0.29600000000000004,-1,1.8062,1
386,2018-11-19,0.5689000000000001,1,0.6518,1,-2.4165,1.656,3.927,0.41700000000000004,-1,0.9318,1,4.8574,1
387,2018-11-20,0.1869,1,0.8210000000000001,1,-0.1335,0.469,2.3280000000000003,0.203,-1,-0.4588,-1,1.388,1
388,2018-11-21,2.3821000000000003,1,3.2322999999999995,1,-0.1894,0.6759999999999999,3.5410000000000004,0.782,-1,0.0,-1,1.5275,1
389,2018-11-23,-0.5,-1,0.8848,1,-0.25170000000000003,0.284,3.232,0.484,-1,-0.8981,-1,0.0772,1
390,2018-11-26,0.5596999999999999,1,2.9725000000000006,1,0.6854999999999998,1.3310000000000002,5.3229999999999995,1.346,1,-0.5574,-1,3.4663000000000004,1
391,2018-11-27,0.9471000000000002,1,4.2199,1,-0.3046,0.46799999999999997,3.292,0.239,-1,0.034700000000000064,1,0.8765,1
392,2018-11-28,0.6808,1,2.3965,1,0.4588,0.0,1.5,0.5,1,0.34,1,0.75,1
393,2018-11-29,0.4588,1,0.8452000000000002,1,-0.1531,0.16699999999999998,1.714,0.11900000000000001,-1,0.5899,1,3.0891,1
394,2018-11-30,0.0635,1,2.4863000000000004,1,1.3348,0.0,4.246,0.754,1,0.536,1,0.1901,1
395,2018-12-03,0.6234000000000001,1,2.5501,1,0.0,0.0,2.0,0.0,-1,0.943,1,-0.4587000000000001,-1
396,2018-12-04,-0.8765000000000002,-1,1.6932,1,0.8233999999999999,0.0,1.619,0.381,1,0.0,-1,0.0258,1
397,2018-12-05,4.1401,1,3.5732,1,0.8102000000000001,1.3450000000000002,8.123,1.5319999999999998,1,0.4588,1,1.2386,1
398,2018-12-07,-0.9557,-1,2.4218,1,1.2039,0.0,2.239,0.7609999999999999,1,1.3763999999999998,1,0.3648,1
399,2018-12-11,0.6364,1,3.7462,1,0.9306,0.0,3.592,0.408,1,0.09249999999999996,1,4.6184,1
400,2018-12-12,1.0255,1,3.4601,1,0.11439999999999995,0.28700000000000003,3.428,0.285,1,0.0,-1,0.4939,1
401,2018-12-13,0.6215999999999999,1,0.6518,1,-0.2391,0.48,4.1960000000000015,0.324,-1,-0.222,-1,0.4767,1
402,2018-12-14,0.08920000000000006,1,-0.007699999999999985,-1,-0.7519,0.91,5.621,0.469,-1,-0.8645999999999999,-1,0.3632,1
403,2018-12-17,1.2046,1,1.7246,1,-0.3182,0.27699999999999997,4.723,0.0,-1,0.2224,1,0.0,-1
404,2018-12-18,1.6345,1,1.4731999999999998,1,0.0,0.0,1.0,0.0,-1,0.29600000000000004,1,0.6011,1
405,2018-12-19,-0.2732,-1,-0.4215,-1,-2.1237,1.09,5.91,0.0,-1,-0.34,-1,6.8029,1
406,2018-12-20,0.6939,1,-0.5035000000000001,-1,-0.9292,0.73,4.985,0.28600000000000003,-1,0.4588,1,1.4592,1
407,2018-12-21,0.5046,1,0.8516999999999999,1,1.1181,0.39799999999999996,5.518,1.084,1,0.0,-1,0.364,1
408,2018-12-24,-0.29600000000000004,-1,-0.3059,-1,0.4039,0.745,1.5019999999999998,0.753,1,-0.5096999999999999,-1,1.6868,1
409,2018-12-26,0.4588,1,5.4738000000000016,1,1.5114,0.0,2.9219999999999997,1.0779999999999998,1,1.4006,1,4.0149,1
410,2018-12-27,0.0,-1,0.2732,1,-0.4767,0.22,2.78,0.0,-1,0.1219,1,2.9043,1
411,2018-12-28,0.0,-1,1.4130999999999998,1,-0.34,0.375,3.625,0.0,-1,-0.07940000000000003,-1,0.8943000000000001,1
412,2018-12-31,-0.06679999999999993,-1,1.1883,1,0.34600000000000003,0.4420000000000001,7.0,0.5589999999999999,1,0.0,-1,2.1538,1
413,2019-01-03,0.8271,1,0.6234999999999999,1,2.0746,0.0,4.053,0.947,1,0.4539,1,2.4885,1
414,2019-01-04,1.2662,1,0.3561,1,0.0,0.0,1.0,0.0,-1,0.3818,1,-0.1628,-1
415,2019-01-07,0.6908,1,4.1566,1,1.1148,0.17600000000000002,3.018,0.8059999999999999,1,0.25,1,1.4845000000000002,1
416,2019-01-08,0.4588,1,3.8693,1,1.7302,0.0,3.165,0.835,1,1.8077,1,0.0,-1
417,2019-01-09,0.0,-1,1.6969,1,-0.8339000000000001,0.484,3.516,0.0,-1,-1.4619,-1,2.2812,1
418,2019-01-10,-0.03380000000000005,-1,4.4423,1,0.8963000000000001,0.0,1.505,0.495,1,-0.29600000000000004,-1,2.1518,1
419,2019-01-11,0.2732,1,0.9527,1,0.5859,0.0,0.73,0.27,1,1.67,1,2.4633,1
420,2019-01-14,0.0,-1,1.8016,1,-0.5574,0.34,0.66,0.0,-1,0.1531,1,1.1196,1
421,2019-01-15,0.17049999999999998,1,2.8347,1,1.9044,0.0,3.909,1.091,1,0.4215,1,0.6705,1
422,2019-01-17,0.7596999999999999,1,1.3164,1,-0.0258,0.23399999999999999,2.541,0.225,-1,-0.29600000000000004,-1,2.448,1
423,2019-01-18,1.4794,1,1.5313,1,0.6962,0.13,3.338,0.532,1,2.1241,1,0.7263,1
424,2019-01-22,0.2023,1,0.7498,1,0.0,0.0,3.0,0.0,-1,-0.8235000000000001,-1,1.8221,1
425,2019-01-23,1.5375,1,1.6967,1,-0.0772,0.115,1.885,0.0,-1,-0.8514,-1,0.14860000000000012,1
426,2019-01-25,0.2933,1,1.6356,1,0.0,0.0,2.0,0.0,-1,0.6369,1,6.87,1
427,2019-01-28,-0.2732,-1,1.2071,1,1.358,0.0,3.287,0.7130000000000001,1,0.35079999999999995,1,1.4138000000000002,1
428,2019-01-29,0.3561,1,0.8825,1,0.8828,0.424,3.611,0.965,1,-0.4654,-1,0.7003,1
429,2019-01-30,0.32670000000000005,1,0.4739,1,1.0971000000000002,0.364,11.377999999999998,1.258,1,-0.08340000000000003,-1,-0.5579000000000001,-1
430,2019-01-31,0.2055,1,3.3657000000000004,1,4.1881,1.247,13.388,3.365,1,1.1399,1,4.228600000000001,1
431,2019-02-01,1.3314,1,4.7567,1,-0.4588,0.231,7.769,0.0,-1,0.4588,1,3.304,1
432,2019-02-04,1.531,1,2.1887,1,0.0,0.0,2.0,0.0,-1,3.6655,1,1.4506,1
433,2019-02-06,-0.2702,-1,0.6183000000000001,1,0.2023,0.0,1.859,0.141,1,-0.2292,-1,0.7202,1
434,2019-02-07,0.0,-1,-0.3164,-1,0.0,0.0,1.0,0.0,-1,-0.5984,-1,2.2406,1
435,2019-02-08,-0.2732,-1,0.3650000000000001,1,-0.01100000000000001,0.3,4.097,0.603,-1,1.1364,1,0.6756,1
436,2019-02-11,0.0,-1,1.2990000000000002,1,0.0,0.0,1.0,0.0,-1,0.615,1,6.9064000000000005,1
437,2019-02-12,0.6676,1,2.6746,1,0.4588,0.0,1.571,0.429,1,0.1779,1,0.2732,1
438,2019-02-13,0.6048,1,0.4588,1,0.7579,0.0,1.516,0.484,1,0.8818999999999999,1,1.4169,1
439,2019-02-14,-0.6927,-1,1.5675,1,0.24669999999999995,0.473,4.4830000000000005,1.043,1,0.25,1,4.1038000000000014,1
440,2019-02-19,0.6611,1,2.9725,1,-0.128,0.158,5.8420000000000005,0.0,-1,2.0023,1,0.3182,1
441,2019-02-20,0.7889999999999999,1,1.7738999999999998,1,0.9551,0.0,2.303,0.6970000000000001,1,0.23600000000000002,1,0.0,-1
442,2019-02-22,0.0,-1,0.02300000000000002,1,0.0,0.0,1.0,0.0,-1,0.743,1,2.7305,1
443,2019-02-25,0.4588,1,1.6024,1,0.34,0.0,0.769,0.231,1,-0.027899999999999925,-1,1.0678,1
444,2019-02-26,0.2023,1,0.7210000000000001,1,0.4215,0.0,0.7809999999999999,0.21899999999999997,1,-1.7125,-1,4.5326,1
445,2019-02-27,1.3776,1,1.9327,1,0.6808,0.302,2.037,0.6609999999999999,1,0.8818999999999999,1,0.6732,1
446,2019-02-28,0.0,-1,1.4046999999999998,1,-0.4767,0.307,1.693,0.0,-1,0.8975000000000001,1,1.0270000000000001,1
447,2019-03-01,0.0,-1,1.3266,1,0.28480000000000005,0.341,2.146,0.513,1,1.6607,1,3.0998,1
448,2019-03-04,0.4028000000000001,1,0.8326,1,0.0,0.0,1.0,0.0,-1,-0.5367,-1,-0.1841,-1
449,2019-03-05,0.16619999999999996,1,0.1019,1,0.8803,0.0,1.352,0.648,1,-1.5882000000000005,-1,0.5763,1
450,2019-03-06,0.3802,1,1.3181999999999998,1,0.03500000000000003,0.21600000000000003,3.318,0.466,1,0.4714,1,0.29600000000000004,1
451,2019-03-07,0.0,-1,1.7229,1,0.4215,0.0,0.833,0.16699999999999998,1,1.8955,1,6.5562000000000005,1
452,2019-03-08,0.4947,1,1.6536,1,0.725,0.174,2.281,0.545,1,1.9287,1,2.3497000000000003,1
453,2019-03-11,0.5267,1,-0.256,-1,1.6302,0.384,6.702999999999999,0.9129999999999998,1,0.26030000000000003,1,2.2761,1
454,2019-03-12,2.0216,1,-0.1794,-1,0.4846,0.0,1.5719999999999998,0.4280000000000001,1,-0.918,-1,1.4670999999999998,1
455,2019-03-13,-0.2732,-1,0.9979,1,-1.0565,0.928,3.89,0.182,-1,0.128,1,0.0,-1
456,2019-03-14,1.4441,1,0.0837,1,-0.8928,1.455,8.558,0.986,-1,0.0772,1,0.012199999999999964,1
457,2019-03-15,1.2925,1,1.2109,1,1.8914,0.0,4.189,0.8109999999999999,1,2.115,1,0.3742,1
458,2019-03-20,1.5181999999999998,1,2.2589,1,0.4588,0.0,0.8,0.2,1,0.0,-1,0.0,-1
459,2019-03-21,1.0696,1,0.37799999999999995,1,1.2853,0.0,6.1739999999999995,0.826,1,-0.3695999999999999,-1,1.5104,1
460,2019-03-25,-1.5566,-1,0.5375000000000001,1,0.0,0.0,1.0,0.0,-1,-1.8207,-1,0.8646,1
461,2019-03-26,0.7528,1,0.1779,1,-0.305,0.416,1.4240000000000002,0.161,-1,-0.5106,-1,4.3919,1
462,2019-03-27,1.281,1,3.4413,1,0.8233999999999999,0.0,1.555,0.4450000000000001,1,-0.7269,-1,0.807,1
463,2019-03-28,0.679,1,1.6149,1,-0.7837,0.5820000000000001,5.2139999999999995,0.204,-1,0.0,-1,0.5326,1
464,2019-03-29,0.6908,1,2.2054,1,-0.6124,0.312,1.6880000000000002,0.0,-1,0.2673,1,4.2428,1
465,2019-04-01,0.2023,1,0.8170000000000001,1,0.0,0.0,3.0,0.0,-1,0.4588,1,1.6836,1
466,2019-04-02,-0.4313,-1,0.02690000000000004,1,-0.6486,0.441,2.559,0.0,-1,-0.9916,-1,0.8436999999999999,1
467,2019-04-03,0.7303999999999999,1,2.3347,1,-0.1378,0.462,5.2959999999999985,0.243,-1,-1.1074,-1,2.2356,1
468,2019-04-04,0.2716,1,1.5809999999999995,1,0.9176,0.0,2.491,0.509,1,-3.7636,-1,3.5426,1
469,2019-04-05,0.8206,1,0.6183000000000001,1,0.7841,0.27699999999999997,3.248,0.475,1,0.2023,1,6.285900000000002,1
470,2019-04-08,0.4553,1,0.9511,1,0.1027,0.0,5.877000000000001,0.12300000000000001,1,-1.7906,-1,0.7365999999999999,1
471,2019-04-09,2.3045,1,0.1033,1,0.11180000000000008,0.5579999999999999,4.731,0.7110000000000001,1,-0.3182,-1,1.6942,1
472,2019-04-10,0.7855000000000001,1,1.9569000000000003,1,-0.23350000000000004,0.495,2.158,0.348,-1,1.6816,1,2.5248,1
473,2019-04-11,-0.0867,-1,-0.1642,-1,-0.1246,0.344,3.3989999999999996,0.257,-1,1.4648,1,1.7305,1
474,2019-04-12,-0.6369,-1,0.7845,1,0.25,0.14300000000000002,2.612,0.245,1,0.2307,1,2.2046,1
475,2019-04-15,0.7723,1,1.9356,1,-0.0516,0.146,3.8539999999999996,0.0,-1,0.4215,1,2.7956000000000003,1
476,2019-04-16,0.09130000000000016,1,1.2014,1,-0.34879999999999994,0.28600000000000003,2.555,0.159,-1,0.5324000000000001,1,2.229,1
477,2019-04-17,0.624,1,-0.4953,-1,0.0,0.0,2.0,0.0,-1,-0.2732,-1,0.4404,1
478,2019-04-18,0.3558,1,2.6153,1,0.3688,0.583,2.716,0.7010000000000001,1,-0.2732,-1,0.3612,1
479,2019-04-22,0.4495,1,0.8875,1,0.1965,0.146,4.488,0.366,1,-0.29600000000000004,-1,1.281,1
480,2019-04-23,0.8140999999999998,1,6.083500000000001,1,2.7683,0.0,5.401,1.5989999999999998,1,1.7205,1,-0.7008000000000002,-1
481,2019-04-24,0.0,-1,1.8543,1,0.33030000000000004,0.138,9.512,0.35,1,-1.1842,-1,3.4761,1
482,2019-04-25,0.2023,1,1.2606,1,1.0196999999999996,1.793,23.933000000000003,2.274,1,-0.2778,-1,0.4588,1
483,2019-04-26,-0.047699999999999985,-1,4.1579000000000015,1,-0.3908000000000001,0.935,2.417,0.648,-1,-0.5186999999999999,-1,0.9103,1
484,2019-04-29,-0.6022000000000001,-1,1.3536,1,0.0,0.0,1.0,0.0,-1,0.3818,1,2.3318,1
485,2019-04-30,-1.9536,-1,1.3082,1,0.6908,0.0,4.4670000000000005,0.5329999999999999,1,-0.9639,-1,0.2117000000000001,1
486,2019-05-03,0.3182,1,0.5106,1,0.4019,0.0,3.7689999999999997,0.231,1,-0.9724,-1,0.3218,1
487,2019-05-06,0.9433,1,0.5994,1,0.0,0.0,1.0,0.0,-1,-1.5531,-1,1.515,1
488,2019-05-08,0.1552000000000001,1,0.2200000000000001,1,0.2263,0.0,1.8259999999999998,0.174,1,-0.3612,-1,1.9641,1
489,2019-05-10,-0.29600000000000004,-1,0.1779,1,-0.3818,0.187,1.714,0.099,-1,0.2263,1,0.7936000000000001,1
490,2019-05-13,0.2023,1,1.4632999999999998,1,-0.21889999999999987,0.6100000000000001,3.9419999999999997,0.44799999999999995,-1,-0.34,-1,-0.3182,-1
491,2019-05-14,-0.1027,-1,2.1247000000000003,1,-0.25,0.496,4.1419999999999995,0.36200000000000004,-1,0.0,-1,0.8868,1
492,2019-05-15,0.8428,1,1.4842,1,-0.4939,0.18600000000000003,1.814,0.0,-1,-1.6005,-1,0.0,-1
493,2019-05-16,0.7742,1,-0.04250000000000004,-1,0.6369,0.0,1.606,0.39399999999999996,1,-1.6826,-1,3.2806,1
494,2019-05-17,-0.9233,-1,1.6946,1,0.4846,0.21600000000000003,2.26,0.524,1,-1.1259,-1,0.4396,1
495,2019-05-22,-0.3987,-1,-0.5106,-1,-0.5574,0.34,1.66,0.0,-1,-0.8595,-1,-0.07350000000000001,-1
496,2019-05-23,-0.1027,-1,1.5004,1,-1.315,0.667,5.332999999999999,0.0,-1,-0.3471000000000001,-1,3.261,1
497,2019-05-24,0.5267,1,0.4568,1,-0.4014,0.912,3.58,0.508,-1,0.0,-1,7.8645999999999985,1
498,2019-05-28,0.0,-1,1.5745999999999998,1,-0.6317000000000002,0.5870000000000001,3.1820000000000004,0.231,-1,0.0,-1,1.2629,1
499,2019-05-29,-0.4729,-1,2.2367,1,0.0,0.251,1.5219999999999998,0.22699999999999998,-1,0.5023,1,-1.0437,-1
500,2019-05-30,0.06640000000000001,1,1.4534,1,0.5859,0.0,0.7140000000000001,0.28600000000000003,1,0.2374000000000001,1,2.8581,1
501,2019-05-31,-0.3566,-1,2.0339,1,-0.8449,0.575,2.425,0.0,-1,-0.4751,-1,0.8792,1
502,2019-06-03,0.4838999999999999,1,1.8619,1,-0.005100000000000049,0.9590000000000001,8.027999999999999,1.013,-1,0.3818,1,0.34,1
503,2019-06-04,0.4992,1,0.6367,1,-0.6886,0.493,5.3900000000000015,0.11699999999999999,-1,0.7579,1,1.3936,1
504,2019-06-05,-0.2450000000000001,-1,1.5981999999999998,1,0.0,0.0,3.0,0.0,-1,-0.6808,-1,0.0,-1
505,2019-06-07,1.6596000000000002,1,1.1704,1,0.7146,0.507,4.604,0.889,1,0.0,-1,0.0,-1
506,2019-06-10,0.9176,1,2.7602,1,0.4588,0.0,1.727,0.273,1,1.025,1,2.477,1
507,2019-06-11,2.1164,1,0.17339999999999994,1,0.4588,0.0,4.812,0.188,1,0.4588,1,-1.1425,-1
508,2019-06-13,2.3912,1,0.22640000000000005,1,0.11559999999999993,0.386,6.027,0.5870000000000001,1,-0.5908,-1,2.5164,1
509,2019-06-14,0.2439,1,1.2546,1,-1.4469,1.355,5.189,0.456,-1,-0.3182,-1,0.904,1
510,2019-06-17,0.0212,1,0.9541,1,-0.5267,0.23600000000000002,3.764,0.0,-1,0.4215,1,-0.14220000000000002,-1
511,2019-06-18,0.4308,1,4.0909,1,2.2253,0.155,11.435,1.41,1,0.6787000000000001,1,-0.29600000000000004,-1
512,2019-06-20,1.1124999999999998,1,3.2606,1,0.4019,0.0,0.722,0.278,1,-1.2381000000000002,-1,0.7958000000000001,1
513,2019-06-24,0.6085,1,1.9245,1,-0.3571999999999999,0.593,6.018,0.39,-1,0.9471,1,3.3484000000000003,1
514,2019-06-25,0.0,-1,2.8841,1,-0.4142,0.865,7.317,0.8180000000000001,-1,0.4717,1,5.5070000000000014,1
515,2019-06-26,0.0,-1,2.1804,1,0.6611,0.0,4.62,0.38,1,-0.0511,-1,1.2655000000000003,1
516,2019-06-27,0.6851,1,1.6501,1,0.4588,0.0,3.824,0.17600000000000002,1,0.7636,1,1.0629,1
517,2019-06-28,-0.34,-1,0.7906,1,0.3612,0.0,1.6669999999999998,0.33299999999999996,1,-1.5223,-1,3.0897,1
518,2019-07-01,1.722,1,0.4939,1,0.0,0.0,1.0,0.0,-1,0.0,-1,1.0135,1
519,2019-07-02,0.8623,1,1.3039999999999998,1,0.0,0.0,3.0,0.0,-1,-0.007499999999999951,-1,1.5620999999999998,1
520,2019-07-03,-0.1589,-1,0.8473999999999999,1,-0.6132,0.6779999999999999,4.035,0.287,-1,1.2531,1,2.9791,1
521,2019-07-04,0.2023,1,0.0516,1,0.6611,0.0,2.5639999999999996,0.436,1,0.0,-1,0.0,-1
522,2019-07-08,1.0416,1,1.9279,1,0.0911,0.35100000000000003,6.332999999999999,0.315,1,-0.2307,-1,3.8505,1
523,2019-07-09,0.2001,1,1.0556,1,0.1779,0.0,1.855,0.145,1,0.1059,1,0.9737,1
524,2019-07-10,0.5267,1,1.6903,1,1.7060999999999995,0.24600000000000002,6.6019999999999985,1.151,1,1.0011,1,0.9957,1
525,2019-07-11,1.7063,1,2.1171,1,1.4588,0.10400000000000001,4.015,0.8809999999999999,1,0.6486,1,1.1695,1
526,2019-07-12,-0.4767,-1,0.8498,1,0.8038,0.0,3.525,0.475,1,0.0,-1,1.5490000000000002,1
527,2019-07-15,-0.2158,-1,0.9915,1,0.5575000000000001,0.637,5.364,0.998,1,0.0,-1,0.0,-1
528,2019-07-16,-0.8716000000000002,-1,1.7375,1,-0.34,0.28600000000000003,2.714,0.0,-1,-0.29600000000000004,-1,2.9029,1
529,2019-07-17,-0.5781000000000001,-1,1.8014,1,0.0,0.0,1.0,0.0,-1,0.0,-1,2.8165,1
530,2019-07-18,-0.29600000000000004,-1,0.8963000000000001,1,0.35540000000000005,0.39,2.071,0.5379999999999999,1,0.0,-1,1.9009,1
531,2019-07-22,-0.4802,-1,2.1923,1,0.0,0.0,4.0,0.0,-1,-0.03510000000000002,-1,2.1981,1
532,2019-07-23,1.5823,1,2.6870000000000003,1,1.834,0.42700000000000005,6.1770000000000005,1.396,1,0.2181,1,0.9626,1
533,2019-07-24,-0.2967000000000001,-1,0.8670000000000001,1,0.4607999999999999,0.8400000000000001,16.026,1.134,1,-0.9953,-1,0.3612,1
534,2019-07-25,0.9494,1,2.0318,1,3.5549,0.509,11.445,2.045,1,-3.8933,-1,1.5012,1
535,2019-07-29,1.1284999999999998,1,1.4509999999999998,1,0.4588,0.0,0.667,0.33299999999999996,1,0.0,-1,0.2732,1
536,2019-07-31,0.5667,1,0.5798,1,0.4019,0.0,0.787,0.213,1,0.2732,1,0.7677,1
537,2019-08-02,0.16720000000000002,1,1.0204,1,0.4588,0.0,2.571,0.429,1,0.0,-1,0.9955,1
538,2019-08-05,0.5224,1,1.4082,1,0.2041,0.191,2.457,0.35200000000000004,1,-1.8555,-1,0.8461,1
539,2019-08-07,-0.2732,-1,2.7228000000000003,1,0.0,0.0,1.0,0.0,-1,0.3957,1,0.8825999999999998,1
540,2019-08-08,1.3388,1,0.4404,1,-0.3182,0.247,1.753,0.0,-1,-0.5719,-1,2.8739999999999997,1
541,2019-08-09,-0.1027,-1,0.6739999999999999,1,0.4588,0.0,2.8,0.2,1,-0.2023,-1,9.465800000000002,1
542,2019-08-13,0.025600000000000005,1,0.0752,1,0.0,0.0,3.0,0.0,-1,0.3612,1,0.0,-1
543,2019-08-14,-0.0572,-1,0.3782,1,0.0,0.0,2.0,0.0,-1,0.0,-1,0.2684,1
544,2019-08-19,-1.2166,-1,2.2115,1,1.0932,0.0,6.364000000000001,0.636,1,0.0,-1,0.0,-1
545,2019-08-20,1.2355,1,2.175,1,0.8104999999999999,0.284,11.825,0.8909999999999999,1,-0.68,-1,5.0704,1
546,2019-08-23,-0.023999999999999997,-1,-0.3915,-1,-0.17189999999999994,0.405,6.215000000000002,0.38,-1,-1.2559,-1,0.29600000000000004,1
547,2019-08-26,0.2023,1,-0.4585,-1,0.0,0.0,1.0,0.0,-1,0.7482,1,0.9559,1
548,2019-08-28,-0.5425,-1,2.3133,1,0.6386000000000001,0.168,3.515,0.318,1,-0.34,-1,0.3817999999999999,1
549,2019-08-29,0.4588,1,1.1541,1,0.4588,0.0,1.625,0.375,1,-0.5106,-1,0.34569999999999995,1
550,2019-08-30,0.3128,1,0.18120000000000006,1,-0.2732,0.29600000000000004,0.7040000000000001,0.0,-1,0.9268999999999998,1,1.2403,1
551,2019-09-03,-0.7003,-1,3.4549,1,0.8551,0.0,3.497,0.503,1,0.0,-1,1.8828,1
552,2019-09-04,-1.1868,-1,-0.4217,-1,-0.196,0.205,3.5269999999999997,0.268,-1,0.128,1,-0.9379,-1
553,2019-09-06,1.0162,1,1.5339,1,1.1535,0.0,4.348,0.652,1,0.0,-1,0.4626,1
554,2019-09-09,0.4409,1,0.7077,1,-0.5316,0.27699999999999997,1.587,0.136,-1,-0.5267,-1,1.6941,1
555,2019-09-10,0.0,-1,1.0516,1,0.5574,0.0,2.625,0.375,1,0.0,-1,2.6354,1
556,2019-09-11,0.0,-1,0.4591,1,0.0,0.0,3.0,0.0,-1,0.4588,1,1.7975,1
557,2019-09-13,0.0,-1,1.0162,1,0.305,0.205,2.415,0.38,1,0.5574,1,1.9935,1
558,2019-09-16,0.0,-1,1.898,1,-0.2732,0.12300000000000001,2.877,0.0,-1,0.9878,1,2.8752000000000004,1
559,2019-09-18,0.0,-1,1.6724,1,0.9855,0.113,5.216,0.6709999999999999,1,-0.8631,-1,1.0124,1
560,2019-09-20,0.9754,1,0.8899999999999999,1,0.0,0.0,1.0,0.0,-1,0.0,-1,0.7365999999999999,1
561,2019-09-23,0.9997,1,2.1173,1,-0.14440000000000006,0.225,2.5069999999999997,0.268,-1,0.3003,1,1.7560000000000002,1
562,2019-09-24,1.8046,1,1.5907999999999998,1,0.3308,0.17,1.263,0.5670000000000001,1,-0.128,-1,5.3469000000000015,1
563,2019-09-26,-0.3321,-1,0.1779,1,0.07319999999999993,0.5529999999999999,2.962,0.485,1,0.4588,1,5.3839,1
564,2019-09-27,0.0,-1,0.2732,1,0.9509,0.192,5.115,0.6930000000000001,1,-0.2467,-1,2.015,1
565,2019-09-30,0.0,-1,1.5793,1,0.2373,0.214,4.442,0.344,1,-0.5267,-1,0.7804,1
566,2019-10-01,-0.6476999999999999,-1,1.2734,1,-0.7311,0.8009999999999999,5.925,0.275,-1,0.2023,1,3.5622,1
567,2019-10-02,-0.2263,-1,0.5597,1,0.0,0.0,2.0,0.0,-1,0.6197999999999999,1,1.5075,1
568,2019-10-03,0.9694,1,0.14340000000000008,1,-0.1875,0.632,8.763,0.6060000000000001,-1,0.4156000000000001,1,1.3854000000000002,1
569,2019-10-04,1.1684,1,0.5179,1,-0.5913999999999999,0.463,2.537,0.0,-1,0.33030000000000004,1,1.0003,1
570,2019-10-07,-0.3566,-1,0.1815,1,0.0,0.0,2.0,0.0,-1,0.3836,1,0.2869000000000001,1
571,2019-10-08,0.14449999999999993,1,1.6380000000000001,1,1.1794,0.581,8.065999999999999,1.3530000000000002,1,0.0,-1,2.4523,1
572,2019-10-15,1.5787,1,1.4653999999999998,1,0.9694,0.0,5.468999999999999,0.531,1,0.9855,1,1.8368,1
573,2019-10-17,0.0,-1,0.1779,1,1.0373,0.0,3.318,0.6819999999999999,1,0.1027,1,-0.4855,-1
574,2019-10-22,0.6651,1,-0.4588,-1,0.4815999999999999,0.18899999999999997,4.343999999999999,0.467,1,0.0,-1,-0.4588,-1
575,2019-10-23,1.6955,1,1.2202000000000002,1,0.0,0.149,3.662,0.18899999999999997,-1,0.9405000000000002,1,3.0795,1
576,2019-10-24,0.0,-1,3.7760000000000002,1,0.1856,0.231,1.469,0.3,1,2.3835,1,0.8210999999999999,1
577,2019-10-25,-0.2299,-1,-3.072799999999998,-1,0.6367,0.0,2.501,0.499,1,0.7184,1,1.59,1
578,2019-10-28,1.2675999999999998,1,1.6658999999999995,1,-0.3412,0.21100000000000002,1.789,0.0,-1,0.6808,1,-0.27540000000000003,-1
579,2019-10-29,1.2086,1,1.7342999999999995,1,0.15549999999999994,0.174,2.6689999999999996,0.157,1,-0.19559999999999989,-1,0.0,-1
580,2019-10-30,0.2023,1,0.7498,1,0.7764000000000001,0.0,7.268000000000002,0.732,1,0.0,-1,6.8285,1
581,2019-10-31,0.6667,1,0.0,-1,2.6731000000000003,1.847,18.255,2.8999999999999995,1,0.0,-1,-0.4396,-1
582,2019-11-01,1.4025,1,1.4297,1,1.0498,0.149,4.208,0.643,1,0.0,-1,1.3644,1
583,2019-11-04,0.0,-1,2.5795,1,1.6886,0.0,3.355,0.645,1,0.4844000000000001,1,2.0099,1
584,2019-11-06,0.25349999999999995,1,1.1274,1,-0.2054,0.616,5.841,0.5429999999999999,-1,0.5994,1,0.9666,1
585,2019-11-08,-0.0276,-1,-0.2661000000000001,-1,0.4588,0.0,2.667,0.33299999999999996,1,0.3844,1,2.5502,1
586,2019-11-11,1.0796,1,0.013200000000000043,1,-0.5824999999999999,0.483,2.23,0.28700000000000003,-1,0.9176,1,0.0,-1
587,2019-11-12,0.6068,1,0.7096,1,0.1959999999999999,0.759,3.516,0.7250000000000001,1,0.0,-1,0.636,1
588,2019-11-13,1.2627999999999997,1,0.8026,1,0.25,0.109,0.703,0.187,1,0.0,-1,1.9505,1
589,2019-11-14,0.0516,1,0.7008000000000001,1,-0.4767,0.341,2.659,0.0,-1,0.8606,1,0.05170000000000002,1
590,2019-11-15,1.867,1,1.6214000000000002,1,0.344,0.078,1.473,0.449,1,0.2023,1,0.14069999999999994,1
591,2019-11-18,2.2586,1,2.1864,1,0.6249,0.0,0.6829999999999999,0.317,1,0.0,-1,0.32319999999999993,1
592,2019-11-19,1.3221999999999998,1,2.2276,1,0.0,0.0,2.0,0.0,-1,0.6042,1,2.536,1
593,2019-11-20,2.0858,1,1.2637,1,0.0,0.0,2.0,0.0,-1,0.0,-1,-0.3359,-1
594,2019-11-21,-0.3242,-1,1.8163,1,0.1779,0.0,2.898,0.102,1,1.2813,1,1.3676,1
595,2019-11-25,0.13579999999999992,1,1.7687999999999997,1,1.1626,0.221,5.6160000000000005,1.163,1,0.0,-1,0.9918,1
596,2019-11-26,0.5096,1,0.5561999999999998,1,0.2732,0.20600000000000002,1.476,0.317,1,0.4985,1,1.7488,1
597,2019-11-27,1.0534,1,2.6323,1,0.4588,0.0,0.5710000000000001,0.429,1,0.3698,1,1.673,1
598,2019-11-29,-0.5920000000000001,-1,1.9389,1,-0.7007,0.534,2.168,0.298,-1,0.0,-1,0.0,-1
599,2019-12-03,-0.3612,-1,9.2344,1,0.6242999999999999,0.536,5.609,0.855,1,-0.3612,-1,-0.19640000000000007,-1
600,2019-12-04,0.5106,1,6.156800000000001,1,0.7838,0.0,2.69,0.31,1,1.1012,1,0.0,-1
601,2019-12-10,1.5522,1,3.5639000000000003,1,0.0,0.0,1.0,0.0,-1,0.0,-1,1.1199,1
602,2019-12-11,0.3619,1,1.4207,1,2.2414,0.16,3.439,1.4010000000000002,1,0.3182,1,0.0,-1
603,2019-12-12,0.0,-1,0.9743,1,-0.5445,0.484,3.516,0.0,-1,0.5859,1,0.28679999999999994,1
604,2019-12-13,1.069,1,0.3558,1,-0.3182,0.204,2.7960000000000003,0.0,-1,0.0,-1,0.9934,1
605,2019-12-17,0.732,1,2.8521,1,-0.4983,0.25,3.75,0.0,-1,0.0,-1,0.5184,1
606,2019-12-18,0.31860000000000005,1,2.3506,1,2.324,0.0,5.317,1.6829999999999998,1,-0.5464,-1,1.3609,1
607,2019-12-19,0.0,-1,1.5212,1,1.6682,1.02,5.432,2.5490000000000004,1,-0.7845,-1,1.7727,1
608,2019-12-20,0.1783,1,0.9277,1,0.4588,0.0,2.8,0.2,1,0.0,-1,1.9703,1
609,2019-12-23,1.1293,1,0.15749999999999992,1,0.0,0.0,1.0,0.0,-1,1.6733999999999998,1,0.4728,1
610,2019-12-24,0.2023,1,2.0037,1,0.3818,0.0,0.833,0.16699999999999998,1,-0.2732,-1,1.3794,1
611,2019-12-26,0.5267,1,8.1899,1,0.7906,0.0,1.5619999999999998,0.43799999999999994,1,4.382,1,4.2849,1
612,2019-12-27,0.2023,1,0.4404,1,-0.12110000000000005,0.445,2.165,0.39,-1,1.418,1,-0.4054,-1
613,2019-12-30,0.4939,1,0.4423,1,2.2739,0.0,5.745,1.255,1,-1.7052,-1,8.694500000000001,1
614,2019-12-31,-0.8227,-1,0.3612,1,0.0,0.0,2.0,0.0,-1,-0.0276,-1,0.3833,1
615,2020-01-06,1.5114,1,1.7295000000000005,1,1.7569,0.392,10.817,1.791,1,0.0,-1,0.0,-1
616,2020-01-07,1.4787,1,5.5562999999999985,1,-2.669399999999999,3.6000000000000005,18.513,1.886,-1,6.3832,1,2.1536,1
617,2020-01-08,0.2585,1,3.594,1,-1.1541,2.7380000000000004,13.276,1.985,-1,4.572800000000001,1,0.8011,1
618,2020-01-09,2.9779,1,2.2028,1,1.7984,0.0,13.714,1.286,1,4.6815,1,0.4588,1
619,2020-01-10,2.7823,1,3.2329,1,3.1639,0.466,18.823,2.7119999999999997,1,4.6998,1,2.3744000000000005,1
620,2020-01-11,-0.12080000000000002,-1,0.3443,1,1.092,0.156,2.141,0.703,1,0.8803,1,0.1641999999999999,1
621,2020-01-12,0.0,-1,-0.0363,-1,0.6249,0.0,1.579,0.42100000000000004,1,-0.4767,-1,-0.9533,-1
622,2020-01-13,2.2006,1,5.225000000000001,1,2.1301,0.5640000000000001,11.599,1.837,1,3.7852,1,0.8718,1
623,2020-01-14,2.4488,1,4.073099999999998,1,3.8306000000000013,1.13,17.507,3.364,1,2.3926,1,2.2295,1
624,2020-01-15,1.9462,1,6.870700000000001,1,2.6552,0.0,6.986999999999997,2.013,1,2.5481000000000003,1,0.6486,1
625,2020-01-16,1.5267999999999995,1,5.8211,1,2.2547,1.4500000000000002,15.456,3.094,1,4.8645,1,-0.18760000000000004,-1
626,2020-01-17,5.3447,1,4.3123000000000005,1,2.0786,1.1900000000000002,20.458,2.353,1,-1.0176000000000005,-1,3.9189,1
627,2020-01-18,1.1872000000000005,1,1.4745,1,-0.09369999999999998,0.196,1.6369999999999998,0.16699999999999998,-1,-1.4495999999999998,-1,0.4019,1
628,2020-01-19,0.6222,1,0.9059999999999999,1,0.1079,0.703,2.762,0.535,1,0.7769999999999999,1,0.25649999999999995,1
629,2020-01-20,0.8119000000000001,1,0.5521999999999999,1,1.6032000000000002,0.21600000000000003,5.393999999999999,1.39,1,1.0756,1,1.5275,1
630,2020-01-21,-1.1941,-1,5.102099999999999,1,2.0461,2.011,20.109,2.8810000000000002,1,8.2623,1,2.0614,1
631,2020-01-22,1.0062000000000004,1,4.290000000000001,1,1.9696,0.8909999999999999,13.411,1.6980000000000002,1,10.636699999999998,1,2.4336,1
632,2020-01-23,5.3130000000000015,1,10.290300000000002,1,2.7249,1.889,19.921,3.19,1,-2.0358,-1,2.351,1
633,2020-01-24,-0.0756,-1,0.7097000000000001,1,1.0259999999999998,1.658,16.111,2.2310000000000003,1,-2.1186,-1,0.0,-1
634,2020-01-25,1.4939,1,1.6837,1,2.3323,0.149,4.513999999999999,1.3359999999999999,1,0.2908,1,1.7819999999999998,1
635,2020-01-26,0.5267,1,0.9119000000000002,1,0.2023,0.0,3.833,0.16699999999999998,1,0.7662,1,0.4926,1
636,2020-01-27,3.957100000000001,1,3.2806000000000006,1,4.6939,2.5180000000000002,27.523000000000003,4.961000000000001,1,-2.3389999999999995,-1,0.0015999999999999905,1
637,2020-01-28,4.6072,1,6.201800000000002,1,5.6926000000000005,1.0419999999999998,28.868999999999996,4.089,1,2.6730000000000005,1,0.7703,1
638,2020-01-29,0.9825,1,4.033500000000001,1,4.990100000000002,2.506,46.27799999999999,5.215,1,5.6682,1,1.8079,1
639,2020-01-30,2.9120000000000004,1,14.7795,1,6.067700000000001,4.7780000000000005,51.896999999999984,7.321999999999997,1,1.8823999999999983,1,-0.6554,-1
640,2020-01-31,4.177100000000001,1,19.233699999999995,1,1.1947,2.116,15.586999999999998,2.298,1,-0.04729999999999995,-1,1.2004,1
641,2020-02-01,0.4279,1,0.5864,1,-1.3849,1.327,3.201,0.473,-1,0.11869999999999994,1,-0.7771000000000001,-1
642,2020-02-02,0.0,-1,1.0307,1,0.0258,0.0,1.879,0.121,1,0.9878,1,4.073099999999998,1
643,2020-02-03,3.3286999999999995,1,4.246800000000001,1,3.8902,0.348,17.62,3.032,1,9.6465,1,4.784200000000001,1
644,2020-02-04,12.065499999999998,1,13.659399999999994,1,2.7506999999999997,1.359,17.659000000000006,2.9810000000000003,1,11.7644,1,1.7538,1
645,2020-02-05,1.9169,1,4.599,1,0.31609999999999977,2.374,19.173,2.4520000000000004,1,6.359200000000002,1,1.978,1
646,2020-02-06,1.6204000000000005,1,5.1024,1,4.660199999999999,1.854,19.527,4.621,1,2.0273,1,3.5445,1
647,2020-02-07,1.5005999999999995,1,3.5063000000000004,1,0.6948,0.778,12.252,0.97,1,3.5153,1,4.2001,1
648,2020-02-09,0.6718,1,1.2794,1,0.1295,0.6970000000000001,3.864,0.44,1,0.3816,1,0.8858,1
649,2020-02-10,1.5299999999999998,1,5.835900000000002,1,0.3736,1.181,13.468,1.3509999999999998,1,5.7170000000000005,1,6.783199999999999,1
650,2020-02-12,3.6107999999999993,1,5.862800000000001,1,1.3575,1.538,23.201999999999998,2.259,1,-0.5226999999999999,-1,1.1746,1
651,2020-02-13,1.3472999999999995,1,3.1914,1,1.8868,0.258,9.929,1.813,1,0.3187000000000001,1,-0.536,-1
652,2020-02-14,-0.2990999999999999,-1,5.159700000000001,1,3.9297000000000013,2.091,23.991,3.92,1,2.5733999999999995,1,1.6374,1
653,2020-02-15,-0.28800000000000003,-1,-0.1268,-1,0.9329,0.0,1.39,0.61,1,-0.1027,-1,4.671,1
654,2020-02-16,0.0,-1,0.2263,1,-0.5423,0.18899999999999997,1.811,0.0,-1,-0.16410000000000002,-1,1.2992,1
655,2020-02-17,0.823,1,0.4997,1,1.6630000000000005,1.0290000000000001,7.780999999999999,2.188,1,-0.4404,-1,1.0157,1
656,2020-02-18,1.7186,1,0.9867,1,-1.7507,2.6460000000000004,15.756000000000002,1.5959999999999999,-1,3.8286,1,1.3365,1
657,2020-02-19,3.9515,1,4.0368,1,1.1545,1.137,13.533,2.33,1,6.874100000000001,1,1.602,1
658,2020-02-20,-2.0699,-1,-0.8891000000000001,-1,-0.9138,1.3970000000000002,9.767000000000001,0.836,-1,6.187900000000001,1,2.108,1
659,2020-02-21,-3.4788,-1,0.8135999999999999,1,1.2279,0.9670000000000001,14.843,2.19,1,3.099400000000001,1,0.9997,1
660,2020-02-22,2.2374,1,2.8794000000000004,1,3.0359,0.14300000000000002,6.53,1.327,1,1.9896,1,1.9441,1
661,2020-02-25,1.8927,1,1.9408000000000003,1,-2.1042,1.672,7.994,0.334,-1,-1.6431000000000004,-1,1.4673000000000005,1
662,2020-02-26,-0.6767000000000001,-1,0.6126,1,-3.3722,2.717,10.616,0.667,-1,-0.5881999999999998,-1,3.6043,1
663,2020-02-27,0.3282999999999998,1,3.898200000000001,1,-1.2014,2.8449999999999998,18.533,1.6230000000000002,-1,-2.0751,-1,0.2263,1
664,2020-02-28,1.4589,1,1.6907,1,1.6616,0.462,10.181000000000001,1.357,1,1.7541,1,0.3812,1
665,2020-03-02,1.6471,1,0.5017,1,1.0753,1.162,14.392999999999999,1.444,1,1.8595,1,1.7633,1
666,2020-03-03,-0.9814,-1,6.928600000000001,1,-0.5171999999999999,1.499,12.184000000000001,1.317,-1,1.6384999999999996,1,2.5406,1
667,2020-03-04,2.3646000000000003,1,5.0105,1,1.7716000000000005,1.229,15.733,2.0380000000000003,1,1.8116,1,1.4374,1
668,2020-03-05,0.3222999999999998,1,0.4284000000000001,1,-2.4271000000000007,2.016,15.183,0.8,-1,0.9146999999999996,1,0.0,-1
669,2020-03-06,-0.2668999999999999,-1,0.7489999999999999,1,-2.5933,2.0469999999999997,19.616,0.337,-1,-2.3243,-1,-0.765,-1
670,2020-03-07,0.5176,1,1.9048,1,-0.20509999999999995,0.77,5.487,0.743,-1,0.7383,1,0.14239999999999986,1
671,2020-03-08,0.3527,1,2.9834,1,0.9922,0.0,2.4240000000000004,0.5760000000000001,1,-0.7037000000000001,-1,0.8641000000000001,1
672,2020-03-09,0.5906,1,5.8325999999999985,1,-3.5858000000000003,3.728,18.930000000000003,1.3430000000000002,-1,-2.5063999999999997,-1,0.299,1
673,2020-03-10,3.4992,1,2.7677000000000014,1,-0.9365,2.2920000000000003,11.885,1.823,-1,0.21729999999999985,1,3.5852999999999997,1
674,2020-03-11,0.26929999999999993,1,2.4799,1,0.3865,1.3070000000000002,14.306,1.3869999999999998,1,2.7965,1,2.2873,1
675,2020-03-12,2.3957,1,5.344600000000002,1,2.4687,0.7190000000000001,14.019,2.262,1,-2.2573000000000003,-1,0.1027,1
676,2020-03-14,-0.4922000000000001,-1,0.02849999999999997,1,-0.4699000000000002,0.359,2.428,0.213,-1,0.15989999999999993,1,2.2731,1
677,2020-03-16,0.5462,1,3.7539000000000007,1,1.5605,0.6859999999999999,10.636,1.6780000000000002,1,-2.9076,-1,1.0983,1
678,2020-03-17,-0.2783000000000003,-1,10.4068,1,5.8994,1.633,22.572000000000006,4.795000000000001,1,0.6117999999999998,1,2.2637,1
679,2020-03-18,0.4424000000000001,1,6.8998,1,0.5023999999999997,2.162,16.116999999999994,2.721,1,-2.8835,-1,1.6469999999999998,1
680,2020-03-19,-0.11379999999999996,-1,1.7866999999999993,1,-1.03,1.155,8.369,0.475,-1,-6.4708999999999985,-1,1.3057,1
681,2020-03-20,-1.4762,-1,8.1304,1,1.9408,1.178,15.16,2.6620000000000004,1,1.5516,1,1.9797,1
682,2020-03-21,1.5475,1,0.008400000000000185,1,0.0098,0.158,0.6829999999999999,0.159,1,-0.7769999999999999,-1,2.8822,1
683,2020-03-22,-0.6647000000000001,-1,-0.5108,-1,-1.1204999999999998,0.969,4.808,0.223,-1,-1.4628,-1,-1.5612,-1
684,2020-03-23,0.5614999999999999,1,0.7091000000000001,1,-1.7461,1.666,9.772,0.562,-1,2.1519999999999997,1,3.4105,1
685,2020-03-24,-0.2193,-1,3.7187,1,-2.9151,2.9539999999999997,24.183000000000003,0.863,-1,-3.0652000000000004,-1,4.3899,1
686,2020-03-25,0.4386000000000001,1,3.3288,1,1.2465000000000002,2.9540000000000006,31.161999999999995,3.882,1,2.282,1,1.5612999999999997,1
687,2020-03-26,0.010800000000000032,1,4.0631,1,2.3372,0.64,19.358,2.002,1,4.0275,1,1.8328,1
688,2020-03-27,4.3584,1,8.376399999999999,1,0.8375999999999998,1.689,11.040999999999999,2.269,1,-1.247,-1,3.0977,1
689,2020-03-28,0.5719,1,0.8,1,0.4188,0.436,1.956,0.6080000000000001,1,0.5598,1,0.4226,1
