,close,tsla_compound,tsla_sentiment,em_tweets3_compound,em_tweets3_sentiment,lag_1_tsla_close,lag_1_tsla_sentiment,lag_1_em_tweets3_sentiment,lag_2_tsla_close,lag_2_tsla_sentiment,lag_2_em_tweets3_sentiment,lag_3_close,lag_3_tsla_sentiment,lag_3_em_tweets3_sentiment
2014-11-12,253.98,0.0,0.0,0.0,0.0,258.68,-1.0,0.0,251.7,-1.0,0.0,249.1,0.0,0.0
2014-11-13,257.7,0.0,0.0,0.0,-1.0,253.98,0.0,0.0,258.68,-1.0,0.0,251.7,-1.0,0.0
2014-11-14,247.74,-0.4404,-1.0,-0.10329999999999996,-1.0,257.7,0.0,-1.0,253.98,0.0,0.0,258.68,-1.0,0.0
2014-11-15,248.71,0.0,0.0,0.0,0.0,247.74,-1.0,-1.0,257.7,0.0,-1.0,253.98,0.0,0.0
2014-11-16,242.78,0.0,0.0,0.2023,1.0,248.71,0.0,0.0,247.74,-1.0,-1.0,257.7,0.0,-1.0
2014-11-17,246.72,0.0,-1.0,0.5093,1.0,242.78,0.0,1.0,248.71,0.0,0.0,247.74,-1.0,-1.0
2014-11-18,248.09,0.0,0.0,0.0,0.0,246.72,-1.0,1.0,242.78,0.0,1.0,248.71,0.0,0.0
2014-11-19,248.44,0.0,0.0,0.0,0.0,248.09,0.0,0.0,246.72,-1.0,1.0,242.78,0.0,1.0
2014-11-20,244.52,0.0,-1.0,0.0,0.0,248.44,0.0,0.0,248.09,0.0,0.0,246.72,-1.0,1.0
2014-11-21,231.64,-0.4588,-1.0,0.0,0.0,244.52,-1.0,0.0,248.44,0.0,0.0,248.09,0.0,0.0
2014-11-22,231.43,0.4404,1.0,0.0,0.0,231.64,-1.0,0.0,244.52,-1.0,0.0,248.44,0.0,0.0
2014-11-23,229.3,-0.2732,-1.0,0.0,0.0,231.43,1.0,0.0,231.64,-1.0,0.0,244.52,-1.0,0.0
2014-11-24,228.28,0.0,0.0,0.0,0.0,229.3,-1.0,0.0,231.43,1.0,0.0,231.64,-1.0,0.0
2014-11-25,223.71,0.0,0.0,0.0,0.0,228.28,0.0,0.0,229.3,-1.0,0.0,231.43,1.0,0.0
2014-11-26,214.36,0.0,-1.0,1.3704,1.0,223.71,0.0,0.0,228.28,0.0,0.0,229.3,-1.0,0.0
2014-11-27,216.89,-0.3818,-1.0,0.0,0.0,214.36,-1.0,1.0,223.71,0.0,0.0,228.28,0.0,0.0
2014-11-28,209.84,0.0,0.0,0.0,0.0,216.89,-1.0,0.0,214.36,-1.0,1.0,223.71,0.0,0.0
2014-11-29,208.88,0.0,0.0,0.0,0.0,209.84,0.0,0.0,216.89,-1.0,0.0,214.36,-1.0,1.0
2014-11-30,207.0,0.0,-1.0,0.0,0.0,208.88,0.0,0.0,209.84,0.0,0.0,216.89,-1.0,0.0
2014-12-01,204.04,0.0,0.0,0.0,0.0,207.0,-1.0,0.0,208.88,0.0,0.0,209.84,0.0,0.0
2014-12-02,197.81,0.0,-1.0,0.0,0.0,204.04,0.0,0.0,207.0,-1.0,0.0,208.88,0.0,0.0
2014-12-03,205.82,0.0772,1.0,0.0,0.0,197.81,-1.0,0.0,204.04,0.0,0.0,207.0,-1.0,0.0
2014-12-04,218.26,0.0,0.0,0.0,0.0,205.82,1.0,0.0,197.81,-1.0,0.0,204.04,0.0,0.0
2014-12-05,219.29,-0.14359999999999998,-1.0,-0.5223,-1.0,218.26,0.0,0.0,205.82,1.0,0.0,197.81,-1.0,0.0
2014-12-06,222.6,0.0,0.0,0.0,0.0,219.29,-1.0,-1.0,218.26,0.0,0.0,205.82,1.0,0.0
2014-12-07,220.97,0.2732,1.0,0.0,0.0,222.6,0.0,0.0,219.29,-1.0,-1.0,218.26,0.0,0.0
2014-12-08,222.26,0.0,0.0,0.0,0.0,220.97,1.0,0.0,222.6,0.0,0.0,219.29,-1.0,-1.0
2014-12-09,227.82,0.4019,1.0,0.6846,1.0,222.26,0.0,0.0,220.97,1.0,0.0,222.6,0.0,0.0
2014-12-10,225.71,0.0,0.0,0.0,0.0,227.82,1.0,1.0,222.26,0.0,0.0,220.97,1.0,0.0
2014-12-11,222.23,0.128,1.0,0.0,-1.0,225.71,0.0,0.0,227.82,1.0,1.0,222.26,0.0,0.0
2014-12-12,222.41,-0.34,-1.0,0.4767,1.0,222.23,1.0,-1.0,225.71,0.0,0.0,227.82,1.0,1.0
2014-12-13,219.31,0.0,-1.0,0.0,0.0,222.41,-1.0,1.0,222.23,1.0,-1.0,225.71,0.0,0.0
2014-12-14,210.09,0.0,0.0,0.3818,1.0,219.31,-1.0,0.0,222.41,-1.0,1.0,222.23,1.0,-1.0
2014-12-15,211.28,-0.29600000000000004,-1.0,-0.29600000000000004,-1.0,210.09,0.0,1.0,219.31,-1.0,0.0,222.41,-1.0,1.0
2014-12-16,210.95,0.0,-1.0,0.0,0.0,211.28,-1.0,-1.0,210.09,0.0,1.0,219.31,-1.0,0.0
2014-12-17,210.62,0.0,-1.0,0.0,0.0,210.95,-1.0,0.0,211.28,-1.0,-1.0,210.09,0.0,1.0
2014-12-18,206.66,0.0,0.0,0.0,0.0,210.62,-1.0,0.0,210.95,-1.0,0.0,211.28,-1.0,-1.0
2014-12-19,202.21,0.34,1.0,0.0,-1.0,206.66,0.0,0.0,210.62,-1.0,0.0,210.95,-1.0,0.0
2014-12-20,204.25,-0.7998999999999999,-1.0,0.0,0.0,202.21,1.0,-1.0,206.66,0.0,0.0,210.62,-1.0,0.0
2014-12-21,192.69,-0.5267,-1.0,0.0,0.0,204.25,-1.0,0.0,202.21,1.0,-1.0,206.66,0.0,0.0
2014-12-22,191.87,0.4019,1.0,1.1457,1.0,192.69,-1.0,0.0,204.25,-1.0,0.0,202.21,1.0,-1.0
2014-12-23,193.07,0.0,0.0,0.28319999999999995,1.0,191.87,1.0,1.0,192.69,-1.0,0.0,204.25,-1.0,0.0
2014-12-24,191.93,0.0,-1.0,0.0,-1.0,193.07,0.0,1.0,191.87,1.0,1.0,192.69,-1.0,0.0
2014-12-25,196.57,0.3182,1.0,0.0,0.0,191.93,-1.0,-1.0,193.07,0.0,1.0,191.87,1.0,1.0
2014-12-26,201.62,0.0,0.0,0.0,0.0,196.57,1.0,0.0,191.93,-1.0,-1.0,193.07,0.0,1.0
2014-12-27,201.29,0.0,0.0,2.0116,1.0,201.62,0.0,0.0,196.57,1.0,0.0,191.93,-1.0,-1.0
2014-12-28,206.55,0.0,-1.0,0.6277,1.0,201.29,0.0,1.0,201.62,0.0,0.0,196.57,1.0,0.0
2014-12-29,205.98,0.0,0.0,0.0,0.0,206.55,-1.0,1.0,201.29,0.0,1.0,201.62,0.0,0.0
2014-12-30,199.37,0.0,0.0,0.34,1.0,205.98,0.0,0.0,206.55,-1.0,1.0,201.29,0.0,1.0
2014-12-31,205.2,0.0,-1.0,-0.23109999999999994,-1.0,199.37,0.0,1.0,205.98,0.0,0.0,206.55,-1.0,1.0
2015-01-01,203.6,0.0,0.0,0.3182,1.0,205.2,-1.0,-1.0,199.37,0.0,1.0,205.98,0.0,0.0
2015-01-02,210.94,0.7184,1.0,0.0,0.0,203.6,0.0,1.0,205.2,-1.0,-1.0,199.37,0.0,1.0
2015-01-03,218.36,0.0,-1.0,0.0,0.0,210.94,1.0,0.0,203.6,0.0,1.0,205.2,-1.0,-1.0
2015-01-04,218.55,0.0,0.0,0.0,0.0,218.36,-1.0,0.0,210.94,1.0,0.0,203.6,0.0,1.0
2015-01-05,220.99,0.0,0.0,0.0,0.0,218.55,0.0,0.0,218.36,-1.0,0.0,210.94,1.0,0.0
2015-01-06,217.36,-0.2732,-1.0,0.0,0.0,220.99,0.0,0.0,218.55,0.0,0.0,218.36,-1.0,0.0
2015-01-07,217.48,0.0,0.0,0.0,0.0,217.36,-1.0,0.0,220.99,0.0,0.0,218.55,0.0,0.0
2015-01-08,216.29,0.01960000000000001,1.0,0.5458999999999999,1.0,217.48,0.0,0.0,217.36,-1.0,0.0,220.99,0.0,0.0
2015-01-09,212.8,-0.14289999999999994,-1.0,2.2059,1.0,216.29,1.0,1.0,217.48,0.0,0.0,217.36,-1.0,0.0
2015-01-10,202.88,-0.9062,-1.0,0.0,-1.0,212.8,-1.0,1.0,216.29,1.0,1.0,217.48,0.0,0.0
2015-01-11,203.77,0.0,-1.0,0.0,0.0,202.88,-1.0,-1.0,212.8,-1.0,1.0,216.29,1.0,1.0
2015-01-12,204.35,-0.128,-1.0,0.0,0.0,203.77,-1.0,0.0,202.88,-1.0,-1.0,212.8,-1.0,1.0
2015-01-13,204.46,0.0,0.0,0.0,0.0,204.35,-1.0,0.0,203.77,-1.0,0.0,202.88,-1.0,-1.0
2015-01-14,211.71,0.0,-1.0,0.0,0.0,204.46,0.0,0.0,204.35,-1.0,0.0,203.77,-1.0,0.0
2015-01-15,217.11,0.0,0.0,0.0,0.0,211.71,-1.0,0.0,204.46,0.0,0.0,204.35,-1.0,0.0
2015-01-16,207.34,0.0,-1.0,0.0,0.0,217.11,0.0,0.0,211.71,-1.0,0.0,204.46,0.0,0.0
2015-01-17,204.11,0.5859,1.0,0.6369,1.0,207.34,-1.0,0.0,217.11,0.0,0.0,211.71,-1.0,0.0
2015-01-18,203.76,0.0,0.0,0.0,0.0,204.11,1.0,1.0,207.34,-1.0,0.0,217.11,0.0,0.0
2015-01-19,207.19,0.0,-1.0,0.8653,1.0,203.76,0.0,0.0,204.11,1.0,1.0,207.34,-1.0,0.0
2015-01-20,203.34,0.0,0.0,0.0,0.0,207.19,-1.0,1.0,203.76,0.0,0.0,204.11,1.0,1.0
2015-01-21,197.33,-0.29600000000000004,-1.0,-0.09189999999999998,-1.0,203.34,0.0,0.0,207.19,-1.0,1.0,203.76,0.0,0.0
2015-01-22,199.56,0.0,-1.0,0.0,0.0,197.33,-1.0,-1.0,203.34,0.0,0.0,207.19,-1.0,1.0
2015-01-23,202.44,0.0,-1.0,0.0,0.0,199.56,-1.0,0.0,197.33,-1.0,-1.0,203.34,0.0,0.0
2015-01-24,200.63,0.0,0.0,0.0,0.0,202.44,-1.0,0.0,199.56,-1.0,0.0,197.33,-1.0,-1.0
2015-01-25,193.88,-0.3182,-1.0,0.0,0.0,200.63,0.0,0.0,202.44,-1.0,0.0,199.56,-1.0,0.0
2015-01-26,190.88,-0.2732,-1.0,0.0,0.0,193.88,-1.0,0.0,200.63,0.0,0.0,202.44,-1.0,0.0
2015-01-27,190.32,0.4019,1.0,0.0,0.0,190.88,-1.0,0.0,193.88,-1.0,0.0,200.63,0.0,0.0
2015-01-28,193.74,0.0,0.0,-0.2263,-1.0,190.32,1.0,0.0,190.88,-1.0,0.0,193.88,-1.0,0.0
2015-01-29,191.07,0.0,-1.0,0.1045,1.0,193.74,0.0,-1.0,190.32,1.0,0.0,190.88,-1.0,0.0
2015-01-30,188.68,0.0,-1.0,0.6376,1.0,191.07,-1.0,1.0,193.74,0.0,-1.0,190.32,1.0,0.0
2015-01-31,195.7,0.0,-1.0,-0.2554,-1.0,188.68,-1.0,1.0,191.07,-1.0,1.0,193.74,0.0,-1.0
2015-02-01,194.73,0.0,-1.0,2.1006,1.0,195.7,-1.0,-1.0,188.68,-1.0,1.0,191.07,-1.0,1.0
2015-02-02,200.71,0.0,-1.0,0.6696,1.0,194.73,-1.0,1.0,195.7,-1.0,-1.0,188.68,-1.0,1.0
2015-02-03,195.65,0.0,-1.0,0.0,0.0,200.71,-1.0,1.0,194.73,-1.0,1.0,195.7,-1.0,-1.0
2015-02-04,198.08,0.0,-1.0,0.0,0.0,195.65,-1.0,0.0,200.71,-1.0,1.0,194.73,-1.0,1.0
2015-02-05,199.63,0.0,0.0,-0.0414,-1.0,198.08,-1.0,0.0,195.65,-1.0,0.0,200.71,-1.0,1.0
2015-02-06,201.72,0.7845,1.0,-0.3020999999999999,-1.0,199.63,0.0,-1.0,198.08,-1.0,0.0,195.65,-1.0,0.0
2015-02-07,194.3,0.0,-1.0,0.0,0.0,201.72,1.0,-1.0,199.63,0.0,-1.0,198.08,-1.0,0.0
2015-02-08,190.41,0.0,0.0,0.0,0.0,194.3,-1.0,0.0,201.72,1.0,-1.0,199.63,0.0,-1.0
2015-02-09,185.0,0.3182,1.0,0.0,0.0,190.41,0.0,0.0,194.3,-1.0,0.0,201.72,1.0,-1.0
2015-02-10,190.57,0.0,-1.0,0.0,-1.0,185.0,1.0,0.0,190.41,0.0,0.0,194.3,-1.0,0.0
2015-02-11,188.77,0.0,0.0,0.7412000000000001,1.0,190.57,-1.0,-1.0,185.0,1.0,0.0,190.41,0.0,0.0
2015-02-12,187.59,0.0,-1.0,0.5859,1.0,188.77,0.0,1.0,190.57,-1.0,-1.0,185.0,1.0,0.0
2015-02-13,191.0,0.6932,1.0,0.0,0.0,187.59,-1.0,1.0,188.77,0.0,1.0,190.57,-1.0,-1.0
2015-02-14,203.1,0.0,-1.0,1.0065,1.0,191.0,1.0,0.0,187.59,-1.0,1.0,188.77,0.0,1.0
2015-02-15,203.25,0.0,0.0,0.0,0.0,203.1,-1.0,1.0,191.0,1.0,0.0,187.59,-1.0,1.0
2015-02-16,207.67,0.1531,1.0,0.0,0.0,203.25,0.0,0.0,203.1,-1.0,1.0,191.0,1.0,0.0
2015-02-17,210.09,0.0,0.0,0.0,-1.0,207.67,1.0,0.0,203.25,0.0,0.0,203.1,-1.0,1.0
2015-02-18,210.9,0.0,0.0,0.0,0.0,210.09,0.0,-1.0,207.67,1.0,0.0,203.25,0.0,0.0
2015-02-19,209.78,0.0,0.0,-0.048400000000000026,-1.0,210.9,0.0,0.0,210.09,0.0,-1.0,207.67,1.0,0.0
2015-02-20,207.46,-0.29600000000000004,-1.0,0.4869,1.0,209.78,0.0,-1.0,210.9,0.0,0.0,210.09,0.0,-1.0
2015-02-21,207.83,0.0,0.0,-0.843,-1.0,207.46,-1.0,1.0,209.78,0.0,-1.0,210.9,0.0,0.0
2015-02-22,206.7,0.0,0.0,0.0,0.0,207.83,0.0,-1.0,207.46,-1.0,1.0,209.78,0.0,-1.0
2015-02-23,206.79,0.0,0.0,0.0,0.0,206.7,0.0,0.0,207.83,0.0,-1.0,207.46,-1.0,1.0
2015-02-24,205.27,0.4588,1.0,0.0,0.0,206.79,0.0,0.0,206.7,0.0,0.0,207.83,0.0,-1.0
2015-02-25,209.41,0.0,-1.0,0.0,0.0,205.27,1.0,0.0,206.79,0.0,0.0,206.7,0.0,0.0
2015-02-26,219.44,0.2732,1.0,0.0,0.0,209.41,-1.0,0.0,205.27,1.0,0.0,206.79,0.0,0.0
2015-02-27,218.6,0.5991,1.0,0.4215,1.0,219.44,1.0,0.0,209.41,-1.0,0.0,205.27,1.0,0.0
2015-02-28,218.43,0.0,0.0,0.0,0.0,218.6,1.0,1.0,219.44,1.0,0.0,209.41,-1.0,0.0
2015-03-01,231.55,0.2732,1.0,0.7734,1.0,218.43,0.0,0.0,218.6,1.0,1.0,219.44,1.0,0.0
2015-03-02,230.48,0.0,0.0,0.0,0.0,231.55,1.0,1.0,218.43,0.0,0.0,218.6,1.0,1.0
2015-03-03,232.45,0.0,0.0,0.4404,1.0,230.48,0.0,0.0,231.55,1.0,1.0,218.43,0.0,0.0
2015-03-04,226.05,0.0,-1.0,0.8779,1.0,232.45,0.0,1.0,230.48,0.0,0.0,231.55,1.0,1.0
2015-03-05,226.03,2.1591,1.0,0.6947,1.0,226.05,-1.0,1.0,232.45,0.0,1.0,230.48,0.0,0.0
2015-03-06,230.51,0.2732,1.0,0.4927,1.0,226.03,1.0,1.0,226.05,-1.0,1.0,232.45,0.0,1.0
2015-03-07,232.95,0.0,-1.0,-0.34,-1.0,230.51,1.0,1.0,226.03,1.0,1.0,226.05,-1.0,1.0
2015-03-08,230.43,0.4697,1.0,0.2023,1.0,232.95,-1.0,-1.0,230.51,1.0,1.0,226.03,1.0,1.0
2015-03-09,236.8,0.0,-1.0,0.0,0.0,230.43,1.0,1.0,232.95,-1.0,-1.0,230.51,1.0,1.0
2015-03-10,236.61,0.0,-1.0,0.0,0.0,236.8,-1.0,0.0,230.43,1.0,1.0,232.95,-1.0,-1.0
2015-03-11,239.49,0.0,0.0,0.0,0.0,236.61,-1.0,0.0,236.8,-1.0,0.0,230.43,1.0,1.0
2015-03-12,244.74,0.4019,1.0,1.0802999999999998,1.0,239.49,0.0,0.0,236.61,-1.0,0.0,236.8,-1.0,0.0
2015-03-13,243.18,0.0,-1.0,0.0,0.0,244.74,1.0,1.0,239.49,0.0,0.0,236.61,-1.0,0.0
2015-03-14,244.1,0.0,0.0,0.0,0.0,243.18,-1.0,0.0,244.74,1.0,1.0,239.49,0.0,0.0
2015-03-15,248.84,0.0,0.0,0.0,0.0,244.1,0.0,0.0,243.18,-1.0,0.0,244.74,1.0,1.0
2015-03-16,248.75,-0.2263,-1.0,0.0,0.0,248.84,0.0,0.0,244.1,0.0,0.0,243.18,-1.0,0.0
2015-03-17,247.14,0.0,0.0,0.0,-1.0,248.75,-1.0,0.0,248.84,0.0,0.0,244.1,0.0,0.0
2015-03-18,244.35,0.0,0.0,0.0,0.0,247.14,0.0,-1.0,248.75,-1.0,0.0,248.84,0.0,0.0
2015-03-19,245.62,0.25,1.0,0.0,0.0,244.35,0.0,0.0,247.14,0.0,-1.0,248.75,-1.0,0.0
2015-03-20,247.73,0.0,0.0,1.0773,1.0,245.62,1.0,0.0,244.35,0.0,0.0,247.14,0.0,-1.0
2015-03-21,247.46,0.0,0.0,0.0,0.0,247.73,0.0,1.0,245.62,1.0,0.0,244.35,0.0,0.0
2015-03-22,247.43,0.1979,1.0,0.34,1.0,247.46,0.0,0.0,247.73,0.0,1.0,245.62,1.0,0.0
2015-03-23,251.45,0.0,0.0,0.0,0.0,247.43,1.0,1.0,247.46,0.0,0.0,247.73,0.0,1.0
2015-03-24,250.8,0.0,0.0,0.0,0.0,251.45,0.0,0.0,247.43,1.0,1.0,247.46,0.0,0.0
2015-03-25,249.45,0.6705,1.0,0.7906,1.0,250.8,0.0,0.0,251.45,0.0,0.0,247.43,1.0,1.0
2015-03-26,248.35,0.0,0.0,0.0,0.0,249.45,1.0,1.0,250.8,0.0,0.0,251.45,0.0,0.0
2015-03-27,248.99,0.0,0.0,0.0,0.0,248.35,0.0,0.0,249.45,1.0,1.0,250.8,0.0,0.0
2015-03-28,245.92,0.0,0.0,0.0,0.0,248.99,0.0,0.0,248.35,0.0,0.0,249.45,1.0,1.0
2015-03-29,249.14,-0.128,-1.0,0.0,0.0,245.92,0.0,0.0,248.99,0.0,0.0,248.35,0.0,0.0
2015-03-30,256.29,0.4767,1.0,0.0,0.0,249.14,-1.0,0.0,245.92,0.0,0.0,248.99,0.0,0.0
2015-03-31,256.0,0.0,-1.0,0.0,0.0,256.29,1.0,0.0,249.14,-1.0,0.0,245.92,0.0,0.0
2015-04-01,250.7,0.0,0.0,0.0,0.0,256.0,-1.0,0.0,256.29,1.0,0.0,249.14,-1.0,0.0
2015-04-02,251.41,0.0,0.0,0.0,0.0,250.7,0.0,0.0,256.0,-1.0,0.0,256.29,1.0,0.0
2015-04-03,250.69,0.3818,1.0,0.4926,1.0,251.41,0.0,0.0,250.7,0.0,0.0,256.0,-1.0,0.0
2015-04-04,250.38,0.3818,1.0,1.2128,1.0,250.69,1.0,1.0,251.41,0.0,0.0,250.7,0.0,0.0
2015-04-05,253.12,0.6369,1.0,0.0,0.0,250.38,1.0,1.0,250.69,1.0,1.0,251.41,0.0,0.0
2015-04-06,260.41,0.5574,1.0,0.0,0.0,253.12,1.0,0.0,250.38,1.0,1.0,250.69,1.0,1.0
2015-04-07,261.89,0.0,0.0,0.0,0.0,260.41,1.0,0.0,253.12,1.0,0.0,250.38,1.0,1.0
2015-04-08,262.51,0.0,0.0,0.8398,1.0,261.89,0.0,0.0,260.41,1.0,0.0,253.12,1.0,0.0
2015-04-09,259.79,1.0582,1.0,0.0,0.0,262.51,0.0,1.0,261.89,0.0,0.0,260.41,1.0,0.0
2015-04-10,267.67,0.0,0.0,0.4939,1.0,259.79,1.0,0.0,262.51,0.0,1.0,261.89,0.0,0.0
2015-04-11,265.17,-0.0258,-1.0,0.0,0.0,267.67,0.0,1.0,259.79,1.0,0.0,262.51,0.0,1.0
2015-04-12,268.79,0.7964,1.0,0.0,0.0,265.17,-1.0,0.0,267.67,0.0,1.0,259.79,1.0,0.0
2015-04-13,267.09,0.0,-1.0,0.0,0.0,268.79,1.0,0.0,265.17,-1.0,0.0,267.67,0.0,1.0
2015-04-14,262.02,0.7351,1.0,0.0,-1.0,267.09,-1.0,0.0,268.79,1.0,0.0,265.17,-1.0,0.0
2015-04-15,268.26,0.0,0.0,0.0,0.0,262.02,1.0,-1.0,267.09,-1.0,0.0,268.79,1.0,0.0
2015-04-16,269.15,0.0,0.0,0.0,0.0,268.26,0.0,0.0,262.02,1.0,-1.0,267.09,-1.0,0.0
2015-04-17,280.02,0.0,-1.0,0.0,0.0,269.15,0.0,0.0,268.26,0.0,0.0,262.02,1.0,-1.0
2015-04-18,279.72,0.0,0.0,0.0258,1.0,280.02,-1.0,0.0,269.15,0.0,0.0,268.26,0.0,0.0
2015-04-19,267.88,0.2263,1.0,0.0,0.0,279.72,0.0,1.0,280.02,-1.0,0.0,269.15,0.0,0.0
2015-04-20,254.96,0.4588,1.0,0.0,0.0,267.88,1.0,0.0,279.72,0.0,1.0,280.02,-1.0,0.0
2015-04-21,257.92,-0.0258,-1.0,0.0,0.0,254.96,1.0,0.0,267.88,1.0,0.0,279.72,0.0,1.0
2015-04-22,259.15,0.0,-1.0,0.0,0.0,257.92,-1.0,0.0,254.96,1.0,0.0,267.88,1.0,0.0
2015-04-23,262.16,0.0,0.0,0.0,0.0,259.15,-1.0,0.0,257.92,-1.0,0.0,254.96,1.0,0.0
2015-04-24,265.65,0.0,0.0,0.0,0.0,262.16,0.0,0.0,259.15,-1.0,0.0,257.92,-1.0,0.0
2015-04-25,263.14,0.3182,1.0,0.0,0.0,265.65,0.0,0.0,262.16,0.0,0.0,259.15,-1.0,0.0
2015-04-26,266.68,0.843,1.0,0.0,0.0,263.14,1.0,0.0,265.65,0.0,0.0,262.16,0.0,0.0
2015-04-27,274.66,0.0,-1.0,0.0,-1.0,266.68,1.0,0.0,263.14,1.0,0.0,265.65,0.0,0.0
2015-04-28,282.26,0.4767,1.0,0.0,0.0,274.66,-1.0,-1.0,266.68,1.0,0.0,263.14,1.0,0.0
2015-04-29,266.77,0.0,-1.0,0.0,0.0,282.26,1.0,0.0,274.66,-1.0,-1.0,266.68,1.0,0.0
2015-04-30,267.87,0.0,0.0,0.0,0.0,266.77,-1.0,0.0,282.26,1.0,0.0,274.66,-1.0,-1.0
2015-05-01,267.2,0.0,0.0,0.0,0.0,267.87,0.0,0.0,266.77,-1.0,0.0,282.26,1.0,0.0
2015-05-02,265.41,0.0,0.0,0.0,0.0,267.2,0.0,0.0,267.87,0.0,0.0,266.77,-1.0,0.0
2015-05-03,253.01,0.0,-1.0,0.0,-1.0,265.41,0.0,0.0,267.2,0.0,0.0,267.87,0.0,0.0
2015-05-04,264.82,0.0,0.0,-0.3195000000000001,-1.0,253.01,-1.0,-1.0,265.41,0.0,0.0,267.2,0.0,0.0
2015-05-05,263.82,0.4767,1.0,0.0,0.0,264.82,0.0,-1.0,253.01,-1.0,-1.0,265.41,0.0,0.0
2015-05-06,266.79,0.0,0.0,1.2022,1.0,263.82,1.0,0.0,264.82,0.0,-1.0,253.01,-1.0,-1.0
2015-05-07,266.15,0.4767,1.0,0.4731,1.0,266.79,0.0,1.0,263.82,1.0,0.0,264.82,0.0,-1.0
2015-05-08,259.99,0.0,0.0,0.0,0.0,266.15,1.0,1.0,266.79,0.0,1.0,263.82,1.0,0.0
2015-05-09,266.28,0.0,0.0,0.0,0.0,259.99,0.0,0.0,266.15,1.0,1.0,266.79,0.0,1.0
2015-05-10,270.13,0.0,-1.0,0.0,0.0,266.28,0.0,0.0,259.99,0.0,0.0,266.15,1.0,1.0
2015-05-11,246.13,-1.0206,-1.0,-0.022000000000000002,-1.0,270.13,-1.0,0.0,266.28,0.0,0.0,259.99,0.0,0.0
2015-05-12,242.51,-0.16610000000000005,-1.0,0.0,0.0,246.13,-1.0,-1.0,270.13,-1.0,0.0,266.28,0.0,0.0
2015-05-13,241.14,-0.3182,-1.0,0.0,0.0,242.51,-1.0,0.0,246.13,-1.0,-1.0,270.13,-1.0,0.0
2015-05-14,237.37,0.0,0.0,0.0,0.0,241.14,-1.0,0.0,242.51,-1.0,0.0,246.13,-1.0,-1.0
2015-05-15,238.17,0.0,0.0,0.0,0.0,237.37,0.0,0.0,241.14,-1.0,0.0,242.51,-1.0,0.0
2015-05-16,242.51,0.0,-1.0,0.0,0.0,238.17,0.0,0.0,237.37,0.0,0.0,241.14,-1.0,0.0
2015-05-17,243.15,0.0,-1.0,0.0,0.0,242.51,-1.0,0.0,238.17,0.0,0.0,237.37,0.0,0.0
2015-05-18,254.99,-0.12479999999999995,-1.0,0.0,-1.0,243.15,-1.0,0.0,242.51,-1.0,0.0,238.17,0.0,0.0
2015-05-19,260.72,0.0,0.0,0.0,0.0,254.99,-1.0,-1.0,243.15,-1.0,0.0,242.51,-1.0,0.0
2015-05-20,255.25,0.0,0.0,0.0,0.0,260.72,0.0,0.0,254.99,-1.0,-1.0,243.15,-1.0,0.0
2015-05-21,242.18,0.0,0.0,0.0,0.0,255.25,0.0,0.0,260.72,0.0,0.0,254.99,-1.0,-1.0
2015-05-22,230.77,0.0,0.0,0.0,0.0,242.18,0.0,0.0,255.25,0.0,0.0,260.72,0.0,0.0
2015-05-23,218.87,-0.5106,-1.0,0.0,0.0,230.77,0.0,0.0,242.18,0.0,0.0,255.25,0.0,0.0
2015-05-24,220.03,0.4588,1.0,0.0,0.0,218.87,-1.0,0.0,230.77,0.0,0.0,242.18,0.0,0.0
2015-05-25,224.84,0.0,0.0,0.0,0.0,220.03,1.0,0.0,218.87,-1.0,0.0,230.77,0.0,0.0
2015-05-26,242.99,-0.2023,-1.0,0.0,0.0,224.84,0.0,0.0,220.03,1.0,0.0,218.87,-1.0,0.0
2015-05-27,248.48,0.0,-1.0,0.0,0.0,242.99,-1.0,0.0,224.84,0.0,0.0,220.03,1.0,0.0
2015-05-28,249.06,-0.4215,-1.0,0.0,0.0,248.48,-1.0,0.0,242.99,-1.0,0.0,224.84,0.0,0.0
2015-05-29,238.63,0.0,-1.0,0.0,0.0,249.06,-1.0,0.0,248.48,-1.0,0.0,242.99,-1.0,0.0
2015-05-30,247.69,0.0,-1.0,0.1531,1.0,238.63,-1.0,0.0,249.06,-1.0,0.0,248.48,-1.0,0.0
2015-05-31,245.57,0.0,0.0,0.0,0.0,247.69,-1.0,1.0,238.63,-1.0,0.0,249.06,-1.0,0.0
2015-06-01,241.93,0.0,0.0,0.0,0.0,245.57,0.0,0.0,247.69,-1.0,1.0,238.63,-1.0,0.0
2015-06-02,248.17,0.0,0.0,0.0,0.0,241.93,0.0,0.0,245.57,0.0,0.0,247.69,-1.0,1.0
2015-06-03,248.91,0.0,0.0,0.0,0.0,248.17,0.0,0.0,241.93,0.0,0.0,245.57,0.0,0.0
2015-06-04,248.48,0.09369999999999998,1.0,0.0,0.0,248.91,0.0,0.0,248.17,0.0,0.0,241.93,0.0,0.0
2015-06-05,250.24,0.3612,1.0,0.0,0.0,248.48,1.0,0.0,248.91,0.0,0.0,248.17,0.0,0.0
2015-06-06,253.19,0.0,0.0,1.3167,1.0,250.24,1.0,0.0,248.48,1.0,0.0,248.91,0.0,0.0
2015-06-07,253.57,0.0772,1.0,0.0,0.0,253.19,0.0,1.0,250.24,1.0,0.0,248.48,1.0,0.0
2015-06-08,262.25,0.0,0.0,0.0,0.0,253.57,1.0,0.0,253.19,0.0,1.0,250.24,1.0,0.0
2015-06-09,262.07,0.4215,1.0,0.0,0.0,262.25,0.0,0.0,253.57,1.0,0.0,253.19,0.0,1.0
2015-06-10,260.62,0.4019,1.0,0.0,0.0,262.07,1.0,0.0,262.25,0.0,0.0,253.57,1.0,0.0
2015-06-11,264.2,0.1628,1.0,0.0,0.0,260.62,1.0,0.0,262.07,1.0,0.0,262.25,0.0,0.0
2015-06-12,260.94,-0.0258,-1.0,0.0,0.0,264.2,1.0,0.0,260.62,1.0,0.0,262.07,1.0,0.0
2015-06-13,261.06,0.0,0.0,0.7783,1.0,260.94,-1.0,0.0,264.2,1.0,0.0,260.62,1.0,0.0
2015-06-14,263.12,0.0,-1.0,0.0,0.0,261.06,0.0,1.0,260.94,-1.0,0.0,264.2,1.0,0.0
2015-06-15,256.91,0.6249,1.0,0.6369,1.0,263.12,-1.0,0.0,261.06,0.0,1.0,260.94,-1.0,0.0
2015-06-16,248.43,0.0,0.0,0.0,0.0,256.91,1.0,1.0,263.12,-1.0,0.0,261.06,0.0,1.0
2015-06-17,246.65,1.0957,1.0,0.0,-1.0,248.43,0.0,0.0,256.91,1.0,1.0,263.12,-1.0,0.0
2015-06-18,248.4,0.7547999999999999,1.0,-0.3535,-1.0,246.65,1.0,-1.0,248.43,0.0,0.0,256.91,1.0,1.0
2015-06-19,239.88,0.6597,1.0,0.0,0.0,248.4,1.0,-1.0,246.65,1.0,-1.0,248.43,0.0,0.0
2015-06-20,247.57,1.2094,1.0,2.0291,1.0,239.88,1.0,0.0,248.4,1.0,-1.0,246.65,1.0,-1.0
2015-06-21,246.15,0.0,0.0,0.0,0.0,247.57,1.0,1.0,239.88,1.0,0.0,248.4,1.0,-1.0
2015-06-22,241.46,-0.8533999999999999,-1.0,0.0,0.0,246.15,0.0,0.0,247.57,1.0,1.0,239.88,1.0,0.0
2015-06-23,231.96,-0.08579999999999999,-1.0,0.0,0.0,241.46,-1.0,0.0,246.15,0.0,0.0,247.57,1.0,1.0
2015-06-24,226.72,0.0,-1.0,0.0,0.0,231.96,-1.0,0.0,241.46,-1.0,0.0,246.15,0.0,0.0
2015-06-25,220.69,-0.7608999999999999,-1.0,1.5125,1.0,226.72,-1.0,0.0,231.96,-1.0,0.0,241.46,-1.0,0.0
2015-06-26,215.58,1.2667,1.0,0.0,0.0,220.69,-1.0,1.0,226.72,-1.0,0.0,231.96,-1.0,0.0
2015-06-27,219.25,0.0,0.0,0.0,0.0,215.58,1.0,0.0,220.69,-1.0,1.0,226.72,-1.0,0.0
2015-06-28,216.88,0.6227999999999999,1.0,0.6808,1.0,219.25,0.0,0.0,215.58,1.0,0.0,220.69,-1.0,1.0
2015-06-29,221.31,0.0,-1.0,1.2855,1.0,216.88,1.0,1.0,219.25,0.0,0.0,215.58,1.0,0.0
2015-06-30,227.01,0.29600000000000004,1.0,0.0,0.0,221.31,-1.0,1.0,216.88,1.0,1.0,219.25,0.0,0.0
2015-07-01,228.1,-0.4588,-1.0,0.7906,1.0,227.01,1.0,0.0,221.31,-1.0,1.0,216.88,1.0,1.0
2015-07-02,213.03,-0.546,-1.0,0.0,0.0,228.1,-1.0,1.0,227.01,1.0,0.0,221.31,-1.0,1.0
2015-07-03,210.09,0.7096,1.0,2.8893,1.0,213.03,-1.0,0.0,228.1,-1.0,1.0,227.01,1.0,0.0
2015-07-04,211.72,0.4588,1.0,0.8619,1.0,210.09,1.0,1.0,213.03,-1.0,0.0,228.1,-1.0,1.0
2015-07-05,209.09,0.0,-1.0,1.9091,1.0,211.72,1.0,1.0,210.09,1.0,1.0,213.03,-1.0,0.0
2015-07-06,215.26,0.4404,1.0,1.2077,1.0,209.09,-1.0,1.0,211.72,1.0,1.0,210.09,1.0,1.0
2015-07-07,210.35,-0.0258,-1.0,0.765,1.0,215.26,1.0,1.0,209.09,-1.0,1.0,211.72,1.0,1.0
2015-07-08,212.96,0.0,-1.0,0.0,0.0,210.35,-1.0,1.0,215.26,1.0,1.0,209.09,-1.0,1.0
2015-07-09,211.63,0.0,0.0,-0.031000000000000024,-1.0,212.96,-1.0,0.0,210.35,-1.0,1.0,215.26,1.0,1.0
2015-07-10,206.93,-0.9649,-1.0,0.8478,1.0,211.63,0.0,-1.0,212.96,-1.0,0.0,210.35,-1.0,1.0
2015-07-11,213.79,0.0,-1.0,0.3382,1.0,206.93,-1.0,1.0,211.63,0.0,-1.0,212.96,-1.0,0.0
2015-07-12,208.35,1.1724,1.0,0.0,0.0,213.79,-1.0,1.0,206.93,-1.0,1.0,211.63,0.0,-1.0
2015-07-13,231.63,0.1910000000000001,1.0,0.0,-1.0,208.35,1.0,0.0,213.79,-1.0,1.0,206.93,-1.0,1.0
2015-07-14,231.77,0.0,0.0,0.0,0.0,231.63,1.0,-1.0,208.35,1.0,0.0,213.79,-1.0,1.0
2015-07-15,232.36,0.29600000000000004,1.0,0.0,0.0,231.77,0.0,0.0,231.63,1.0,-1.0,208.35,1.0,0.0
2015-07-16,225.33,0.0,0.0,0.0,0.0,232.36,1.0,0.0,231.77,0.0,0.0,231.63,1.0,-1.0
2015-07-17,216.5,-1.3763999999999998,-1.0,0.0,0.0,225.33,0.0,0.0,232.36,1.0,0.0,231.77,0.0,0.0
2015-07-18,219.08,0.0,0.0,0.0,0.0,216.5,-1.0,0.0,225.33,0.0,0.0,232.36,1.0,0.0
2015-07-19,212.94,0.0,0.0,0.0,0.0,219.08,0.0,0.0,216.5,-1.0,0.0,225.33,0.0,0.0
2015-07-20,207.19,0.0,-1.0,0.0,0.0,212.94,0.0,0.0,219.08,0.0,0.0,216.5,-1.0,0.0
2015-07-21,214.31,0.0,0.0,0.0,0.0,207.19,-1.0,0.0,212.94,0.0,0.0,219.08,0.0,0.0
2015-07-22,214.0,0.0,-1.0,0.0,0.0,214.31,0.0,0.0,207.19,-1.0,0.0,212.94,0.0,0.0
2015-07-23,221.07,-0.4588,-1.0,0.0,0.0,214.0,-1.0,0.0,214.31,0.0,0.0,207.19,-1.0,0.0
2015-07-24,221.8,0.1933,1.0,0.0,0.0,221.07,-1.0,0.0,214.0,-1.0,0.0,214.31,0.0,0.0
2015-07-25,220.01,-0.2899,-1.0,1.3030000000000002,1.0,221.8,1.0,0.0,221.07,-1.0,0.0,214.0,-1.0,0.0
2015-07-26,217.75,0.29600000000000004,1.0,0.0,0.0,220.01,-1.0,1.0,221.8,1.0,0.0,221.07,-1.0,0.0
2015-07-27,218.25,-0.4588,-1.0,2.4705,1.0,217.75,1.0,0.0,220.01,-1.0,1.0,221.8,1.0,0.0
2015-07-28,229.64,0.8726,1.0,0.0,0.0,218.25,-1.0,1.0,217.75,1.0,0.0,220.01,-1.0,1.0
2015-07-29,231.61,0.0,0.0,0.0,0.0,229.64,1.0,0.0,218.25,-1.0,1.0,217.75,1.0,0.0
2015-07-30,230.26,0.0,0.0,0.0,0.0,231.61,0.0,0.0,229.64,1.0,0.0,218.25,-1.0,1.0
2015-07-31,237.19,0.0,-1.0,0.0,0.0,230.26,0.0,0.0,231.61,0.0,0.0,229.64,1.0,0.0
2015-08-01,231.99,-0.2263,-1.0,0.0,-1.0,237.19,-1.0,0.0,230.26,0.0,0.0,231.61,0.0,0.0
2015-08-02,232.71,-0.0993,-1.0,0.4404,1.0,231.99,-1.0,-1.0,237.19,-1.0,0.0,230.26,0.0,0.0
2015-08-03,230.38,0.0,-1.0,0.4753,1.0,232.71,-1.0,1.0,231.99,-1.0,-1.0,237.19,-1.0,0.0
2015-08-04,231.13,0.4019,1.0,0.0,0.0,230.38,-1.0,1.0,232.71,-1.0,1.0,231.99,-1.0,-1.0
2015-08-05,226.72,0.0,-1.0,0.0,0.0,231.13,1.0,0.0,230.38,-1.0,1.0,232.71,-1.0,1.0
2015-08-06,224.52,0.4784,1.0,0.5859,1.0,226.72,-1.0,0.0,231.13,1.0,0.0,230.38,-1.0,1.0
2015-08-07,227.07,0.5096,1.0,-0.06680000000000003,-1.0,224.52,1.0,1.0,226.72,-1.0,0.0,231.13,1.0,0.0
2015-08-08,217.02,0.0,0.0,0.0,-1.0,227.07,1.0,-1.0,224.52,1.0,1.0,226.72,-1.0,0.0
2015-08-09,218.58,0.34,1.0,0.0,0.0,217.02,0.0,-1.0,227.07,1.0,-1.0,224.52,1.0,1.0
2015-08-10,221.09,0.0,0.0,0.0,0.0,218.58,1.0,0.0,217.02,0.0,-1.0,227.07,1.0,-1.0
2015-08-11,234.51,1.1187,1.0,0.0,0.0,221.09,0.0,0.0,218.58,1.0,0.0,217.02,0.0,-1.0
2015-08-12,233.39,0.0,-1.0,0.0,-1.0,234.51,1.0,0.0,221.09,0.0,0.0,218.58,1.0,0.0
2015-08-13,230.46,0.0,-1.0,0.10369999999999983,1.0,233.39,-1.0,-1.0,234.51,1.0,0.0,221.09,0.0,0.0
2015-08-14,232.56,-0.2732,-1.0,0.0,-1.0,230.46,-1.0,1.0,233.39,-1.0,-1.0,234.51,1.0,0.0
2015-08-15,229.95,0.0,0.0,1.6751999999999998,1.0,232.56,-1.0,-1.0,230.46,-1.0,1.0,233.39,-1.0,-1.0
2015-08-16,229.7,0.0,0.0,0.0,0.0,229.95,0.0,1.0,232.56,-1.0,-1.0,230.46,-1.0,1.0
2015-08-17,230.57,0.0,0.0,0.0,0.0,229.7,0.0,0.0,229.95,0.0,1.0,232.56,-1.0,-1.0
2015-08-18,228.95,0.0,0.0,0.0,0.0,230.57,0.0,0.0,229.7,0.0,0.0,229.95,0.0,1.0
2015-08-19,237.19,1.1185,1.0,0.0,0.0,228.95,0.0,0.0,230.57,0.0,0.0,229.7,0.0,0.0
2015-08-20,238.09,0.0,-1.0,0.0,0.0,237.19,1.0,0.0,228.95,0.0,0.0,230.57,0.0,0.0
2015-08-21,240.01,0.0,-1.0,0.0,0.0,238.09,-1.0,0.0,237.19,1.0,0.0,228.95,0.0,0.0
2015-08-22,223.41,-0.9431,-1.0,0.0,0.0,240.01,-1.0,0.0,238.09,-1.0,0.0,237.19,1.0,0.0
2015-08-23,223.43,0.0,-1.0,0.0,0.0,223.41,-1.0,0.0,240.01,-1.0,0.0,238.09,-1.0,0.0
2015-08-24,219.04,0.0,0.0,0.0,0.0,223.43,-1.0,0.0,223.41,-1.0,0.0,240.01,-1.0,0.0
2015-08-25,215.65,0.25,1.0,0.0,0.0,219.04,0.0,0.0,223.43,-1.0,0.0,223.41,-1.0,0.0
2015-08-26,211.0,0.0,0.0,0.0,0.0,215.65,1.0,0.0,219.04,0.0,0.0,223.43,-1.0,0.0
2015-08-27,207.85,-0.29600000000000004,-1.0,-0.4404,-1.0,211.0,0.0,0.0,215.65,1.0,0.0,219.04,0.0,0.0
2015-08-28,209.97,0.29600000000000004,1.0,0.4019,1.0,207.85,-1.0,-1.0,211.0,0.0,0.0,215.65,1.0,0.0
2015-08-29,200.31,0.0,0.0,0.0,0.0,209.97,1.0,1.0,207.85,-1.0,-1.0,211.0,0.0,0.0
2015-08-30,206.18,0.8225,1.0,0.0,0.0,200.31,0.0,0.0,209.97,1.0,1.0,207.85,-1.0,-1.0
2015-08-31,204.99,0.0,0.0,0.0,0.0,206.18,1.0,0.0,200.31,0.0,0.0,209.97,1.0,1.0
2015-09-01,204.72,0.0,-1.0,0.9246,1.0,204.99,0.0,0.0,206.18,1.0,0.0,200.31,0.0,0.0
2015-09-02,198.7,0.0,-1.0,0.0,-1.0,204.72,-1.0,1.0,204.99,0.0,0.0,206.18,1.0,0.0
2015-09-03,199.97,0.0,0.0,0.0,0.0,198.7,-1.0,-1.0,204.72,-1.0,1.0,204.99,0.0,0.0
2015-09-04,202.55,0.5106,1.0,0.0,0.0,199.97,0.0,0.0,198.7,-1.0,-1.0,204.72,-1.0,1.0
2015-09-05,196.38,0.4404,1.0,0.0,0.0,202.55,1.0,0.0,199.97,0.0,0.0,198.7,-1.0,-1.0
2015-09-06,193.56,0.0,-1.0,0.0,0.0,196.38,1.0,0.0,202.55,1.0,0.0,199.97,0.0,0.0
2015-09-07,188.07,0.0,0.0,0.0,0.0,193.56,-1.0,0.0,196.38,1.0,0.0,202.55,1.0,0.0
2015-09-08,189.7,0.0,0.0,0.0,0.0,188.07,0.0,0.0,193.56,-1.0,0.0,196.38,1.0,0.0
2015-09-09,191.2,0.0,0.0,0.0,0.0,189.7,0.0,0.0,188.07,0.0,0.0,193.56,-1.0,0.0
2015-09-10,196.94,-0.7764,-1.0,0.0,0.0,191.2,0.0,0.0,189.7,0.0,0.0,188.07,0.0,0.0
2015-09-11,182.78,-0.2592,-1.0,0.0,0.0,196.94,-1.0,0.0,191.2,0.0,0.0,189.7,0.0,0.0
2015-09-12,173.48,-0.3816,-1.0,-0.128,-1.0,182.78,-1.0,0.0,196.94,-1.0,0.0,191.2,0.0,0.0
2015-09-13,175.33,0.0,0.0,0.0,0.0,173.48,-1.0,-1.0,182.78,-1.0,0.0,196.94,-1.0,0.0
2015-09-14,162.6,0.0,0.0,-0.29600000000000004,-1.0,175.33,0.0,0.0,173.48,-1.0,-1.0,182.78,-1.0,0.0
2015-09-15,147.99,1.0939,1.0,0.0,0.0,162.6,0.0,-1.0,175.33,0.0,0.0,173.48,-1.0,-1.0
2015-09-16,148.25,0.5024000000000001,1.0,0.0,0.0,147.99,1.0,0.0,162.6,0.0,-1.0,175.33,0.0,0.0
2015-09-17,143.67,0.732,1.0,0.6369,1.0,148.25,1.0,0.0,147.99,1.0,0.0,162.6,0.0,-1.0
2015-09-18,150.47,0.10829999999999997,1.0,0.8195,1.0,143.67,1.0,1.0,148.25,1.0,0.0,147.99,1.0,0.0
2015-09-19,151.04,0.4588,1.0,0.0,0.0,150.47,1.0,1.0,143.67,1.0,1.0,148.25,1.0,0.0
2015-09-20,155.17,1.0979999999999999,1.0,1.3974,1.0,151.04,1.0,0.0,150.47,1.0,1.0,143.67,1.0,1.0
2015-09-21,168.68,1.827,1.0,0.4019,1.0,155.17,1.0,1.0,151.04,1.0,0.0,150.47,1.0,1.0
2015-09-22,166.77,0.0,0.0,1.2986,1.0,168.68,1.0,1.0,155.17,1.0,1.0,151.04,1.0,0.0
2015-09-23,166.58,0.0,0.0,1.0269,1.0,166.77,0.0,1.0,168.68,1.0,1.0,155.17,1.0,1.0
2015-09-24,177.74,0.0,0.0,0.0,0.0,166.58,0.0,1.0,166.77,0.0,1.0,168.68,1.0,1.0
2015-09-25,177.21,0.6369,1.0,0.0,-1.0,177.74,0.0,0.0,166.58,0.0,1.0,166.77,0.0,1.0
2015-09-26,179.0,0.29600000000000004,1.0,0.8402,1.0,177.21,1.0,-1.0,177.74,0.0,0.0,166.58,0.0,1.0
2015-09-27,187.43,0.0,-1.0,0.0,0.0,179.0,1.0,1.0,177.21,1.0,-1.0,177.74,0.0,0.0
2015-09-28,190.34,0.0,0.0,0.0,0.0,187.43,-1.0,0.0,179.0,1.0,1.0,177.21,1.0,-1.0
2015-09-29,191.93,0.0,-1.0,-0.7096,-1.0,190.34,0.0,0.0,187.43,-1.0,0.0,179.0,1.0,1.0
2015-09-30,186.35,0.29600000000000004,1.0,0.5445,1.0,191.93,-1.0,-1.0,190.34,0.0,0.0,187.43,-1.0,0.0
2015-10-01,188.34,0.0,0.0,0.15230000000000002,1.0,186.35,1.0,1.0,191.93,-1.0,-1.0,190.34,0.0,0.0
2015-10-02,195.74,-0.4404,-1.0,0.0,0.0,188.34,0.0,1.0,186.35,1.0,1.0,191.93,-1.0,-1.0
2015-10-03,201.04,0.03760000000000008,1.0,0.0,-1.0,195.74,-1.0,0.0,188.34,0.0,1.0,186.35,1.0,1.0
2015-10-04,205.29,0.0,0.0,0.0,0.0,201.04,1.0,-1.0,195.74,-1.0,0.0,188.34,0.0,1.0
2015-10-05,202.6,0.0,-1.0,0.0,0.0,205.29,0.0,0.0,201.04,1.0,-1.0,195.74,-1.0,0.0
2015-10-06,208.72,0.0,0.0,0.5479,1.0,202.6,-1.0,0.0,205.29,0.0,0.0,201.04,1.0,-1.0
2015-10-07,205.18,0.0,0.0,0.0,0.0,208.72,0.0,1.0,202.6,-1.0,0.0,205.29,0.0,0.0
2015-10-08,207.5,-0.4019,-1.0,0.0,0.0,205.18,0.0,0.0,208.72,0.0,1.0,202.6,-1.0,0.0
2015-10-09,215.15,0.6611,1.0,0.0,0.0,207.5,-1.0,0.0,205.18,0.0,0.0,208.72,0.0,1.0
2015-10-10,218.34,0.0,0.0,0.0,0.0,215.15,1.0,0.0,207.5,-1.0,0.0,205.18,0.0,0.0
2015-10-11,221.93,0.29600000000000004,1.0,0.0,0.0,218.34,0.0,0.0,215.15,1.0,0.0,207.5,-1.0,0.0
2015-10-12,226.38,0.0,0.0,0.0,0.0,221.93,1.0,0.0,218.34,0.0,0.0,215.15,1.0,0.0
2015-10-13,232.74,0.8755999999999999,1.0,0.3182,1.0,226.38,0.0,0.0,221.93,1.0,0.0,218.34,0.0,0.0
2015-10-14,238.32,0.6369,1.0,0.0,0.0,232.74,1.0,1.0,226.38,0.0,0.0,221.93,1.0,0.0
2015-10-15,234.24,0.027000000000000024,1.0,0.0,0.0,238.32,1.0,0.0,232.74,1.0,1.0,226.38,0.0,0.0
2015-10-16,222.58,-0.4739,-1.0,0.0,0.0,234.24,1.0,0.0,238.32,1.0,0.0,232.74,1.0,1.0
2015-10-17,227.75,0.0,0.0,0.0,0.0,222.58,-1.0,0.0,234.24,1.0,0.0,238.32,1.0,0.0
2015-10-18,230.26,-0.6611,-1.0,0.0,0.0,227.75,0.0,0.0,222.58,-1.0,0.0,234.24,1.0,0.0
2015-10-19,230.13,0.2672,1.0,0.5859,1.0,230.26,-1.0,0.0,227.75,0.0,0.0,222.58,-1.0,0.0
2015-10-20,226.89,0.0,0.0,1.2117,1.0,230.13,1.0,1.0,230.26,-1.0,0.0,227.75,0.0,0.0
2015-10-21,229.77,2.1956,1.0,2.1659999999999995,1.0,226.89,0.0,1.0,230.13,1.0,1.0,230.26,-1.0,0.0
2015-10-22,237.59,2.3520000000000003,1.0,4.515,1.0,229.77,1.0,1.0,226.89,0.0,1.0,230.13,1.0,1.0
2015-10-23,246.99,-0.9224,-1.0,2.9381,1.0,237.59,1.0,1.0,229.77,1.0,1.0,226.89,0.0,1.0
2015-10-24,255.47,0.3818,1.0,0.0,-1.0,246.99,-1.0,1.0,237.59,1.0,1.0,229.77,1.0,1.0
2015-10-25,265.42,0.0,-1.0,-0.4417,-1.0,255.47,1.0,-1.0,246.99,-1.0,1.0,237.59,1.0,1.0
2015-10-26,257.2,0.0,-1.0,-0.5691999999999999,-1.0,265.42,-1.0,-1.0,255.47,1.0,-1.0,246.99,-1.0,1.0
2015-10-27,250.07,0.0,0.0,3.0241,1.0,257.2,-1.0,-1.0,265.42,-1.0,-1.0,255.47,1.0,-1.0
2015-10-28,249.92,-0.5859,-1.0,1.3107,1.0,250.07,0.0,1.0,257.2,-1.0,-1.0,265.42,-1.0,-1.0
2015-10-29,247.82,0.5106,1.0,0.0,0.0,249.92,-1.0,1.0,250.07,0.0,1.0,257.2,-1.0,-1.0
2015-10-30,254.53,0.2023,1.0,0.0,0.0,247.82,1.0,0.0,249.92,-1.0,1.0,250.07,0.0,1.0
2015-10-31,251.86,0.0,-1.0,0.6249,1.0,254.53,1.0,0.0,247.82,1.0,0.0,249.92,-1.0,1.0
2015-11-01,254.51,0.0,0.0,0.0,0.0,251.86,-1.0,1.0,254.53,1.0,0.0,247.82,1.0,0.0
2015-11-02,253.88,0.0,-1.0,0.4019,1.0,254.51,0.0,0.0,251.86,-1.0,1.0,254.53,1.0,0.0
2015-11-03,247.37,0.0,-1.0,0.0,0.0,253.88,-1.0,1.0,254.51,0.0,0.0,251.86,-1.0,1.0
2015-11-04,249.97,0.3561,1.0,1.0707,1.0,247.37,-1.0,0.0,253.88,-1.0,1.0,254.51,0.0,0.0
2015-11-05,248.29,0.0,-1.0,0.0,0.0,249.97,1.0,1.0,247.37,-1.0,0.0,253.88,-1.0,1.0
2015-11-06,253.75,0.0,-1.0,0.0,0.0,248.29,-1.0,0.0,249.97,1.0,1.0,247.37,-1.0,0.0
2015-11-07,251.82,0.0,-1.0,0.0,0.0,253.75,-1.0,0.0,248.29,-1.0,0.0,249.97,1.0,1.0
2015-11-08,253.74,0.2023,1.0,0.0,0.0,251.82,-1.0,0.0,253.75,-1.0,0.0,248.29,-1.0,0.0
2015-11-09,251.47,0.0,0.0,0.3771,1.0,253.74,1.0,0.0,251.82,-1.0,0.0,253.75,-1.0,0.0
2015-11-10,247.71,0.0,0.0,0.0,0.0,251.47,0.0,1.0,253.74,1.0,0.0,251.82,-1.0,0.0
2015-11-11,240.76,0.0,0.0,-0.37799999999999995,-1.0,247.71,0.0,0.0,251.47,0.0,1.0,253.74,1.0,0.0
2015-11-12,241.8,0.2732,1.0,0.9905,1.0,240.76,0.0,-1.0,247.71,0.0,0.0,251.47,0.0,1.0
2015-11-13,232.32,-0.1483,-1.0,0.0,0.0,241.8,1.0,1.0,240.76,0.0,-1.0,247.71,0.0,0.0
2015-11-14,222.56,-1.5743,-1.0,0.0,0.0,232.32,-1.0,0.0,241.8,1.0,1.0,240.76,0.0,-1.0
2015-11-15,211.53,1.9210000000000005,1.0,0.9738,1.0,222.56,-1.0,0.0,232.32,-1.0,0.0,241.8,1.0,1.0
2015-11-16,214.93,0.0,0.0,1.7643,1.0,211.53,1.0,1.0,222.56,-1.0,0.0,232.32,-1.0,0.0
2015-11-17,208.92,-0.2732,-1.0,0.0,0.0,214.93,0.0,1.0,211.53,1.0,1.0,222.56,-1.0,0.0
2015-11-18,208.69,0.0,0.0,0.0,-1.0,208.92,-1.0,0.0,214.93,0.0,1.0,211.53,1.0,1.0
2015-11-19,208.96,-0.2732,-1.0,0.0,0.0,208.69,0.0,-1.0,208.92,-1.0,0.0,214.93,0.0,1.0
2015-11-20,207.28,0.732,1.0,0.7859,1.0,208.96,-1.0,0.0,208.69,0.0,-1.0,208.92,-1.0,0.0
2015-11-21,207.61,0.0,-1.0,0.0,0.0,207.28,1.0,1.0,208.96,-1.0,0.0,208.69,0.0,-1.0
2015-11-22,208.29,-0.4588,-1.0,0.8286,1.0,207.61,-1.0,0.0,207.28,1.0,1.0,208.96,-1.0,0.0
2015-11-23,204.66,-0.9176,-1.0,0.4201,1.0,208.29,-1.0,1.0,207.61,-1.0,0.0,207.28,1.0,1.0
2015-11-24,211.17,0.4346,1.0,0.10390000000000003,1.0,204.66,-1.0,1.0,208.29,-1.0,1.0,207.61,-1.0,0.0
2015-11-25,215.21,0.8978999999999999,1.0,0.6249,1.0,211.17,1.0,1.0,204.66,-1.0,1.0,208.29,-1.0,1.0
2015-11-26,220.28,1.2003,1.0,0.0,0.0,215.21,1.0,1.0,211.17,1.0,1.0,204.66,-1.0,1.0
2015-11-27,216.22,0.4588,1.0,0.0,0.0,220.28,1.0,0.0,215.21,1.0,1.0,211.17,1.0,1.0
2015-11-28,217.91,0.3818,1.0,0.0,0.0,216.22,1.0,0.0,220.28,1.0,0.0,215.21,1.0,1.0
2015-11-29,219.58,-0.29600000000000004,-1.0,0.8313,1.0,217.91,1.0,0.0,216.22,1.0,0.0,220.28,1.0,0.0
2015-11-30,225.12,-0.01839999999999997,-1.0,0.4131,1.0,219.58,-1.0,1.0,217.91,1.0,0.0,216.22,1.0,0.0
2015-12-01,223.04,0.0,0.0,0.5174,1.0,225.12,-1.0,1.0,219.58,-1.0,1.0,217.91,1.0,0.0
2015-12-02,223.23,0.0,0.0,0.0,0.0,223.04,0.0,1.0,225.12,-1.0,1.0,219.58,-1.0,1.0
2015-12-03,219.56,0.2585,1.0,0.4404,1.0,223.23,0.0,0.0,223.04,0.0,1.0,225.12,-1.0,1.0
2015-12-04,218.96,-0.4019,-1.0,0.6124,1.0,219.56,1.0,1.0,223.23,0.0,0.0,223.04,0.0,1.0
2015-12-05,218.99,1.3594,1.0,1.6963,1.0,218.96,-1.0,1.0,219.56,1.0,1.0,223.23,0.0,0.0
2015-12-06,220.68,0.7547999999999999,1.0,0.0,-1.0,218.99,1.0,1.0,218.96,-1.0,1.0,219.56,1.0,1.0
2015-12-07,232.34,0.7293999999999999,1.0,0.0,-1.0,220.68,1.0,-1.0,218.99,1.0,1.0,218.96,-1.0,1.0
2015-12-08,235.52,0.4123000000000001,1.0,0.7631,1.0,232.34,1.0,-1.0,220.68,1.0,-1.0,218.99,1.0,1.0
2015-12-09,229.36,-0.2324,-1.0,-0.29600000000000004,-1.0,235.52,1.0,1.0,232.34,1.0,-1.0,220.68,1.0,-1.0
2015-12-10,218.79,0.6909,1.0,0.5938999999999999,1.0,229.36,-1.0,-1.0,235.52,1.0,1.0,232.34,1.0,-1.0
2015-12-11,217.87,0.0,-1.0,0.0,0.0,218.79,1.0,1.0,229.36,-1.0,-1.0,235.52,1.0,1.0
2015-12-12,214.96,0.0,-1.0,0.0,0.0,217.87,-1.0,0.0,218.79,1.0,1.0,229.36,-1.0,-1.0
2015-12-13,217.7,0.0,0.0,1.7813,1.0,214.96,-1.0,0.0,217.87,-1.0,0.0,218.79,1.0,1.0
2015-12-14,217.93,0.0,-1.0,0.0,0.0,217.7,0.0,1.0,214.96,-1.0,0.0,217.87,-1.0,0.0
2015-12-15,215.47,0.3182,1.0,0.6266,1.0,217.93,-1.0,0.0,217.7,0.0,1.0,214.96,-1.0,0.0
2015-12-16,219.7,1.0955,1.0,1.4347,1.0,215.47,1.0,1.0,217.93,-1.0,0.0,217.7,0.0,1.0
2015-12-17,219.61,-0.3639,-1.0,0.0,0.0,219.7,1.0,1.0,215.47,1.0,1.0,217.93,-1.0,0.0
2015-12-18,196.66,-1.3948999999999998,-1.0,-0.5994,-1.0,219.61,-1.0,0.0,219.7,1.0,1.0,215.47,1.0,1.0
2015-12-19,196.4,-0.2599,-1.0,0.0,0.0,196.66,-1.0,-1.0,219.61,-1.0,0.0,219.7,1.0,1.0
2015-12-20,193.15,-0.1628,-1.0,0.0,0.0,196.4,-1.0,0.0,196.66,-1.0,-1.0,219.61,-1.0,0.0
2015-12-21,198.55,0.6634,1.0,0.8274999999999999,1.0,193.15,-1.0,0.0,196.4,-1.0,0.0,196.66,-1.0,-1.0
2015-12-22,201.79,1.4051999999999998,1.0,0.8016,1.0,198.55,1.0,1.0,193.15,-1.0,0.0,196.4,-1.0,0.0
2015-12-23,210.19,1.3177,1.0,0.6560999999999999,1.0,201.79,1.0,1.0,198.55,1.0,1.0,193.15,-1.0,0.0
2015-12-24,212.28,-2.958,-1.0,-0.6878,-1.0,210.19,1.0,1.0,201.79,1.0,1.0,198.55,1.0,1.0
2015-12-25,216.5,0.5489999999999999,1.0,0.0,0.0,212.28,-1.0,-1.0,210.19,1.0,1.0,201.79,1.0,1.0
2015-12-26,213.98,-1.9674,-1.0,-0.9502,-1.0,216.5,1.0,0.0,212.28,-1.0,-1.0,210.19,1.0,1.0
2015-12-27,214.44,-2.7688,-1.0,0.9046,1.0,213.98,-1.0,-1.0,216.5,1.0,0.0,212.28,-1.0,-1.0
2015-12-28,215.94,-0.4019,-1.0,0.0,0.0,214.44,-1.0,1.0,213.98,-1.0,-1.0,216.5,1.0,0.0
2015-12-29,216.78,-0.45899999999999996,-1.0,-0.15339999999999998,-1.0,215.94,-1.0,0.0,214.44,-1.0,1.0,213.98,-1.0,-1.0
2015-12-30,224.78,0.2993000000000001,1.0,0.0,0.0,216.78,-1.0,-1.0,215.94,-1.0,0.0,214.44,-1.0,1.0
2015-12-31,224.65,-0.29600000000000004,-1.0,0.8326,1.0,224.78,1.0,0.0,216.78,-1.0,-1.0,215.94,-1.0,0.0
2016-01-01,222.53,-1.3634,-1.0,0.4215,1.0,224.65,-1.0,1.0,224.78,1.0,0.0,216.78,-1.0,-1.0
2016-01-02,221.53,-0.7218,-1.0,-0.4742999999999999,-1.0,222.53,-1.0,1.0,224.65,-1.0,1.0,224.78,1.0,0.0
2016-01-03,220.4,-1.0311,-1.0,1.7696,1.0,221.53,-1.0,-1.0,222.53,-1.0,1.0,224.65,-1.0,1.0
2016-01-04,226.25,0.4404,1.0,2.4696,1.0,220.4,-1.0,1.0,221.53,-1.0,-1.0,222.53,-1.0,1.0
2016-01-05,225.26,0.0,-1.0,0.0,-1.0,226.25,1.0,1.0,220.4,-1.0,1.0,221.53,-1.0,-1.0
2016-01-06,228.36,0.8494,1.0,-0.38299999999999995,-1.0,225.26,-1.0,-1.0,226.25,1.0,1.0,220.4,-1.0,1.0
2016-01-07,220.5,0.7769999999999999,1.0,1.4061,1.0,228.36,1.0,-1.0,225.26,-1.0,-1.0,226.25,1.0,1.0
2016-01-08,222.27,-0.6705,-1.0,0.4019,1.0,220.5,1.0,1.0,228.36,1.0,-1.0,225.26,-1.0,-1.0
2016-01-09,230.01,1.227,1.0,0.4019,1.0,222.27,-1.0,1.0,220.5,1.0,1.0,228.36,1.0,-1.0
2016-01-10,229.51,-0.8805,-1.0,0.4215,1.0,230.01,1.0,1.0,222.27,-1.0,1.0,220.5,1.0,1.0
2016-01-11,228.49,0.5431,1.0,1.2318,1.0,229.51,-1.0,1.0,230.01,1.0,1.0,222.27,-1.0,1.0
2016-01-12,230.61,0.0,0.0,0.4404,1.0,228.49,1.0,1.0,229.51,-1.0,1.0,230.01,1.0,1.0
2016-01-13,234.79,0.0,-1.0,0.8736999999999999,1.0,230.61,0.0,1.0,228.49,1.0,1.0,229.51,-1.0,1.0
2016-01-14,230.01,0.32309999999999994,1.0,0.2235,1.0,234.79,-1.0,1.0,230.61,0.0,1.0,228.49,1.0,1.0
2016-01-15,227.2,0.0,-1.0,0.0,0.0,230.01,1.0,1.0,234.79,-1.0,1.0,230.61,0.0,1.0
2016-01-16,225.79,-0.4404,-1.0,0.0,0.0,227.2,-1.0,0.0,230.01,1.0,1.0,234.79,-1.0,1.0
2016-01-17,230.61,0.044999999999999984,1.0,0.0,0.0,225.79,-1.0,0.0,227.2,-1.0,0.0,230.01,1.0,1.0
2016-01-18,230.03,0.0,-1.0,0.0,0.0,230.61,1.0,0.0,225.79,-1.0,0.0,227.2,-1.0,0.0
2016-01-19,226.16,0.8009,1.0,0.0,0.0,230.03,-1.0,0.0,230.61,1.0,0.0,225.79,-1.0,0.0
2016-01-20,229.08,-0.17659999999999998,-1.0,2.0313,1.0,226.16,1.0,0.0,230.03,-1.0,0.0,230.61,1.0,0.0
2016-01-21,225.65,-0.4019,-1.0,0.0,-1.0,229.08,-1.0,1.0,226.16,1.0,0.0,230.03,-1.0,0.0
2016-01-22,224.91,0.2023,1.0,0.8805,1.0,225.65,-1.0,-1.0,229.08,-1.0,1.0,226.16,1.0,0.0
2016-01-23,225.61,0.0,0.0,0.0,0.0,224.91,1.0,1.0,225.65,-1.0,-1.0,229.08,-1.0,1.0
2016-01-24,225.59,-0.1059,-1.0,0.0,-1.0,225.61,0.0,0.0,224.91,1.0,1.0,225.65,-1.0,-1.0
2016-01-25,223.61,-0.6947,-1.0,0.0,0.0,225.59,-1.0,-1.0,225.61,0.0,0.0,224.91,1.0,1.0
2016-01-26,223.24,0.0,-1.0,0.0,0.0,223.61,-1.0,0.0,225.59,-1.0,-1.0,225.61,0.0,0.0
2016-01-27,223.51,0.0,-1.0,0.0,0.0,223.24,-1.0,0.0,223.61,-1.0,0.0,225.59,-1.0,-1.0
2016-01-28,225.0,0.0,0.0,0.0,0.0,223.51,-1.0,0.0,223.24,-1.0,0.0,223.61,-1.0,0.0
2016-01-29,222.93,0.0,-1.0,-0.4588,-1.0,225.0,0.0,0.0,223.51,-1.0,0.0,223.24,-1.0,0.0
2016-01-30,224.84,0.25349999999999995,1.0,0.0,-1.0,222.93,-1.0,-1.0,225.0,0.0,0.0,223.51,-1.0,0.0
2016-01-31,222.62,0.4703,1.0,0.0,0.0,224.84,1.0,-1.0,222.93,-1.0,-1.0,225.0,0.0,0.0
2016-02-01,220.96,1.6162999999999998,1.0,0.0,0.0,222.62,1.0,0.0,224.84,1.0,-1.0,222.93,-1.0,-1.0
2016-02-02,219.99,0.0,0.0,0.0,0.0,220.96,1.0,0.0,222.62,1.0,0.0,224.84,1.0,-1.0
2016-02-03,215.2,0.0,-1.0,0.0,0.0,219.99,0.0,0.0,220.96,1.0,0.0,222.62,1.0,0.0
2016-02-04,211.34,0.0,-1.0,0.6908,1.0,215.2,-1.0,0.0,219.99,0.0,0.0,220.96,1.0,0.0
2016-02-05,212.01,-0.1027,-1.0,1.2197,1.0,211.34,-1.0,1.0,215.2,-1.0,0.0,219.99,0.0,0.0
2016-02-06,200.77,-0.4882,-1.0,-0.6348,-1.0,212.01,-1.0,1.0,211.34,-1.0,1.0,215.2,-1.0,0.0
2016-02-07,197.78,0.4588,1.0,0.0,0.0,200.77,-1.0,-1.0,212.01,-1.0,1.0,211.34,-1.0,1.0
2016-02-08,202.83,0.4939,1.0,0.0,0.0,197.78,1.0,0.0,200.77,-1.0,-1.0,212.01,-1.0,1.0
2016-02-09,201.71,-1.2978,-1.0,0.0,0.0,202.83,1.0,0.0,197.78,1.0,0.0,200.77,-1.0,-1.0
2016-02-10,197.36,0.2210999999999999,1.0,0.0,0.0,201.71,-1.0,0.0,202.83,1.0,0.0,197.78,1.0,0.0
2016-02-11,194.47,-0.9735,-1.0,0.6721999999999999,1.0,197.36,1.0,0.0,201.71,-1.0,0.0,202.83,1.0,0.0
2016-02-12,198.3,0.09189999999999998,1.0,0.0,0.0,194.47,-1.0,1.0,197.36,1.0,0.0,201.71,-1.0,0.0
2016-02-13,196.05,-0.22120000000000006,-1.0,-0.16410000000000002,-1.0,198.3,1.0,0.0,194.47,-1.0,1.0,197.36,1.0,0.0
2016-02-14,196.41,-1.8075,-1.0,0.0,0.0,196.05,-1.0,-1.0,198.3,1.0,0.0,194.47,-1.0,1.0
2016-02-15,200.42,3.0805,1.0,0.0,0.0,196.41,-1.0,0.0,196.05,-1.0,-1.0,198.3,1.0,0.0
2016-02-16,205.4,-1.5330000000000001,-1.0,0.8849,1.0,200.42,1.0,0.0,196.41,-1.0,0.0,196.05,-1.0,-1.0
2016-02-17,206.34,-0.3188,-1.0,0.7845,1.0,205.4,-1.0,1.0,200.42,1.0,0.0,196.41,-1.0,0.0
2016-02-18,204.64,-0.5343,-1.0,0.0,0.0,206.34,-1.0,1.0,205.4,-1.0,1.0,200.42,1.0,0.0
2016-02-19,205.22,0.0,-1.0,0.2093,1.0,204.64,-1.0,0.0,206.34,-1.0,1.0,205.4,-1.0,1.0
2016-02-20,206.43,-1.179,-1.0,0.6904999999999999,1.0,205.22,-1.0,1.0,204.64,-1.0,0.0,206.34,-1.0,1.0
2016-02-21,207.45,0.0,-1.0,0.4404,1.0,206.43,-1.0,1.0,205.22,-1.0,1.0,204.64,-1.0,0.0
2016-02-22,208.99,0.1952,1.0,0.7056999999999998,1.0,207.45,-1.0,1.0,206.43,-1.0,1.0,205.22,-1.0,1.0
2016-02-23,205.81,0.0,-1.0,0.4662,1.0,208.99,1.0,1.0,207.45,-1.0,1.0,206.43,-1.0,1.0
2016-02-24,206.27,-0.4404,-1.0,0.7487,1.0,205.81,-1.0,1.0,208.99,1.0,1.0,207.45,-1.0,1.0
2016-02-25,200.7,-0.8259,-1.0,0.0,0.0,206.27,-1.0,1.0,205.81,-1.0,1.0,208.99,1.0,1.0
2016-02-26,204.03,-0.0918,-1.0,0.0,0.0,200.7,-1.0,0.0,206.27,-1.0,1.0,205.81,-1.0,1.0
2016-02-27,213.7,0.0258,1.0,0.0,0.0,204.03,-1.0,0.0,200.7,-1.0,0.0,206.27,-1.0,1.0
2016-02-28,211.41,0.2732,1.0,0.7615000000000001,1.0,213.7,1.0,0.0,204.03,-1.0,0.0,200.7,-1.0,0.0
2016-02-29,208.46,0.0,-1.0,0.9109,1.0,211.41,1.0,1.0,213.7,1.0,0.0,204.03,-1.0,0.0
2016-03-01,201.0,0.1027,1.0,0.4983,1.0,208.46,-1.0,1.0,211.41,1.0,1.0,213.7,1.0,0.0
2016-03-02,196.61,0.0,-1.0,-0.5994,-1.0,201.0,1.0,1.0,208.46,-1.0,1.0,211.41,1.0,1.0
2016-03-03,200.95,-0.6355,-1.0,0.08720000000000007,1.0,196.61,-1.0,-1.0,201.0,1.0,1.0,208.46,-1.0,1.0
2016-03-04,200.1,0.0,-1.0,0.0,0.0,200.95,-1.0,1.0,196.61,-1.0,-1.0,201.0,1.0,1.0
2016-03-05,201.51,0.8038,1.0,0.0,0.0,200.1,-1.0,0.0,200.95,-1.0,1.0,196.61,-1.0,-1.0
2016-03-06,200.24,0.0,-1.0,-0.4767,-1.0,201.51,1.0,0.0,200.1,-1.0,0.0,200.95,-1.0,1.0
2016-03-07,196.51,0.0,0.0,0.0,0.0,200.24,-1.0,-1.0,201.51,1.0,0.0,200.1,-1.0,0.0
2016-03-08,193.96,0.07300000000000001,1.0,0.0,0.0,196.51,0.0,0.0,200.24,-1.0,-1.0,201.51,1.0,0.0
2016-03-09,199.1,0.3251,1.0,0.0,-1.0,193.96,1.0,0.0,196.51,0.0,0.0,200.24,-1.0,-1.0
2016-03-10,203.56,0.6369,1.0,-0.4019,-1.0,199.1,1.0,-1.0,193.96,1.0,0.0,196.51,0.0,0.0
2016-03-11,199.1,0.0,-1.0,2.8622,1.0,203.56,1.0,-1.0,199.1,1.0,-1.0,193.96,1.0,0.0
2016-03-12,200.09,0.0,0.0,0.0,0.0,199.1,-1.0,1.0,203.56,1.0,-1.0,199.1,1.0,-1.0
2016-03-13,202.76,0.0516,1.0,0.743,1.0,200.09,0.0,0.0,199.1,-1.0,1.0,203.56,1.0,-1.0
2016-03-14,202.34,0.0,-1.0,0.0,0.0,202.76,1.0,1.0,200.09,0.0,0.0,199.1,-1.0,1.0
2016-03-15,202.24,0.6829,1.0,0.7783,1.0,202.34,-1.0,0.0,202.76,1.0,1.0,200.09,0.0,0.0
2016-03-16,204.01,2.1196,1.0,0.4588,1.0,202.24,1.0,1.0,202.34,-1.0,0.0,202.76,1.0,1.0
2016-03-17,199.97,0.0,-1.0,0.0,0.0,204.01,1.0,1.0,202.24,1.0,1.0,202.34,-1.0,0.0
2016-03-18,197.73,0.4588,1.0,0.0,0.0,199.97,-1.0,0.0,204.01,1.0,1.0,202.24,1.0,1.0
2016-03-19,190.79,-0.3182,-1.0,0.0,0.0,197.73,1.0,0.0,199.97,-1.0,0.0,204.01,1.0,1.0
2016-03-20,188.02,0.0,-1.0,0.4019,1.0,190.79,-1.0,0.0,197.73,1.0,0.0,199.97,-1.0,0.0
2016-03-21,187.42,-0.4588,-1.0,1.2909000000000002,1.0,188.02,-1.0,1.0,190.79,-1.0,0.0,197.73,1.0,0.0
2016-03-22,190.56,0.8254999999999999,1.0,6.1076,1.0,187.42,-1.0,1.0,188.02,-1.0,1.0,190.79,-1.0,0.0
2016-03-23,193.21,0.7365000000000002,1.0,0.8266,1.0,190.56,1.0,1.0,187.42,-1.0,1.0,188.02,-1.0,1.0
2016-03-24,194.94,0.7096,1.0,0.0,0.0,193.21,1.0,1.0,190.56,1.0,1.0,187.42,-1.0,1.0
2016-03-25,190.06,-0.038500000000000034,-1.0,0.0,0.0,194.94,1.0,0.0,193.21,1.0,1.0,190.56,1.0,1.0
2016-03-26,185.35,0.3818,1.0,0.0,0.0,190.06,-1.0,0.0,194.94,1.0,0.0,193.21,1.0,1.0
2016-03-27,188.56,-0.4019,-1.0,0.0,0.0,185.35,1.0,0.0,190.06,-1.0,0.0,194.94,1.0,0.0
2016-03-28,181.45,0.0,-1.0,0.0,0.0,188.56,-1.0,0.0,185.35,1.0,0.0,190.06,-1.0,0.0
2016-03-29,183.77,1.1288,1.0,0.6696,1.0,181.45,-1.0,0.0,188.56,-1.0,0.0,185.35,1.0,0.0
2016-03-30,183.93,-0.4939,-1.0,2.9165,1.0,183.77,1.0,1.0,181.45,-1.0,0.0,188.56,-1.0,0.0
2016-03-31,188.66,0.5574,1.0,0.7088,1.0,183.93,-1.0,1.0,183.77,1.0,1.0,181.45,-1.0,0.0
2016-04-01,185.02,0.1975,1.0,0.0,-1.0,188.66,1.0,1.0,183.93,-1.0,1.0,183.77,1.0,1.0
2016-04-02,184.52,0.0,0.0,0.0,0.0,185.02,1.0,-1.0,188.66,1.0,1.0,183.93,-1.0,1.0
2016-04-03,191.17,0.0,0.0,0.8877,1.0,184.52,0.0,0.0,185.02,1.0,-1.0,188.66,1.0,1.0
2016-04-04,193.14,0.9997,1.0,0.4019,1.0,191.17,0.0,1.0,184.52,0.0,0.0,185.02,1.0,-1.0
2016-04-05,196.65,0.0,-1.0,0.0,0.0,193.14,1.0,1.0,191.17,0.0,1.0,184.52,0.0,0.0
2016-04-06,196.12,-0.34,-1.0,0.0,0.0,196.65,-1.0,0.0,193.14,1.0,1.0,191.17,0.0,1.0
2016-04-07,189.57,0.0,-1.0,0.0,0.0,196.12,-1.0,0.0,196.65,-1.0,0.0,193.14,1.0,1.0
2016-04-08,189.4,0.0,0.0,0.0,0.0,189.57,-1.0,0.0,196.12,-1.0,0.0,196.65,-1.0,0.0
2016-04-09,181.88,-1.3763999999999998,-1.0,0.0,-1.0,189.4,0.0,0.0,189.57,-1.0,0.0,196.12,-1.0,0.0
2016-04-10,181.47,-0.196,-1.0,0.0,0.0,181.88,-1.0,-1.0,189.4,0.0,0.0,189.57,-1.0,0.0
2016-04-11,186.8,0.0,-1.0,0.0,0.0,181.47,-1.0,0.0,181.88,-1.0,-1.0,189.4,0.0,0.0
2016-04-12,185.85,0.8371,1.0,0.0,0.0,186.8,-1.0,0.0,181.47,-1.0,0.0,181.88,-1.0,-1.0
2016-04-13,193.15,0.07700000000000001,1.0,0.7499,1.0,185.85,1.0,0.0,186.8,-1.0,0.0,181.47,-1.0,0.0
2016-04-14,192.29,0.3818,1.0,0.2732,1.0,193.15,1.0,1.0,185.85,1.0,0.0,186.8,-1.0,0.0
2016-04-15,192.18,0.0772,1.0,0.0,-1.0,192.29,1.0,1.0,193.15,1.0,1.0,185.85,1.0,0.0
2016-04-16,192.43,0.6771,1.0,0.0,0.0,192.18,1.0,-1.0,192.29,1.0,1.0,193.15,1.0,1.0
2016-04-17,198.15,0.0,-1.0,0.0,0.0,192.43,1.0,0.0,192.18,1.0,-1.0,192.29,1.0,1.0
2016-04-18,198.69,-0.4588,-1.0,0.0,0.0,198.15,-1.0,0.0,192.43,1.0,0.0,192.18,1.0,-1.0
2016-04-19,197.58,0.0,-1.0,0.0,0.0,198.69,-1.0,0.0,198.15,-1.0,0.0,192.43,1.0,0.0
2016-04-20,202.49,0.0,0.0,0.0,0.0,197.58,-1.0,0.0,198.69,-1.0,0.0,198.15,-1.0,0.0
2016-04-21,202.73,0.0,0.0,0.0,0.0,202.49,0.0,0.0,197.58,-1.0,0.0,198.69,-1.0,0.0
2016-04-22,208.79,0.0,-1.0,0.0,0.0,202.73,0.0,0.0,202.49,0.0,0.0,197.58,-1.0,0.0
2016-04-23,207.7,0.8126,1.0,0.0,-1.0,208.79,-1.0,0.0,202.73,0.0,0.0,202.49,0.0,0.0
2016-04-24,208.45,0.6444,1.0,1.1212,1.0,207.7,1.0,-1.0,208.79,-1.0,0.0,202.73,0.0,0.0
2016-04-25,213.34,0.0,-1.0,3.3118,1.0,208.45,1.0,1.0,207.7,1.0,-1.0,208.79,-1.0,0.0
2016-04-26,219.53,0.5920000000000001,1.0,0.0,0.0,213.34,-1.0,1.0,208.45,1.0,1.0,207.7,1.0,-1.0
2016-04-27,219.74,1.1014,1.0,0.0,0.0,219.53,1.0,0.0,213.34,-1.0,1.0,208.45,1.0,1.0
2016-04-28,214.68,0.0,0.0,0.0,0.0,219.74,1.0,0.0,219.53,1.0,0.0,213.34,-1.0,1.0
2016-04-29,213.69,-0.9051,-1.0,0.0,-1.0,214.68,0.0,0.0,219.74,1.0,0.0,219.53,1.0,0.0
2016-04-30,216.99,0.6197,1.0,0.0,0.0,213.69,-1.0,-1.0,214.68,0.0,0.0,219.74,1.0,0.0
2016-05-01,226.99,1.511,1.0,0.0,0.0,216.99,1.0,0.0,213.69,-1.0,-1.0,214.68,0.0,0.0
2016-05-02,226.75,0.2997000000000001,1.0,-0.34,-1.0,226.99,1.0,0.0,216.99,1.0,0.0,213.69,-1.0,-1.0
2016-05-03,229.01,0.0,-1.0,0.0,-1.0,226.75,1.0,-1.0,226.99,1.0,0.0,216.99,1.0,0.0
2016-05-04,231.28,0.0,-1.0,0.0,0.0,229.01,-1.0,-1.0,226.75,1.0,-1.0,226.99,1.0,0.0
2016-05-05,229.87,-0.2263,-1.0,0.34,1.0,231.28,-1.0,0.0,229.01,-1.0,-1.0,226.75,1.0,-1.0
2016-05-06,229.73,0.0,-1.0,0.17520000000000002,1.0,229.87,-1.0,1.0,231.28,-1.0,0.0,229.01,-1.0,-1.0
2016-05-07,229.59,0.3308,1.0,2.9111,1.0,229.73,-1.0,1.0,229.87,-1.0,1.0,231.28,-1.0,0.0
2016-05-08,237.75,0.6369,1.0,0.0,0.0,229.59,1.0,1.0,229.73,-1.0,1.0,229.87,-1.0,1.0
2016-05-09,235.58,0.2263,1.0,0.0,0.0,237.75,1.0,0.0,229.59,1.0,1.0,229.73,-1.0,1.0
2016-05-10,238.36,0.7769999999999999,1.0,0.0,-1.0,235.58,1.0,0.0,237.75,1.0,0.0,229.59,1.0,1.0
2016-05-11,243.76,0.04179999999999984,1.0,1.9048,1.0,238.36,1.0,-1.0,235.58,1.0,0.0,237.75,1.0,0.0
2016-05-12,244.73,0.0,-1.0,0.0,0.0,243.76,1.0,1.0,238.36,1.0,-1.0,235.58,1.0,0.0
2016-05-13,248.92,0.0,0.0,0.7351,1.0,244.73,-1.0,0.0,243.76,1.0,1.0,238.36,1.0,-1.0
2016-05-14,254.61,-0.25,-1.0,3.2989,1.0,248.92,0.0,1.0,244.73,-1.0,0.0,243.76,1.0,1.0
2016-05-15,254.47,0.0,-1.0,1.7542999999999995,1.0,254.61,-1.0,1.0,248.92,0.0,1.0,244.73,-1.0,0.0
2016-05-16,252.51,0.3656999999999999,1.0,0.0,0.0,254.47,-1.0,1.0,254.61,-1.0,1.0,248.92,0.0,1.0
2016-05-17,252.95,0.4588,1.0,1.2522,1.0,252.51,1.0,0.0,254.47,-1.0,1.0,254.61,-1.0,1.0
2016-05-18,250.63,-0.2263,-1.0,3.4284000000000003,1.0,252.95,1.0,1.0,252.51,1.0,0.0,254.47,-1.0,1.0
2016-05-19,251.93,0.4019,1.0,-0.4019,-1.0,250.63,-1.0,1.0,252.95,1.0,1.0,252.51,1.0,0.0
2016-05-20,249.24,0.8351999999999999,1.0,0.0,0.0,251.93,1.0,-1.0,250.63,-1.0,1.0,252.95,1.0,1.0
2016-05-21,251.55,0.8607,1.0,0.4019,1.0,249.24,1.0,0.0,251.93,1.0,-1.0,250.63,-1.0,1.0
2016-05-22,251.33,0.0,0.0,0.0,-1.0,251.55,1.0,1.0,249.24,1.0,0.0,251.93,1.0,-1.0
2016-05-23,257.77,0.0772,1.0,0.0,0.0,251.33,0.0,-1.0,251.55,1.0,1.0,249.24,1.0,0.0
2016-05-24,257.48,-0.1027,-1.0,1.528,1.0,257.77,1.0,0.0,251.33,0.0,-1.0,251.55,1.0,1.0
2016-05-25,262.08,0.7003,1.0,0.0,-1.0,257.48,-1.0,1.0,257.77,1.0,0.0,251.33,0.0,-1.0
2016-05-26,269.2,0.2809,1.0,0.0,-1.0,262.08,1.0,-1.0,257.48,-1.0,1.0,257.77,1.0,0.0
2016-05-27,269.23,0.23189999999999994,1.0,0.3182,1.0,269.2,1.0,-1.0,262.08,1.0,-1.0,257.48,-1.0,1.0
2016-05-28,280.6,0.6487,1.0,0.0,0.0,269.23,1.0,1.0,269.2,1.0,-1.0,262.08,1.0,-1.0
2016-05-29,280.98,0.4588,1.0,0.0,0.0,280.6,1.0,0.0,269.23,1.0,1.0,269.2,1.0,-1.0
2016-05-30,279.76,0.34,1.0,1.4214,1.0,280.98,1.0,0.0,280.6,1.0,0.0,269.23,1.0,1.0
2016-05-31,268.95,0.0,-1.0,3.6205,1.0,279.76,1.0,1.0,280.98,1.0,0.0,280.6,1.0,0.0
2016-06-01,272.23,0.128,1.0,0.08829999999999999,1.0,268.95,-1.0,1.0,279.76,1.0,1.0,280.98,1.0,0.0
2016-06-02,277.39,0.0,-1.0,0.0,0.0,272.23,1.0,1.0,268.95,-1.0,1.0,279.76,1.0,1.0
2016-06-03,273.51,0.04300000000000004,1.0,0.0,0.0,277.39,-1.0,0.0,272.23,1.0,1.0,268.95,-1.0,1.0
2016-06-04,255.99,0.6486,1.0,0.5719,1.0,273.51,1.0,0.0,277.39,-1.0,0.0,272.23,1.0,1.0
2016-06-05,257.0,0.4588,1.0,2.7648,1.0,255.99,1.0,1.0,273.51,1.0,0.0,277.39,-1.0,0.0
2016-06-06,246.23,-0.6760999999999998,-1.0,0.29600000000000004,1.0,257.0,1.0,1.0,255.99,1.0,1.0,273.51,1.0,0.0
2016-06-07,249.99,0.2023,1.0,-0.1798,-1.0,246.23,-1.0,1.0,257.0,1.0,1.0,255.99,1.0,1.0
2016-06-08,250.02,0.25,1.0,0.0,0.0,249.99,1.0,-1.0,246.23,-1.0,1.0,257.0,1.0,1.0
2016-06-09,250.48,-0.2732,-1.0,0.9215,1.0,250.02,1.0,0.0,249.99,1.0,-1.0,246.23,-1.0,1.0
2016-06-10,251.57,0.7190999999999999,1.0,0.0,0.0,250.48,-1.0,1.0,250.02,1.0,0.0,249.99,1.0,-1.0
2016-06-11,251.21,0.0772,1.0,0.4926,1.0,251.57,1.0,0.0,250.48,-1.0,1.0,250.02,1.0,0.0
2016-06-12,248.59,-0.128,-1.0,0.0,0.0,251.21,1.0,1.0,251.57,1.0,0.0,250.48,-1.0,1.0
2016-06-13,246.87,0.0,-1.0,0.0,0.0,248.59,-1.0,0.0,251.21,1.0,1.0,251.57,1.0,0.0
2016-06-14,244.9,0.0,-1.0,0.0,0.0,246.87,-1.0,0.0,248.59,-1.0,0.0,251.21,1.0,1.0
2016-06-15,243.69,-0.2263,-1.0,0.6732,1.0,244.9,-1.0,0.0,246.87,-1.0,0.0,248.59,-1.0,0.0
2016-06-16,246.17,0.0,-1.0,0.29600000000000004,1.0,243.69,-1.0,1.0,244.9,-1.0,0.0,246.87,-1.0,0.0
2016-06-17,258.0,0.0,-1.0,0.365,1.0,246.17,-1.0,1.0,243.69,-1.0,1.0,244.9,-1.0,0.0
2016-06-18,255.73,0.4653,1.0,0.0,0.0,258.0,-1.0,1.0,246.17,-1.0,1.0,243.69,-1.0,1.0
2016-06-19,262.05,0.0,-1.0,0.7269,1.0,255.73,1.0,0.0,258.0,-1.0,1.0,246.17,-1.0,1.0
2016-06-20,261.5,0.0,-1.0,0.0,0.0,262.05,-1.0,1.0,255.73,1.0,0.0,258.0,-1.0,1.0
2016-06-21,261.92,0.5574,1.0,0.0,0.0,261.5,-1.0,0.0,262.05,-1.0,1.0,255.73,1.0,0.0
2016-06-22,250.68,-0.128,-1.0,0.0,0.0,261.92,1.0,0.0,261.5,-1.0,0.0,262.05,-1.0,1.0
2016-06-23,255.01,0.0,0.0,-0.29600000000000004,-1.0,250.68,-1.0,0.0,261.92,1.0,0.0,261.5,-1.0,0.0
2016-06-24,254.78,-0.0772,-1.0,0.3612,1.0,255.01,0.0,-1.0,250.68,-1.0,0.0,261.92,1.0,0.0
2016-06-25,263.16,0.0,-1.0,8.7058,1.0,254.78,-1.0,1.0,255.01,0.0,-1.0,250.68,-1.0,0.0
2016-06-26,270.22,0.25649999999999995,1.0,0.0,0.0,263.16,-1.0,1.0,254.78,-1.0,1.0,255.01,0.0,-1.0
2016-06-27,277.45,-0.3109,-1.0,-1.0474,-1.0,270.22,1.0,0.0,263.16,-1.0,1.0,254.78,-1.0,1.0
2016-06-28,277.38,0.5574,1.0,0.0,-1.0,277.45,-1.0,-1.0,270.22,1.0,0.0,263.16,-1.0,1.0
2016-06-29,277.92,0.0,0.0,0.5697,1.0,277.38,1.0,-1.0,277.45,-1.0,-1.0,270.22,1.0,0.0
2016-06-30,278.3,0.0,-1.0,3.7166,1.0,277.92,0.0,1.0,277.38,1.0,-1.0,277.45,-1.0,-1.0
2016-07-01,298.52,-1.289,-1.0,0.0,-1.0,278.3,-1.0,1.0,277.92,0.0,1.0,277.38,1.0,-1.0
2016-07-02,303.7,1.8679,1.0,0.0,0.0,298.52,-1.0,-1.0,278.3,-1.0,1.0,277.92,0.0,1.0
2016-07-03,295.0,0.0,-1.0,0.0,-1.0,303.7,1.0,0.0,298.52,-1.0,-1.0,278.3,-1.0,1.0
2016-07-04,298.7,0.0,-1.0,0.0,0.0,295.0,-1.0,-1.0,303.7,1.0,0.0,298.52,-1.0,-1.0
2016-07-05,302.54,0.0,-1.0,0.6486,1.0,298.7,-1.0,0.0,295.0,-1.0,-1.0,303.7,1.0,0.0
2016-07-06,312.39,1.4174,1.0,0.0,0.0,302.54,-1.0,1.0,298.7,-1.0,0.0,295.0,-1.0,-1.0
2016-07-07,308.71,-0.2732,-1.0,0.0,0.0,312.39,1.0,0.0,302.54,-1.0,1.0,298.7,-1.0,0.0
2016-07-08,296.84,1.2169,1.0,1.6986,1.0,308.71,-1.0,0.0,312.39,1.0,0.0,302.54,-1.0,1.0
2016-07-09,304.0,0.8549000000000001,1.0,0.6705,1.0,296.84,1.0,1.0,308.71,-1.0,0.0,312.39,1.0,0.0
2016-07-10,301.44,0.4119,1.0,0.6282,1.0,304.0,1.0,1.0,296.84,1.0,1.0,308.71,-1.0,0.0
2016-07-11,300.25,0.5465,1.0,0.1779,1.0,301.44,1.0,1.0,304.0,1.0,1.0,296.84,1.0,1.0
2016-07-12,305.52,0.3816,1.0,0.0,0.0,300.25,1.0,1.0,301.44,1.0,1.0,304.0,1.0,1.0
2016-07-13,302.51,0.0,-1.0,0.0,0.0,305.52,1.0,0.0,300.25,1.0,1.0,301.44,1.0,1.0
2016-07-14,305.6,0.0,-1.0,0.0,0.0,302.51,-1.0,0.0,305.52,1.0,0.0,300.25,1.0,1.0
2016-07-15,308.03,0.8169000000000001,1.0,1.3657,1.0,305.6,-1.0,0.0,302.51,-1.0,0.0,305.52,1.0,0.0
2016-07-16,313.79,-0.2732,-1.0,0.0,0.0,308.03,1.0,1.0,305.6,-1.0,0.0,302.51,-1.0,0.0
2016-07-17,310.17,0.79,1.0,0.0,0.0,313.79,-1.0,0.0,308.03,1.0,1.0,305.6,-1.0,0.0
2016-07-18,308.63,0.4588,1.0,-0.2263,-1.0,310.17,1.0,0.0,313.79,-1.0,0.0,308.03,1.0,1.0
2016-07-19,314.07,0.0,-1.0,-0.9741,-1.0,308.63,1.0,-1.0,310.17,1.0,0.0,313.79,-1.0,0.0
2016-07-20,322.83,0.6436999999999999,1.0,0.02939999999999998,1.0,314.07,-1.0,-1.0,308.63,1.0,-1.0,310.17,1.0,0.0
2016-07-21,318.89,0.0,-1.0,0.0,0.0,322.83,1.0,1.0,314.07,-1.0,-1.0,308.63,1.0,-1.0
2016-07-22,311.02,0.6895999999999999,1.0,0.0,0.0,318.89,-1.0,0.0,322.83,1.0,1.0,314.07,-1.0,-1.0
2016-07-23,295.46,-0.2877,-1.0,0.8312,1.0,311.02,1.0,0.0,318.89,-1.0,0.0,322.83,1.0,1.0
2016-07-24,308.35,0.0,-1.0,1.1529,1.0,295.46,-1.0,1.0,311.02,1.0,0.0,318.89,-1.0,0.0
2016-07-25,307.19,0.6718,1.0,0.0,0.0,308.35,-1.0,1.0,295.46,-1.0,1.0,311.02,1.0,0.0
2016-07-26,321.26,0.6588,1.0,-0.15900000000000006,-1.0,307.19,1.0,0.0,308.35,-1.0,1.0,295.46,-1.0,1.0
2016-07-27,325.22,0.0,-1.0,2.3488,1.0,321.26,1.0,-1.0,307.19,1.0,0.0,308.35,-1.0,1.0
2016-07-28,323.1,0.0,0.0,0.9540000000000001,1.0,325.22,-1.0,1.0,321.26,1.0,-1.0,307.19,1.0,0.0
2016-07-29,324.81,0.0,0.0,-0.996,-1.0,323.1,0.0,1.0,325.22,-1.0,1.0,321.26,1.0,-1.0
2016-07-30,315.88,1.3671,1.0,0.0,0.0,324.81,0.0,-1.0,323.1,0.0,1.0,325.22,-1.0,1.0
2016-07-31,317.01,0.0516,1.0,0.0,-1.0,315.88,1.0,0.0,324.81,0.0,-1.0,323.1,0.0,1.0
2016-08-01,306.11,0.0,-1.0,-0.1473,-1.0,317.01,1.0,-1.0,315.88,1.0,0.0,324.81,0.0,-1.0
2016-08-02,313.06,0.4473,1.0,0.0,0.0,306.11,-1.0,-1.0,317.01,1.0,-1.0,315.88,1.0,0.0
2016-08-03,310.83,0.0,-1.0,0.95,1.0,313.06,1.0,0.0,306.11,-1.0,-1.0,317.01,1.0,-1.0
2016-08-04,310.35,0.2325,1.0,6.6748,1.0,310.83,-1.0,1.0,313.06,1.0,0.0,306.11,-1.0,-1.0
2016-08-05,303.86,0.29600000000000004,1.0,1.2482000000000002,1.0,310.35,1.0,1.0,310.83,-1.0,1.0,313.06,1.0,0.0
2016-08-06,310.22,-0.5098,-1.0,1.649,1.0,303.86,1.0,1.0,310.35,1.0,1.0,310.83,-1.0,1.0
2016-08-07,316.83,0.0,-1.0,0.7663,1.0,310.22,-1.0,1.0,303.86,1.0,1.0,310.35,1.0,1.0
2016-08-08,325.14,1.0582,1.0,0.7419,1.0,316.83,-1.0,1.0,310.22,-1.0,1.0,303.86,1.0,1.0
2016-08-09,335.1,-0.2039,-1.0,0.0,0.0,325.14,1.0,1.0,316.83,-1.0,1.0,310.22,-1.0,1.0
2016-08-10,341.01,0.0,-1.0,1.2107,1.0,335.1,-1.0,0.0,325.14,1.0,1.0,316.83,-1.0,1.0
2016-08-11,340.37,0.8066,1.0,0.9074000000000002,1.0,341.01,-1.0,1.0,335.1,-1.0,0.0,325.14,1.0,1.0
2016-08-12,339.85,-1.1026,-1.0,0.7096,1.0,340.37,1.0,1.0,341.01,-1.0,1.0,335.1,-1.0,0.0
2016-08-13,347.32,-0.7884,-1.0,0.9496,1.0,339.85,-1.0,1.0,340.37,1.0,1.0,341.01,-1.0,1.0
2016-08-14,352.85,0.7769999999999999,1.0,0.8162999999999999,1.0,347.32,-1.0,1.0,339.85,-1.0,1.0,340.37,1.0,1.0
2016-08-15,359.65,-0.6751,-1.0,2.2509,1.0,352.85,1.0,1.0,347.32,-1.0,1.0,339.85,-1.0,1.0
2016-08-16,370.0,0.2732,1.0,6.2722000000000016,1.0,359.65,-1.0,1.0,352.85,1.0,1.0,347.32,-1.0,1.0
2016-08-17,357.32,0.0,-1.0,-0.8897000000000004,-1.0,370.0,1.0,1.0,359.65,-1.0,1.0,352.85,1.0,1.0
2016-08-18,359.01,0.0,-1.0,0.0,0.0,357.32,-1.0,-1.0,370.0,1.0,1.0,359.65,-1.0,1.0
2016-08-19,375.95,1.252,1.0,1.9476,1.0,359.01,-1.0,0.0,357.32,-1.0,-1.0,370.0,1.0,1.0
2016-08-20,380.66,1.2620999999999998,1.0,0.4767,1.0,375.95,1.0,1.0,359.01,-1.0,0.0,357.32,-1.0,-1.0
2016-08-21,375.34,0.4588,1.0,0.0,0.0,380.66,1.0,1.0,375.95,1.0,1.0,359.01,-1.0,0.0
2016-08-22,371.4,0.0,0.0,1.2789,1.0,375.34,1.0,0.0,380.66,1.0,1.0,375.95,1.0,1.0
2016-08-23,369.8,0.2732,1.0,-0.29600000000000004,-1.0,371.4,0.0,1.0,375.34,1.0,0.0,380.66,1.0,1.0
2016-08-24,372.24,0.1537,1.0,0.7444999999999999,1.0,369.8,1.0,-1.0,371.4,0.0,1.0,375.34,1.0,0.0
2016-08-25,376.4,0.4767,1.0,-0.2201,-1.0,372.24,1.0,1.0,369.8,1.0,-1.0,371.4,0.0,1.0
2016-08-26,382.61,0.0,-1.0,0.4385999999999999,1.0,376.4,1.0,-1.0,372.24,1.0,1.0,369.8,1.0,-1.0
2016-08-27,383.45,0.0,0.0,0.8975000000000002,1.0,382.61,-1.0,1.0,376.4,1.0,-1.0,372.24,1.0,1.0
2016-08-28,377.49,0.2023,1.0,0.09720000000000006,1.0,383.45,0.0,1.0,382.61,-1.0,1.0,376.4,1.0,-1.0
2016-08-29,362.37,0.12120000000000004,1.0,0.0,0.0,377.49,1.0,1.0,383.45,0.0,1.0,382.61,-1.0,1.0
2016-08-30,371.24,-0.3818,-1.0,-0.035,-1.0,362.37,1.0,0.0,377.49,1.0,1.0,383.45,0.0,1.0
2016-08-31,360.75,0.0,0.0,1.0695,1.0,371.24,-1.0,-1.0,362.37,1.0,0.0,377.49,1.0,1.0
2016-09-01,361.61,0.0,-1.0,0.659,1.0,360.75,0.0,1.0,371.24,-1.0,-1.0,362.37,1.0,0.0
2016-09-02,352.62,1.3763999999999998,1.0,1.2141,1.0,361.61,-1.0,1.0,360.75,0.0,1.0,371.24,-1.0,-1.0
2016-09-03,327.09,-1.2089999999999996,-1.0,0.8658,1.0,352.62,1.0,1.0,361.61,-1.0,1.0,360.75,0.0,1.0
2016-09-04,308.83,-0.09989999999999988,-1.0,1.2578,1.0,327.09,-1.0,1.0,352.62,1.0,1.0,361.61,-1.0,1.0
2016-09-05,313.22,0.061700000000000026,1.0,0.0,-1.0,308.83,-1.0,1.0,327.09,-1.0,1.0,352.62,1.0,1.0
2016-09-06,316.05,2.1282,1.0,0.0,0.0,313.22,1.0,-1.0,308.83,-1.0,1.0,327.09,-1.0,1.0
2016-09-07,327.22,0.5574,1.0,4.08,1.0,316.05,1.0,0.0,313.22,1.0,-1.0,308.83,-1.0,1.0
2016-09-08,329.52,-0.8157,-1.0,0.2716,1.0,327.22,1.0,1.0,316.05,1.0,0.0,313.22,1.0,-1.0
2016-09-09,323.41,0.4224000000000001,1.0,1.6116,1.0,329.52,-1.0,1.0,327.22,1.0,1.0,316.05,1.0,0.0
2016-09-10,327.78,-0.3182,-1.0,3.9387,1.0,323.41,1.0,1.0,329.52,-1.0,1.0,327.22,1.0,1.0
2016-09-11,319.57,-1.3334,-1.0,-0.2499000000000001,-1.0,327.78,-1.0,1.0,323.41,1.0,1.0,329.52,-1.0,1.0
2016-09-12,328.24,-0.0516,-1.0,0.0,0.0,319.57,-1.0,-1.0,327.78,-1.0,1.0,323.41,1.0,1.0
2016-09-13,325.26,0.4423,1.0,0.1655,1.0,328.24,-1.0,0.0,319.57,-1.0,-1.0,327.78,-1.0,1.0
2016-09-14,329.92,0.2035,1.0,3.6318,1.0,325.26,1.0,1.0,328.24,-1.0,0.0,319.57,-1.0,-1.0
2016-09-15,328.4,0.4588,1.0,2.5988,1.0,329.92,1.0,1.0,325.26,1.0,1.0,328.24,-1.0,0.0
2016-09-16,342.52,0.0,-1.0,0.0,0.0,328.4,1.0,1.0,329.92,1.0,1.0,325.26,1.0,1.0
2016-09-17,339.6,0.0,-1.0,1.4299,1.0,342.52,-1.0,0.0,328.4,1.0,1.0,329.92,1.0,1.0
2016-09-18,343.85,0.0,0.0,0.19240000000000007,1.0,339.6,-1.0,1.0,342.52,-1.0,0.0,328.4,1.0,1.0
2016-09-19,334.46,0.0,-1.0,0.0,-1.0,343.85,0.0,1.0,339.6,-1.0,1.0,342.52,-1.0,0.0
2016-09-20,335.07,0.0,-1.0,0.1255,1.0,334.46,-1.0,-1.0,343.85,0.0,1.0,339.6,-1.0,1.0
2016-09-21,323.47,2.1359,1.0,1.2703,1.0,335.07,-1.0,1.0,334.46,-1.0,-1.0,343.85,0.0,1.0
2016-09-22,319.57,0.4588,1.0,0.6369,1.0,323.47,1.0,1.0,335.07,-1.0,1.0,334.46,-1.0,-1.0
2016-09-23,325.89,0.5089,1.0,1.8349,1.0,319.57,1.0,1.0,323.47,1.0,1.0,335.07,-1.0,1.0
2016-09-24,347.09,0.031300000000000106,1.0,0.0,-1.0,325.89,1.0,1.0,319.57,1.0,1.0,323.47,1.0,1.0
2016-09-25,356.91,-0.4755,-1.0,0.0,-1.0,347.09,1.0,-1.0,325.89,1.0,1.0,319.57,1.0,1.0
2016-09-26,355.17,0.0,-1.0,0.0,0.0,356.91,-1.0,-1.0,347.09,1.0,-1.0,325.89,1.0,1.0
2016-09-27,365.22,0.4588,1.0,0.0,0.0,355.17,-1.0,0.0,356.91,-1.0,-1.0,347.09,1.0,-1.0
2016-09-28,363.53,1.1219,1.0,0.0,0.0,365.22,1.0,0.0,355.17,-1.0,0.0,356.91,-1.0,-1.0
2016-09-29,355.4,0.0,-1.0,0.3804,1.0,363.53,1.0,0.0,365.22,1.0,0.0,355.17,-1.0,0.0
2016-09-30,357.87,-0.7547999999999999,-1.0,2.1648,1.0,355.4,-1.0,1.0,363.53,1.0,0.0,365.22,1.0,0.0
2016-10-01,363.8,0.3182,1.0,3.2545,1.0,357.87,-1.0,1.0,355.4,-1.0,1.0,363.53,1.0,0.0
2016-10-02,362.33,0.0,-1.0,0.0,0.0,363.8,1.0,1.0,357.87,-1.0,1.0,355.4,-1.0,1.0
2016-10-03,362.91,0.0,0.0,0.0,0.0,362.33,-1.0,0.0,363.8,1.0,1.0,357.87,-1.0,1.0
2016-10-04,351.92,0.0258,1.0,0.0,0.0,362.91,0.0,0.0,362.33,-1.0,0.0,363.8,1.0,1.0
2016-10-05,347.46,0.0,-1.0,-0.09950000000000003,-1.0,351.92,1.0,0.0,362.91,0.0,0.0,362.33,-1.0,0.0
2016-10-06,337.86,0.0,0.0,1.3147,1.0,347.46,-1.0,-1.0,351.92,1.0,0.0,362.91,0.0,0.0
2016-10-07,341.35,-0.4019,-1.0,0.2622,1.0,337.86,0.0,1.0,347.46,-1.0,-1.0,351.92,1.0,0.0
2016-10-08,352.77,0.4939,1.0,2.211,1.0,341.35,-1.0,1.0,337.86,0.0,1.0,347.46,-1.0,-1.0
2016-10-09,352.93,0.0,-1.0,0.0,0.0,352.77,1.0,1.0,341.35,-1.0,1.0,337.86,0.0,1.0
2016-10-10,348.05,0.8379000000000001,1.0,0.5532999999999999,1.0,352.93,-1.0,0.0,352.77,1.0,1.0,341.35,-1.0,1.0
2016-10-11,345.66,0.0,0.0,1.8162,1.0,348.05,1.0,1.0,352.93,-1.0,0.0,352.77,1.0,1.0
2016-10-12,347.36,-0.29600000000000004,-1.0,0.25,1.0,345.66,0.0,1.0,348.05,1.0,1.0,352.93,-1.0,0.0
2016-10-13,353.18,0.6204,1.0,0.6729999999999999,1.0,347.36,-1.0,1.0,345.66,0.0,1.0,348.05,1.0,1.0
2016-10-14,355.9,0.0,-1.0,0.3136999999999999,1.0,353.18,1.0,1.0,347.36,-1.0,1.0,345.66,0.0,1.0
2016-10-15,355.4,0.3456,1.0,0.0,0.0,355.9,-1.0,1.0,353.18,1.0,1.0,347.36,-1.0,1.0
2016-10-16,349.59,0.0,-1.0,0.0,0.0,355.4,1.0,0.0,355.9,-1.0,1.0,353.18,1.0,1.0
2016-10-17,344.53,0.6908,1.0,0.0,0.0,349.59,-1.0,0.0,355.4,1.0,0.0,355.9,-1.0,1.0
2016-10-18,350.61,0.0,-1.0,0.0,0.0,344.53,1.0,0.0,349.59,-1.0,0.0,355.4,1.0,0.0
2016-10-19,343.4,0.0,0.0,0.0,-1.0,350.61,-1.0,0.0,344.53,1.0,0.0,349.59,-1.0,0.0
2016-10-20,363.69,-0.2109,-1.0,0.0,0.0,343.4,0.0,-1.0,350.61,-1.0,0.0,344.53,1.0,0.0
2016-10-21,362.75,0.4404,1.0,0.4019,1.0,363.69,-1.0,0.0,343.4,0.0,-1.0,350.61,-1.0,0.0
2016-10-22,366.23,-0.34589999999999993,-1.0,0.2263,1.0,362.75,1.0,1.0,363.69,-1.0,0.0,343.4,0.0,-1.0
2016-10-23,377.64,0.0,-1.0,0.5549999999999999,1.0,366.23,-1.0,1.0,362.75,1.0,1.0,363.69,-1.0,0.0
2016-10-24,379.81,0.0,-1.0,0.4588,1.0,377.64,-1.0,1.0,366.23,-1.0,1.0,362.75,1.0,1.0
2016-10-25,385.0,0.7003,1.0,0.0,0.0,379.81,-1.0,1.0,377.64,-1.0,1.0,366.23,-1.0,1.0
2016-10-26,375.1,-0.3182,-1.0,0.3182,1.0,385.0,1.0,0.0,379.81,-1.0,1.0,377.64,-1.0,1.0
2016-10-27,373.91,1.5773,1.0,0.6801,1.0,375.1,-1.0,1.0,385.0,1.0,0.0,379.81,-1.0,1.0
2016-10-28,366.48,0.5739000000000001,1.0,0.0,0.0,373.91,1.0,1.0,375.1,-1.0,1.0,385.0,1.0,0.0
2016-10-29,351.09,0.4077,1.0,0.0,0.0,366.48,1.0,0.0,373.91,1.0,1.0,375.1,-1.0,1.0
2016-10-30,344.99,0.0,-1.0,0.9499,1.0,351.09,1.0,0.0,366.48,1.0,0.0,373.91,1.0,1.0
2016-10-31,345.25,0.4588,1.0,1.7412999999999998,1.0,344.99,-1.0,1.0,351.09,1.0,0.0,366.48,1.0,0.0
2016-11-01,340.97,-0.5574,-1.0,0.2263,1.0,345.25,1.0,1.0,344.99,-1.0,1.0,351.09,1.0,0.0
2016-11-02,339.6,0.0,-1.0,1.2932,1.0,340.97,-1.0,1.0,345.25,1.0,1.0,344.99,-1.0,1.0
2016-11-03,341.1,1.6685,1.0,1.4043,1.0,339.6,-1.0,1.0,340.97,-1.0,1.0,345.25,1.0,1.0
2016-11-04,341.53,1.3095,1.0,0.2669,1.0,341.1,1.0,1.0,339.6,-1.0,1.0,340.97,-1.0,1.0
2016-11-05,348.14,1.525,1.0,0.0,0.0,341.53,1.0,1.0,341.1,1.0,1.0,339.6,-1.0,1.0
2016-11-06,355.01,0.8232999999999999,1.0,0.0,-1.0,348.14,1.0,0.0,341.53,1.0,1.0,341.1,1.0,1.0
2016-11-07,355.33,0.3818,1.0,3.8363,1.0,355.01,1.0,-1.0,348.14,1.0,0.0,341.53,1.0,1.0
2016-11-08,356.88,0.4019,1.0,0.7047,1.0,355.33,1.0,1.0,355.01,1.0,-1.0,348.14,1.0,0.0
2016-11-09,342.94,0.3657,1.0,0.0,-1.0,356.88,1.0,1.0,355.33,1.0,1.0,355.01,1.0,-1.0
2016-11-10,355.59,2.48,1.0,0.0,0.0,342.94,1.0,-1.0,356.88,1.0,1.0,355.33,1.0,1.0
2016-11-11,354.6,0.02280000000000004,1.0,-0.3566,-1.0,355.59,1.0,0.0,342.94,1.0,-1.0,356.88,1.0,1.0
2016-11-12,355.68,0.0,-1.0,2.0717,1.0,354.6,1.0,-1.0,355.59,1.0,0.0,342.94,1.0,-1.0
2016-11-13,355.57,0.0,0.0,0.0,0.0,355.68,-1.0,1.0,354.6,1.0,-1.0,355.59,1.0,0.0
2016-11-14,350.6,-1.1849,-1.0,0.8066,1.0,355.57,0.0,0.0,355.68,-1.0,1.0,354.6,1.0,-1.0
2016-11-15,355.75,0.256,1.0,0.0,0.0,350.6,-1.0,1.0,355.57,0.0,0.0,355.68,-1.0,1.0
2016-11-16,359.65,-0.128,-1.0,-0.3804,-1.0,355.75,1.0,0.0,350.6,-1.0,1.0,355.57,0.0,0.0
2016-11-17,351.81,0.06469999999999998,1.0,2.7833,1.0,359.65,-1.0,-1.0,355.75,1.0,0.0,350.6,-1.0,1.0
2016-11-18,345.1,0.09820000000000008,1.0,0.9193,1.0,351.81,1.0,1.0,359.65,-1.0,-1.0,355.75,1.0,0.0
2016-11-19,337.02,0.29789999999999994,1.0,0.0,0.0,345.1,1.0,1.0,351.81,1.0,1.0,359.65,-1.0,-1.0
2016-11-20,337.34,0.6733999999999999,1.0,0.4215,1.0,337.02,1.0,0.0,345.1,1.0,1.0,351.81,1.0,1.0
2016-11-21,325.84,1.0203,1.0,0.0,0.0,337.34,1.0,1.0,337.02,1.0,0.0,345.1,1.0,1.0
2016-11-22,326.17,-0.6955,-1.0,-1.3049000000000002,-1.0,325.84,1.0,0.0,337.34,1.0,1.0,337.02,1.0,0.0
2016-11-23,320.87,0.7775999999999998,1.0,0.0,0.0,326.17,-1.0,-1.0,325.84,1.0,0.0,337.34,1.0,1.0
2016-11-24,320.08,-0.05570000000000008,-1.0,0.0,0.0,320.87,1.0,0.0,326.17,-1.0,-1.0,325.84,1.0,0.0
2016-11-25,331.53,0.7351,1.0,0.0,0.0,320.08,-1.0,0.0,320.87,1.0,0.0,326.17,-1.0,-1.0
2016-11-26,321.08,0.8208,1.0,0.0,0.0,331.53,1.0,0.0,320.08,-1.0,0.0,320.87,1.0,0.0
2016-11-27,299.26,-1.2629,-1.0,0.0,0.0,321.08,1.0,0.0,331.53,1.0,0.0,320.08,-1.0,0.0
2016-11-28,306.09,0.454,1.0,0.0,0.0,299.26,-1.0,0.0,321.08,1.0,0.0,331.53,1.0,0.0
2016-11-29,302.78,0.0,0.0,0.0,0.0,306.09,1.0,0.0,299.26,-1.0,0.0,321.08,1.0,0.0
2016-11-30,306.05,1.087,1.0,0.0,-1.0,302.78,0.0,0.0,306.09,1.0,0.0,299.26,-1.0,0.0
2016-12-01,304.39,0.06680000000000003,1.0,0.0,-1.0,306.05,1.0,-1.0,302.78,0.0,0.0,306.09,1.0,0.0
2016-12-02,302.99,1.2787000000000002,1.0,-0.2263,-1.0,304.39,1.0,-1.0,306.05,1.0,-1.0,302.78,0.0,0.0
2016-12-03,302.99,0.4588,1.0,0.3182,1.0,302.99,1.0,-1.0,304.39,1.0,-1.0,306.05,1.0,-1.0
2016-12-04,315.4,-0.2263,-1.0,0.6249,1.0,302.99,1.0,1.0,302.99,1.0,-1.0,304.39,1.0,-1.0
2016-12-05,308.7,-1.1107,-1.0,0.0,0.0,315.4,-1.0,1.0,302.99,1.0,1.0,302.99,1.0,-1.0
2016-12-06,311.3,0.0,-1.0,-0.9605,-1.0,308.7,-1.0,0.0,315.4,-1.0,1.0,302.99,1.0,1.0
2016-12-07,312.5,-0.128,-1.0,0.0,0.0,311.3,-1.0,-1.0,308.7,-1.0,0.0,315.4,-1.0,1.0
2016-12-08,315.05,1.9621,1.0,0.0,-1.0,312.5,-1.0,0.0,311.3,-1.0,-1.0,308.7,-1.0,0.0
2016-12-09,308.74,-0.2771,-1.0,0.4404,1.0,315.05,1.0,-1.0,312.5,-1.0,0.0,311.3,-1.0,-1.0
2016-12-10,317.81,0.8732,1.0,0.8073,1.0,308.74,-1.0,1.0,315.05,1.0,-1.0,312.5,-1.0,0.0
2016-12-11,312.6,-0.29600000000000004,-1.0,0.0,0.0,317.81,1.0,1.0,308.74,-1.0,1.0,315.05,1.0,-1.0
2016-12-12,315.55,-0.2732,-1.0,0.0,-1.0,312.6,-1.0,0.0,317.81,1.0,1.0,308.74,-1.0,1.0
2016-12-13,316.81,0.0,-1.0,0.7351,1.0,315.55,-1.0,-1.0,312.6,-1.0,0.0,317.81,1.0,1.0
2016-12-14,317.55,1.0678999999999998,1.0,-0.3146,-1.0,316.81,-1.0,1.0,315.55,-1.0,-1.0,312.6,-1.0,0.0
2016-12-15,307.54,-0.39459999999999984,-1.0,0.0,0.0,317.55,1.0,-1.0,316.81,-1.0,1.0,315.55,-1.0,-1.0
2016-12-16,308.85,0.0,0.0,0.5513,1.0,307.54,-1.0,0.0,317.55,1.0,-1.0,316.81,-1.0,1.0
2016-12-17,306.53,0.21050000000000008,1.0,0.0,0.0,308.85,0.0,1.0,307.54,-1.0,0.0,317.55,1.0,-1.0
2016-12-18,305.2,0.6124,1.0,0.0,0.0,306.53,1.0,0.0,308.85,0.0,1.0,307.54,-1.0,0.0
2016-12-19,303.7,0.0,0.0,0.0,0.0,305.2,1.0,0.0,306.53,1.0,0.0,308.85,0.0,1.0
2016-12-20,313.26,0.4019,1.0,0.0,0.0,303.7,0.0,0.0,305.2,1.0,0.0,306.53,1.0,0.0
2016-12-21,311.24,0.8126,1.0,0.0,-1.0,313.26,1.0,0.0,303.7,0.0,0.0,305.2,1.0,0.0
2016-12-22,315.13,0.0,-1.0,0.4019,1.0,311.24,1.0,-1.0,313.26,1.0,0.0,303.7,0.0,0.0
2016-12-23,328.91,0.0,-1.0,0.2771,1.0,315.13,-1.0,1.0,311.24,1.0,-1.0,313.26,1.0,0.0
2016-12-24,341.03,1.0162,1.0,0.0,-1.0,328.91,-1.0,1.0,315.13,-1.0,1.0,311.24,1.0,-1.0
2016-12-25,339.03,0.0,0.0,0.029599999999999963,1.0,341.03,1.0,-1.0,328.91,-1.0,1.0,315.13,-1.0,1.0
2016-12-26,337.89,0.0,-1.0,1.7134999999999998,1.0,339.03,0.0,1.0,341.03,1.0,-1.0,328.91,-1.0,1.0
2016-12-27,343.45,0.4588,1.0,-1.7565000000000002,-1.0,337.89,-1.0,1.0,339.03,0.0,1.0,341.03,1.0,-1.0
2016-12-28,338.87,0.5719,1.0,0.0,0.0,343.45,1.0,-1.0,337.89,-1.0,1.0,339.03,0.0,1.0
2016-12-29,331.1,0.8803,1.0,0.4926,1.0,338.87,1.0,0.0,343.45,1.0,-1.0,337.89,-1.0,1.0
2016-12-30,328.98,0.3818,1.0,0.4396,1.0,331.1,1.0,1.0,338.87,1.0,0.0,343.45,1.0,-1.0
2016-12-31,331.66,0.4588,1.0,0.6111000000000002,1.0,328.98,1.0,1.0,331.1,1.0,1.0,338.87,1.0,0.0
2017-01-01,325.2,0.0,0.0,0.0,0.0,331.66,1.0,1.0,328.98,1.0,1.0,331.1,1.0,1.0
2017-01-02,317.29,0.0222,1.0,3.9668,1.0,325.2,0.0,0.0,331.66,1.0,1.0,328.98,1.0,1.0
2017-01-03,311.64,0.5328000000000002,1.0,0.0,-1.0,317.29,1.0,1.0,325.2,0.0,0.0,331.66,1.0,1.0
2017-01-04,315.36,0.0,0.0,0.0,0.0,311.64,1.0,-1.0,317.29,1.0,1.0,325.2,0.0,0.0
2017-01-05,311.35,0.0,-1.0,0.0,0.0,315.36,0.0,0.0,311.64,1.0,-1.0,317.29,1.0,1.0
2017-01-06,320.53,-0.1531,-1.0,0.0,0.0,311.35,-1.0,0.0,315.36,0.0,0.0,311.64,1.0,-1.0
2017-01-07,317.25,-0.1281,-1.0,1.3273,1.0,320.53,-1.0,0.0,311.35,-1.0,0.0,315.36,0.0,0.0
2017-01-08,314.62,-0.128,-1.0,0.0,0.0,317.25,-1.0,1.0,320.53,-1.0,0.0,311.35,-1.0,0.0
2017-01-09,316.58,0.0,0.0,0.0,-1.0,314.62,-1.0,0.0,317.25,-1.0,1.0,320.53,-1.0,0.0
2017-01-10,336.41,0.743,1.0,0.3818,1.0,316.58,0.0,-1.0,314.62,-1.0,0.0,317.25,-1.0,1.0
2017-01-11,333.69,0.0,-1.0,0.3182,1.0,336.41,1.0,1.0,316.58,0.0,-1.0,314.62,-1.0,0.0
2017-01-12,334.8,0.3818,1.0,0.0,0.0,333.69,-1.0,1.0,336.41,1.0,1.0,316.58,0.0,-1.0
2017-01-13,337.95,0.0,-1.0,0.0,0.0,334.8,1.0,0.0,333.69,-1.0,1.0,336.41,1.0,1.0
2017-01-14,336.22,0.0,-1.0,0.8705,1.0,337.95,-1.0,0.0,334.8,1.0,0.0,333.69,-1.0,1.0
2017-01-15,340.06,0.0,-1.0,0.0,0.0,336.22,-1.0,1.0,337.95,-1.0,0.0,334.8,1.0,0.0
2017-01-16,347.16,0.0,0.0,0.0,0.0,340.06,-1.0,0.0,336.22,-1.0,1.0,337.95,-1.0,0.0
2017-01-17,344.57,0.0,0.0,0.0,-1.0,347.16,0.0,0.0,340.06,-1.0,0.0,336.22,-1.0,1.0
2017-01-18,350.02,0.0,-1.0,0.0,0.0,344.57,0.0,-1.0,347.16,0.0,0.0,340.06,-1.0,0.0
2017-01-19,351.56,0.0,0.0,0.0,0.0,350.02,-1.0,0.0,344.57,0.0,-1.0,347.16,0.0,0.0
2017-01-20,352.79,1.9619999999999995,1.0,0.0,0.0,351.56,0.0,0.0,350.02,-1.0,0.0,344.57,0.0,-1.0
2017-01-21,345.89,0.7299,1.0,0.128,1.0,352.79,1.0,0.0,351.56,0.0,0.0,350.02,-1.0,0.0
2017-01-22,337.64,0.1484000000000001,1.0,0.0,0.0,345.89,1.0,1.0,352.79,1.0,0.0,351.56,0.0,0.0
2017-01-23,342.85,-0.4215,-1.0,0.0,0.0,337.64,1.0,0.0,345.89,1.0,1.0,352.79,1.0,0.0
2017-01-24,349.53,0.34,1.0,1.4878999999999998,1.0,342.85,-1.0,0.0,337.64,1.0,0.0,345.89,1.0,1.0
2017-01-25,345.82,0.2023,1.0,0.0,-1.0,349.53,1.0,1.0,342.85,-1.0,0.0,337.64,1.0,0.0
2017-01-26,354.31,0.0,0.0,1.9347,1.0,345.82,1.0,-1.0,349.53,1.0,1.0,342.85,-1.0,0.0
2017-01-27,349.25,0.6815,1.0,0.8712999999999999,1.0,354.31,0.0,1.0,345.82,1.0,-1.0,349.53,1.0,1.0
2017-01-28,343.75,0.4846,1.0,0.1059,1.0,349.25,1.0,1.0,354.31,0.0,1.0,345.82,1.0,-1.0
2017-01-29,333.13,0.3818,1.0,0.5176000000000001,1.0,343.75,1.0,1.0,349.25,1.0,1.0,354.31,0.0,1.0
2017-01-30,333.97,0.0,-1.0,0.8749,1.0,333.13,1.0,1.0,343.75,1.0,1.0,349.25,1.0,1.0
2017-01-31,345.0,-0.10619999999999996,-1.0,2.0243,1.0,333.97,-1.0,1.0,333.13,1.0,1.0,343.75,1.0,1.0
2017-02-01,315.23,-0.5427,-1.0,0.0,0.0,345.0,-1.0,1.0,333.97,-1.0,1.0,333.13,1.0,1.0
2017-02-02,310.42,0.0,0.0,0.0,0.0,315.23,-1.0,0.0,345.0,-1.0,1.0,333.97,-1.0,1.0
2017-02-03,315.73,0.0,0.0,0.7013999999999999,1.0,310.42,0.0,0.0,315.23,-1.0,0.0,345.0,-1.0,1.0
2017-02-04,323.66,0.5574,1.0,0.0,0.0,315.73,0.0,1.0,310.42,0.0,0.0,315.23,-1.0,0.0
2017-02-05,322.31,-0.25,-1.0,0.0,0.0,323.66,1.0,0.0,315.73,0.0,1.0,310.42,0.0,0.0
2017-02-06,334.07,0.3182,1.0,0.0,0.0,322.31,-1.0,0.0,323.66,1.0,0.0,315.73,0.0,1.0
2017-02-07,335.49,-0.5106,-1.0,-0.5994,-1.0,334.07,1.0,0.0,322.31,-1.0,0.0,323.66,1.0,0.0
2017-02-08,334.77,0.0,0.0,-0.5214,-1.0,335.49,-1.0,-1.0,334.07,1.0,0.0,322.31,-1.0,0.0
2017-02-09,333.3,-0.7419,-1.0,1.8257,1.0,334.77,0.0,-1.0,335.49,-1.0,-1.0,334.07,1.0,0.0
2017-02-10,346.17,0.2023,1.0,1.2739,1.0,333.3,-1.0,1.0,334.77,0.0,-1.0,335.49,-1.0,-1.0
2017-02-11,352.05,-0.128,-1.0,0.0,0.0,346.17,1.0,1.0,333.3,-1.0,1.0,334.77,0.0,-1.0
2017-02-12,357.42,0.7088,1.0,0.0,0.0,352.05,-1.0,0.0,346.17,1.0,1.0,333.3,-1.0,1.0
2017-02-13,350.99,0.0,-1.0,1.6917,1.0,357.42,1.0,0.0,352.05,-1.0,0.0,346.17,1.0,1.0
2017-02-14,343.06,-0.3182,-1.0,0.0,-1.0,350.99,-1.0,1.0,357.42,1.0,0.0,352.05,-1.0,0.0
2017-02-15,330.93,0.0,-1.0,0.0,0.0,343.06,-1.0,-1.0,350.99,-1.0,1.0,357.42,1.0,0.0
2017-02-16,335.12,0.0,0.0,0.0,0.0,330.93,-1.0,0.0,343.06,-1.0,-1.0,350.99,-1.0,1.0
2017-02-17,333.35,0.3182,1.0,0.0,-1.0,335.12,0.0,0.0,330.93,-1.0,0.0,343.06,-1.0,-1.0
2017-02-18,328.2,0.6867000000000001,1.0,0.5838,1.0,333.35,1.0,-1.0,335.12,0.0,0.0,330.93,-1.0,0.0
2017-02-19,332.3,0.0,-1.0,1.0658,1.0,328.2,1.0,1.0,333.35,1.0,-1.0,335.12,0.0,0.0
2017-02-20,329.1,-0.17049999999999998,-1.0,1.1262,1.0,332.3,-1.0,1.0,328.2,1.0,1.0,333.35,1.0,-1.0
2017-02-21,327.17,0.06359999999999999,1.0,3.1967,1.0,329.1,-1.0,1.0,332.3,-1.0,1.0,328.2,1.0,1.0
2017-02-22,345.51,1.1095000000000002,1.0,0.6588,1.0,327.17,1.0,1.0,329.1,-1.0,1.0,332.3,-1.0,1.0
2017-02-23,341.84,0.2732,1.0,0.0,0.0,345.51,1.0,1.0,327.17,1.0,1.0,329.1,-1.0,1.0
2017-02-24,326.63,1.2544,1.0,0.8423,1.0,341.84,1.0,0.0,345.51,1.0,1.0,327.17,1.0,1.0
2017-02-25,325.6,0.2023,1.0,1.135,1.0,326.63,1.0,1.0,341.84,1.0,0.0,345.51,1.0,1.0
2017-02-26,321.35,0.3612,1.0,0.0,0.0,325.6,1.0,1.0,326.63,1.0,1.0,341.84,1.0,0.0
2017-02-27,313.56,-1.4181,-1.0,0.0,-1.0,321.35,1.0,0.0,325.6,1.0,1.0,326.63,1.0,1.0
2017-02-28,310.55,-0.5464,-1.0,0.3612,1.0,313.56,-1.0,-1.0,321.35,1.0,0.0,325.6,1.0,1.0
2017-03-01,316.53,1.9796,1.0,-0.29600000000000004,-1.0,310.55,-1.0,1.0,313.56,-1.0,-1.0,321.35,1.0,0.0
2017-03-02,309.1,0.4143,1.0,2.2144,1.0,316.53,1.0,-1.0,310.55,-1.0,1.0,313.56,-1.0,-1.0
2017-03-03,301.54,0.8200000000000001,1.0,2.5832,1.0,309.1,1.0,1.0,316.53,1.0,-1.0,310.55,-1.0,1.0
2017-03-04,304.18,0.8121,1.0,1.9592,1.0,301.54,1.0,1.0,309.1,1.0,1.0,316.53,1.0,-1.0
2017-03-05,279.18,-2.0912,-1.0,0.4791,1.0,304.18,1.0,1.0,301.54,1.0,1.0,309.1,1.0,1.0
2017-03-06,257.78,-0.6814,-1.0,1.3693,1.0,279.18,-1.0,1.0,304.18,1.0,1.0,301.54,1.0,1.0
2017-03-07,266.13,-0.4372,-1.0,0.0,0.0,257.78,-1.0,1.0,279.18,-1.0,1.0,304.18,1.0,1.0
2017-03-08,252.48,-2.7785,-1.0,1.6145000000000005,1.0,266.13,-1.0,0.0,257.78,-1.0,1.0,279.18,-1.0,1.0
2017-03-09,267.53,1.7204000000000002,1.0,0.0,0.0,252.48,-1.0,1.0,266.13,-1.0,0.0,257.78,-1.0,1.0
2017-03-10,286.94,-0.020000000000000132,-1.0,0.4404,1.0,267.53,1.0,0.0,252.48,-1.0,1.0,266.13,-1.0,0.0
2017-03-11,305.72,-0.34,-1.0,0.2263,1.0,286.94,-1.0,1.0,267.53,1.0,0.0,252.48,-1.0,1.0
2017-03-12,299.3,-0.6486,-1.0,0.5106,1.0,305.72,-1.0,1.0,286.94,-1.0,1.0,267.53,1.0,0.0
2017-03-13,289.66,0.29600000000000004,1.0,0.5106,1.0,299.3,-1.0,1.0,305.72,-1.0,1.0,286.94,-1.0,1.0
2017-03-14,304.7,-0.7924999999999999,-1.0,-0.2975,-1.0,289.66,1.0,1.0,299.3,-1.0,1.0,305.72,-1.0,1.0
2017-03-15,300.93,-0.6249,-1.0,0.0,-1.0,304.7,-1.0,-1.0,289.66,1.0,1.0,299.3,-1.0,1.0
2017-03-16,294.08,-0.7351,-1.0,1.2484000000000002,1.0,300.93,-1.0,-1.0,304.7,-1.0,-1.0,289.66,1.0,1.0
2017-03-17,300.34,2.1502,1.0,-0.4843,-1.0,294.08,-1.0,1.0,300.93,-1.0,-1.0,304.7,-1.0,-1.0
2017-03-18,291.21,1.0339,1.0,-0.6124,-1.0,300.34,1.0,-1.0,294.08,-1.0,1.0,300.93,-1.0,-1.0
2017-03-19,287.69,1.5232,1.0,0.9667,1.0,291.21,1.0,-1.0,300.34,1.0,-1.0,294.08,-1.0,1.0
2017-03-20,293.35,-0.2732,-1.0,1.5716,1.0,287.69,1.0,1.0,291.21,1.0,-1.0,300.34,1.0,-1.0
2017-03-21,300.08,0.0,-1.0,0.0,0.0,293.35,-1.0,1.0,287.69,1.0,1.0,291.21,1.0,-1.0
2017-03-22,290.24,-0.4215,-1.0,0.0,0.0,300.08,-1.0,0.0,293.35,-1.0,1.0,287.69,1.0,1.0
2017-03-23,283.37,0.0,0.0,0.0,-1.0,290.24,-1.0,0.0,300.08,-1.0,0.0,293.35,-1.0,1.0
2017-03-24,283.46,0.4209,1.0,0.0,0.0,283.37,0.0,-1.0,290.24,-1.0,0.0,300.08,-1.0,0.0
2017-03-25,280.69,0.5859,1.0,0.6249,1.0,283.46,1.0,0.0,283.37,0.0,-1.0,290.24,-1.0,0.0
2017-03-26,285.48,0.4215,1.0,0.0,-1.0,280.69,1.0,1.0,283.46,1.0,0.0,283.37,0.0,-1.0
2017-03-27,294.08,0.0,0.0,0.4779,1.0,285.48,1.0,-1.0,280.69,1.0,1.0,283.46,1.0,0.0
2017-03-28,293.9,0.0,-1.0,0.0,-1.0,294.08,0.0,1.0,285.48,1.0,-1.0,280.69,1.0,1.0
2017-03-29,299.92,-0.03970000000000001,-1.0,0.29600000000000004,1.0,293.9,-1.0,-1.0,294.08,0.0,1.0,285.48,1.0,-1.0
2017-03-30,301.15,-0.9564,-1.0,0.0772,1.0,299.92,-1.0,1.0,293.9,-1.0,-1.0,294.08,0.0,1.0
2017-03-31,284.45,-1.8839,-1.0,0.5095,1.0,301.15,-1.0,1.0,299.92,-1.0,1.0,293.9,-1.0,-1.0
2017-04-01,294.09,-0.5848,-1.0,3.2799,1.0,284.45,-1.0,1.0,301.15,-1.0,1.0,299.92,-1.0,1.0
2017-04-02,302.77,0.6369,1.0,-0.5719,-1.0,294.09,-1.0,1.0,284.45,-1.0,1.0,301.15,-1.0,1.0
2017-04-03,301.97,1.0187,1.0,1.6161,1.0,302.77,1.0,-1.0,294.09,-1.0,1.0,284.45,-1.0,1.0
2017-04-04,306.85,-1.5001,-1.0,1.3301,1.0,301.97,1.0,1.0,302.77,1.0,-1.0,294.09,-1.0,1.0
2017-04-05,305.02,-1.0143,-1.0,3.3629000000000007,1.0,306.85,-1.0,1.0,301.97,1.0,1.0,302.77,1.0,-1.0
2017-04-06,301.06,0.8008,1.0,3.0722,1.0,305.02,-1.0,1.0,306.85,-1.0,1.0,301.97,1.0,1.0
2017-04-07,291.97,1.8538,1.0,-1.0369000000000002,-1.0,301.06,1.0,1.0,305.02,-1.0,1.0,306.85,-1.0,1.0
2017-04-08,284.18,0.7425999999999999,1.0,0.0,0.0,291.97,1.0,-1.0,301.06,1.0,1.0,305.02,-1.0,1.0
2017-04-09,286.48,0.02579999999999999,1.0,-0.2345,-1.0,284.18,1.0,0.0,291.97,1.0,-1.0,301.06,1.0,1.0
2017-04-10,284.54,-0.6111,-1.0,0.7175,1.0,286.48,1.0,-1.0,284.18,1.0,0.0,291.97,1.0,-1.0
2017-04-11,276.82,0.0,-1.0,-0.5414,-1.0,284.54,-1.0,1.0,286.48,1.0,-1.0,284.18,1.0,0.0
2017-04-12,284.49,1.7039999999999995,1.0,3.1497,1.0,276.82,-1.0,-1.0,284.54,-1.0,1.0,286.48,1.0,-1.0
2017-04-13,275.01,-0.3528,-1.0,10.1293,1.0,284.49,1.0,1.0,276.82,-1.0,-1.0,284.54,-1.0,1.0
2017-04-14,279.07,-0.645,-1.0,2.5658,1.0,275.01,-1.0,1.0,284.49,1.0,1.0,276.82,-1.0,-1.0
2017-04-15,277.85,-0.8922,-1.0,5.920400000000001,1.0,279.07,-1.0,1.0,275.01,-1.0,1.0,284.49,1.0,1.0
2017-04-16,278.85,0.13490000000000002,1.0,0.02669999999999985,1.0,277.85,-1.0,1.0,279.07,-1.0,1.0,275.01,-1.0,1.0
2017-04-17,283.76,0.0,0.0,3.6136,1.0,278.85,1.0,1.0,277.85,-1.0,1.0,279.07,-1.0,1.0
2017-04-18,291.72,0.1138,1.0,4.2675,1.0,283.76,0.0,1.0,278.85,1.0,1.0,277.85,-1.0,1.0
2017-04-19,284.73,-0.4215,-1.0,0.7105999999999999,1.0,291.72,1.0,1.0,283.76,0.0,1.0,278.85,1.0,1.0
2017-04-20,291.82,0.3182,1.0,4.1864,1.0,284.73,-1.0,1.0,291.72,1.0,1.0,283.76,0.0,1.0
2017-04-21,296.74,0.1779,1.0,0.8744999999999999,1.0,291.82,1.0,1.0,284.73,-1.0,1.0,291.72,1.0,1.0
2017-04-22,291.13,-0.7201,-1.0,0.9001,1.0,296.74,1.0,1.0,291.82,1.0,1.0,284.73,-1.0,1.0
2017-04-23,319.5,3.6604,1.0,0.0,-1.0,291.13,-1.0,1.0,296.74,1.0,1.0,291.82,1.0,1.0
2017-04-24,316.09,0.08490000000000003,1.0,0.4677000000000001,1.0,319.5,1.0,-1.0,291.13,-1.0,1.0,296.74,1.0,1.0
2017-04-25,317.66,0.0,-1.0,2.9336,1.0,316.09,1.0,1.0,319.5,1.0,-1.0,291.13,-1.0,1.0
2017-04-26,332.1,0.8225,1.0,0.0,-1.0,317.66,-1.0,1.0,316.09,1.0,1.0,319.5,1.0,-1.0
2017-04-27,342.77,-1.7251,-1.0,-0.04670000000000002,-1.0,332.1,1.0,-1.0,317.66,-1.0,1.0,316.09,1.0,1.0
2017-04-28,344.78,1.3982,1.0,0.6979,1.0,342.77,-1.0,-1.0,332.1,1.0,-1.0,317.66,-1.0,1.0
2017-04-29,357.72,-0.5913999999999999,-1.0,0.0,-1.0,344.78,1.0,1.0,342.77,-1.0,-1.0,332.1,1.0,-1.0
2017-04-30,358.17,0.0,0.0,3.1101,1.0,357.72,-1.0,-1.0,344.78,1.0,1.0,342.77,-1.0,-1.0
2017-05-01,370.83,-1.8649,-1.0,0.7003,1.0,358.17,0.0,1.0,357.72,-1.0,-1.0,344.78,1.0,1.0
2017-05-02,352.55,-1.3866999999999998,-1.0,5.9338,1.0,370.83,-1.0,1.0,358.17,0.0,1.0,357.72,-1.0,-1.0
2017-05-03,362.22,-0.5719,-1.0,1.6019,1.0,352.55,-1.0,1.0,370.83,-1.0,1.0,358.17,0.0,1.0
2017-05-04,347.51,0.0,-1.0,-0.424,-1.0,362.22,-1.0,1.0,352.55,-1.0,1.0,370.83,-1.0,1.0
2017-05-05,333.63,-1.2251,-1.0,6.9294,1.0,347.51,-1.0,-1.0,362.22,-1.0,1.0,352.55,-1.0,1.0
2017-05-06,333.01,0.0,0.0,4.7425,1.0,333.63,-1.0,1.0,347.51,-1.0,-1.0,362.22,-1.0,1.0
2017-05-07,342.0,-1.1963,-1.0,1.3398,1.0,333.01,0.0,1.0,333.63,-1.0,1.0,347.51,-1.0,-1.0
2017-05-08,344.5,0.0,0.0,3.9499,1.0,342.0,-1.0,1.0,333.01,0.0,1.0,333.63,-1.0,1.0
2017-05-09,349.93,-0.3062,-1.0,3.4135,1.0,344.5,0.0,1.0,342.0,-1.0,1.0,333.01,0.0,1.0
2017-05-10,342.95,-0.2263,-1.0,1.5425,1.0,349.93,-1.0,1.0,344.5,0.0,1.0,342.0,-1.0,1.0
2017-05-11,335.07,-0.4121,-1.0,0.13049999999999998,1.0,342.95,-1.0,1.0,349.93,-1.0,1.0,344.5,0.0,1.0
2017-05-12,310.86,0.4245999999999999,1.0,0.0,-1.0,335.07,-1.0,1.0,342.95,-1.0,1.0,349.93,-1.0,1.0
2017-05-13,309.16,1.2721,1.0,8.014400000000002,1.0,310.86,1.0,-1.0,335.07,-1.0,1.0,342.95,-1.0,1.0
2017-05-14,308.9,0.5106,1.0,1.9485,1.0,309.16,1.0,1.0,310.86,1.0,-1.0,335.07,-1.0,1.0
2017-05-15,318.51,-0.5994,-1.0,2.4181,1.0,308.9,1.0,1.0,309.16,1.0,1.0,310.86,1.0,-1.0
2017-05-16,322.47,1.4443,1.0,3.5813999999999995,1.0,318.51,-1.0,1.0,308.9,1.0,1.0,309.16,1.0,1.0
2017-05-17,318.96,0.1628,1.0,6.110500000000001,1.0,322.47,1.0,1.0,318.51,-1.0,1.0,308.9,1.0,1.0
2017-05-18,316.71,1.7154999999999998,1.0,8.9752,1.0,318.96,1.0,1.0,322.47,1.0,1.0,318.51,-1.0,1.0
2017-05-19,318.87,-0.6294,-1.0,2.6529,1.0,316.71,1.0,1.0,318.96,1.0,1.0,322.47,1.0,1.0
2017-05-20,310.1,1.3659,1.0,0.0,0.0,318.87,-1.0,1.0,316.71,1.0,1.0,318.96,1.0,1.0
2017-05-21,322.69,0.4927,1.0,0.4404,1.0,310.1,1.0,0.0,318.87,-1.0,1.0,316.71,1.0,1.0
2017-05-22,323.85,0.7124000000000001,1.0,0.8265999999999999,1.0,322.69,1.0,1.0,310.1,1.0,0.0,318.87,-1.0,1.0
2017-05-23,320.23,-0.6947,-1.0,0.0,0.0,323.85,1.0,1.0,322.69,1.0,1.0,310.1,1.0,0.0
2017-05-24,313.58,0.5900000000000001,1.0,1.276,1.0,320.23,-1.0,0.0,323.85,1.0,1.0,322.69,1.0,1.0
2017-05-25,303.2,1.7998999999999996,1.0,3.5584,1.0,313.58,1.0,1.0,320.23,-1.0,0.0,323.85,1.0,1.0
2017-05-26,297.43,-0.14869999999999986,-1.0,0.6588,1.0,303.2,1.0,1.0,313.58,1.0,1.0,320.23,-1.0,0.0
2017-05-27,308.74,0.8502000000000001,1.0,1.0379,1.0,297.43,-1.0,1.0,303.2,1.0,1.0,313.58,1.0,1.0
2017-05-28,306.65,0.0,0.0,0.1531,1.0,308.74,1.0,1.0,297.43,-1.0,1.0,303.2,1.0,1.0
2017-05-29,297.18,0.3612,1.0,0.4404,1.0,306.65,0.0,1.0,308.74,1.0,1.0,297.43,-1.0,1.0
2017-05-30,290.17,0.0,-1.0,1.2595999999999998,1.0,297.18,1.0,1.0,306.65,0.0,1.0,308.74,1.0,1.0
2017-05-31,298.14,0.4767,1.0,2.035,1.0,290.17,-1.0,1.0,297.18,1.0,1.0,306.65,0.0,1.0
2017-06-01,300.84,0.8148,1.0,6.4666000000000015,1.0,298.14,1.0,1.0,290.17,-1.0,1.0,297.18,1.0,1.0
2017-06-02,349.54,1.9409,1.0,0.0,-1.0,300.84,1.0,1.0,298.14,1.0,1.0,290.17,-1.0,1.0
2017-06-03,348.17,-0.3818,-1.0,0.0,0.0,349.54,1.0,-1.0,300.84,1.0,1.0,298.14,1.0,1.0
2017-06-04,341.99,0.0,-1.0,0.6249,1.0,348.17,-1.0,0.0,349.54,1.0,-1.0,300.84,1.0,1.0
2017-06-05,379.57,3.7269,1.0,3.3393,1.0,341.99,-1.0,1.0,348.17,-1.0,0.0,349.54,1.0,-1.0
2017-06-06,370.34,1.0489,1.0,0.028699999999999982,1.0,379.57,1.0,1.0,341.99,-1.0,1.0,348.17,-1.0,0.0
2017-06-07,352.45,1.7027,1.0,0.0,0.0,370.34,1.0,1.0,379.57,1.0,1.0,341.99,-1.0,1.0
2017-06-08,355.49,-0.23199999999999998,-1.0,1.5349,1.0,352.45,1.0,0.0,370.34,1.0,1.0,379.57,1.0,1.0
2017-06-09,356.41,2.2299,1.0,0.7072,1.0,355.49,-1.0,1.0,352.45,1.0,0.0,370.34,1.0,1.0
2017-06-10,347.64,0.9018999999999996,1.0,0.4404,1.0,356.41,1.0,1.0,355.49,-1.0,1.0,352.45,1.0,0.0
2017-06-11,338.69,0.198,1.0,0.0,0.0,347.64,1.0,1.0,356.41,1.0,1.0,355.49,-1.0,1.0
2017-06-12,335.45,-0.2738000000000001,-1.0,0.6757000000000001,1.0,338.69,1.0,0.0,347.64,1.0,1.0,356.41,1.0,1.0
2017-06-13,305.5,-0.21219999999999994,-1.0,0.0,0.0,335.45,-1.0,1.0,338.69,1.0,0.0,347.64,1.0,1.0
2017-06-14,308.44,0.4719,1.0,0.0,0.0,305.5,-1.0,0.0,335.45,-1.0,1.0,338.69,1.0,0.0
2017-06-15,321.9,0.7384000000000001,1.0,-1.0209,-1.0,308.44,1.0,0.0,305.5,-1.0,0.0,335.45,-1.0,1.0
2017-06-16,321.64,0.7397,1.0,1.3391,1.0,321.9,1.0,-1.0,308.44,1.0,0.0,305.5,-1.0,0.0
2017-06-17,320.1,0.8957999999999999,1.0,2.9746,1.0,321.64,1.0,1.0,321.9,1.0,-1.0,308.44,1.0,0.0
2017-06-18,322.82,1.1948,1.0,1.3857,1.0,320.1,1.0,1.0,321.64,1.0,1.0,321.9,1.0,-1.0
2017-06-19,319.27,1.4251999999999998,1.0,0.0772,1.0,322.82,1.0,1.0,320.1,1.0,1.0,321.64,1.0,1.0
2017-06-20,311.86,1.1249999999999998,1.0,1.7674,1.0,319.27,1.0,1.0,322.82,1.0,1.0,320.1,1.0,1.0
2017-06-21,305.01,0.08000000000000017,1.0,0.0,-1.0,311.86,1.0,1.0,319.27,1.0,1.0,322.82,1.0,1.0
2017-06-22,303.15,0.5424,1.0,0.0,-1.0,305.01,1.0,-1.0,311.86,1.0,1.0,319.27,1.0,1.0
2017-06-23,301.66,0.3989,1.0,1.6261,1.0,303.15,1.0,-1.0,305.01,1.0,-1.0,311.86,1.0,1.0
2017-06-24,288.95,-0.6645,-1.0,0.0,0.0,301.66,1.0,1.0,303.15,1.0,-1.0,305.01,1.0,-1.0
2017-06-25,280.74,0.9176,1.0,-0.0994,-1.0,288.95,-1.0,0.0,301.66,1.0,1.0,303.15,1.0,-1.0
2017-06-26,280.95,0.06119999999999998,1.0,0.0,-1.0,280.74,1.0,-1.0,288.95,-1.0,0.0,301.66,1.0,1.0
2017-06-27,263.24,-0.3109999999999999,-1.0,0.2022,1.0,280.95,1.0,-1.0,280.74,1.0,-1.0,288.95,-1.0,0.0
2017-06-28,285.5,0.0,-1.0,0.0,0.0,263.24,-1.0,1.0,280.95,1.0,-1.0,280.74,1.0,-1.0
2017-06-29,279.44,0.4526,1.0,0.7866,1.0,285.5,-1.0,0.0,263.24,-1.0,1.0,280.95,1.0,-1.0
2017-06-30,290.54,-0.6904,-1.0,1.0726,1.0,279.44,1.0,1.0,285.5,-1.0,0.0,263.24,-1.0,1.0
2017-07-01,289.46,0.399,1.0,0.21410000000000007,1.0,290.54,-1.0,1.0,279.44,1.0,1.0,285.5,-1.0,0.0
2017-07-02,295.2,-0.628,-1.0,2.4717,1.0,289.46,1.0,1.0,290.54,-1.0,1.0,279.44,1.0,1.0
2017-07-03,294.84,-1.2249,-1.0,7.041800000000001,1.0,295.2,-1.0,1.0,289.46,1.0,1.0,290.54,-1.0,1.0
2017-07-04,284.96,0.9909000000000004,1.0,4.07,1.0,294.84,-1.0,1.0,295.2,-1.0,1.0,289.46,1.0,1.0
2017-07-05,299.02,0.0,-1.0,1.1309,1.0,284.96,1.0,1.0,294.84,-1.0,1.0,295.2,-1.0,1.0
2017-07-06,298.33,0.20409999999999995,1.0,4.841900000000001,1.0,299.02,-1.0,1.0,284.96,1.0,1.0,294.84,-1.0,1.0
2017-07-07,299.1,-0.5197,-1.0,0.0,-1.0,298.33,1.0,1.0,299.02,-1.0,1.0,284.96,1.0,1.0
2017-07-08,299.68,0.17559999999999998,1.0,-0.6009,-1.0,299.1,-1.0,-1.0,298.33,1.0,1.0,299.02,-1.0,1.0
2017-07-09,300.99,0.8607,1.0,0.5146999999999999,1.0,299.68,1.0,-1.0,299.1,-1.0,-1.0,298.33,1.0,1.0
2017-07-10,309.58,0.478,1.0,1.3284,1.0,300.99,1.0,1.0,299.68,1.0,-1.0,299.1,-1.0,-1.0
2017-07-11,307.52,-0.6715,-1.0,0.0,0.0,309.58,1.0,1.0,300.99,1.0,1.0,299.68,1.0,-1.0
2017-07-12,264.77,-0.7404999999999999,-1.0,0.17880000000000007,1.0,307.52,-1.0,0.0,309.58,1.0,1.0,300.99,1.0,1.0
2017-07-13,310.7,3.5921,1.0,0.0,-1.0,264.77,-1.0,1.0,307.52,-1.0,0.0,309.58,1.0,1.0
2017-07-14,301.02,0.1421,1.0,0.10320000000000007,1.0,310.7,1.0,-1.0,264.77,-1.0,1.0,307.52,-1.0,0.0
2017-07-15,294.8,0.1059,1.0,0.0,0.0,301.02,1.0,1.0,310.7,1.0,-1.0,264.77,-1.0,1.0
2017-07-16,281.83,0.10200000000000008,1.0,2.5052,1.0,294.8,1.0,0.0,301.02,1.0,1.0,310.7,1.0,-1.0
2017-07-17,261.95,-2.3594,-1.0,0.2459,1.0,281.83,1.0,1.0,294.8,1.0,0.0,301.02,1.0,1.0
2017-07-18,250.56,1.2422,1.0,1.6543,1.0,261.95,-1.0,1.0,281.83,1.0,1.0,294.8,1.0,0.0
2017-07-19,262.8,0.8992,1.0,0.9838,1.0,250.56,1.0,1.0,261.95,-1.0,1.0,281.83,1.0,1.0
2017-07-20,256.88,2.1512,1.0,0.7184,1.0,262.8,1.0,1.0,250.56,1.0,1.0,261.95,-1.0,1.0
2017-07-21,252.23,-0.5203,-1.0,0.1876,1.0,256.88,1.0,1.0,262.8,1.0,1.0,250.56,1.0,1.0
2017-07-22,258.78,2.1821,1.0,3.5021000000000004,1.0,252.23,-1.0,1.0,256.88,1.0,1.0,262.8,1.0,1.0
2017-07-23,259.59,0.0,0.0,2.8819999999999997,1.0,258.78,1.0,1.0,252.23,-1.0,1.0,256.88,1.0,1.0
2017-07-24,276.59,0.7337,1.0,2.1398,1.0,259.59,0.0,1.0,258.78,1.0,1.0,252.23,-1.0,1.0
2017-07-25,271.78,2.0361,1.0,1.7778999999999998,1.0,276.59,1.0,1.0,259.59,0.0,1.0,258.78,1.0,1.0
2017-07-26,263.91,0.0,-1.0,2.661,1.0,271.78,1.0,1.0,276.59,1.0,1.0,259.59,0.0,1.0
2017-07-27,260.0,-0.3243999999999999,-1.0,0.9577,1.0,263.91,-1.0,1.0,271.78,1.0,1.0,276.59,1.0,1.0
2017-07-28,260.95,0.0,-1.0,2.2487,1.0,260.0,-1.0,1.0,263.91,-1.0,1.0,271.78,1.0,1.0
2017-07-29,294.14,0.2805000000000001,1.0,1.8291,1.0,260.95,-1.0,1.0,260.0,-1.0,1.0,263.91,-1.0,1.0
2017-07-30,288.5,1.6239,1.0,0.0,0.0,294.14,1.0,1.0,260.95,-1.0,1.0,260.0,-1.0,1.0
2017-07-31,314.86,3.2557,1.0,1.4600999999999995,1.0,288.5,1.0,0.0,294.14,1.0,1.0,260.95,-1.0,1.0
2017-08-01,330.9,0.4588,1.0,4.624199999999999,1.0,314.86,1.0,1.0,288.5,1.0,0.0,294.14,1.0,1.0
2017-08-02,334.85,0.6477999999999999,1.0,0.6427,1.0,330.9,1.0,1.0,314.86,1.0,1.0,288.5,1.0,0.0
2017-08-03,329.9,0.0,-1.0,0.0,0.0,334.85,1.0,1.0,330.9,1.0,1.0,314.86,1.0,1.0
2017-08-04,337.32,0.0,-1.0,1.1267,1.0,329.9,-1.0,0.0,334.85,1.0,1.0,330.9,1.0,1.0
2017-08-05,344.28,-0.128,-1.0,3.6101,1.0,337.32,-1.0,1.0,329.9,-1.0,0.0,334.85,1.0,1.0
2017-08-06,346.41,0.4588,1.0,2.4166000000000003,1.0,344.28,-1.0,1.0,337.32,-1.0,1.0,329.9,-1.0,0.0
2017-08-07,341.4,0.4019,1.0,0.0,0.0,346.41,1.0,1.0,344.28,-1.0,1.0,337.32,-1.0,1.0
2017-08-08,341.06,0.0,-1.0,1.9118,1.0,341.4,1.0,0.0,346.41,1.0,1.0,344.28,-1.0,1.0
2017-08-09,348.16,0.4215,1.0,0.009200000000000041,1.0,341.06,-1.0,1.0,341.4,1.0,0.0,346.41,1.0,1.0
2017-08-10,351.4,0.4588,1.0,0.9042,1.0,348.16,1.0,1.0,341.06,-1.0,1.0,341.4,1.0,0.0
2017-08-11,350.51,0.0,0.0,2.4935,1.0,351.4,1.0,1.0,348.16,1.0,1.0,341.06,-1.0,1.0
2017-08-12,331.28,-0.29169999999999985,-1.0,0.8555,1.0,350.51,0.0,1.0,351.4,1.0,1.0,348.16,1.0,1.0
2017-08-13,338.73,0.0,-1.0,0.0,0.0,331.28,-1.0,1.0,350.51,0.0,1.0,351.4,1.0,1.0
2017-08-14,344.0,0.4215,1.0,2.5266,1.0,338.73,-1.0,0.0,331.28,-1.0,1.0,350.51,0.0,1.0
2017-08-15,348.44,0.26280000000000003,1.0,0.7686,1.0,344.0,1.0,1.0,338.73,-1.0,0.0,331.28,-1.0,1.0
2017-08-16,354.31,-0.29600000000000004,-1.0,1.8062,1.0,348.44,1.0,1.0,344.0,1.0,1.0,338.73,-1.0,0.0
2017-08-17,353.47,0.9318,1.0,4.4843,1.0,354.31,-1.0,1.0,348.44,1.0,1.0,344.0,1.0,1.0
2017-08-18,347.49,-0.4588,-1.0,1.388,1.0,353.47,1.0,1.0,354.31,-1.0,1.0,348.44,1.0,1.0
2017-08-19,338.19,0.0,-1.0,1.5275,1.0,347.49,-1.0,1.0,353.47,1.0,1.0,354.31,-1.0,1.0
2017-08-20,325.83,-0.8981,-1.0,0.0772,1.0,338.19,-1.0,1.0,347.49,-1.0,1.0,353.47,1.0,1.0
2017-08-21,346.0,-0.5574,-1.0,3.1146000000000003,1.0,325.83,-1.0,1.0,338.19,-1.0,1.0,347.49,-1.0,1.0
2017-08-22,343.92,0.034700000000000064,1.0,0.8765,1.0,346.0,-1.0,1.0,325.83,-1.0,1.0,338.19,-1.0,1.0
2017-08-23,347.87,0.34,1.0,0.1007,1.0,343.92,1.0,1.0,346.0,-1.0,1.0,325.83,-1.0,1.0
2017-08-24,341.17,0.5899,1.0,3.0891,1.0,347.87,1.0,1.0,343.92,1.0,1.0,346.0,-1.0,1.0
2017-08-25,350.48,0.536,1.0,0.1901,1.0,341.17,1.0,1.0,347.87,1.0,1.0,343.92,1.0,1.0
2017-08-26,358.49,0.943,1.0,-0.4587000000000001,-1.0,350.48,1.0,1.0,341.17,1.0,1.0,347.87,1.0,1.0
2017-08-27,359.7,0.0,-1.0,0.0258,1.0,358.49,1.0,-1.0,350.48,1.0,1.0,341.17,1.0,1.0
2017-08-28,363.06,0.08629999999999992,1.0,0.0,0.0,359.7,-1.0,1.0,358.49,1.0,-1.0,350.48,1.0,1.0
2017-08-29,357.97,1.3763999999999998,1.0,0.1324,1.0,363.06,1.0,0.0,359.7,-1.0,1.0,358.49,1.0,-1.0
2017-08-30,365.15,0.10970000000000008,1.0,0.0,0.0,357.97,1.0,1.0,363.06,1.0,0.0,359.7,-1.0,1.0
2017-08-31,366.76,0.09249999999999996,1.0,4.6184,1.0,365.15,1.0,0.0,357.97,1.0,1.0,363.06,1.0,0.0
2017-09-01,366.6,0.0,-1.0,0.4939,1.0,366.76,1.0,1.0,365.15,1.0,0.0,357.97,1.0,1.0
2017-09-02,376.79,-0.222,-1.0,0.4767,1.0,366.6,-1.0,1.0,366.76,1.0,1.0,365.15,1.0,0.0
2017-09-03,365.71,-0.8645999999999999,-1.0,0.3632,1.0,376.79,-1.0,1.0,366.6,-1.0,1.0,366.76,1.0,1.0
2017-09-04,348.42,0.2224,1.0,0.0,-1.0,365.71,-1.0,1.0,376.79,-1.0,1.0,366.6,-1.0,1.0
2017-09-05,337.03,0.29600000000000004,1.0,-0.3911,-1.0,348.42,1.0,-1.0,365.71,-1.0,1.0,376.79,-1.0,1.0
2017-09-06,332.97,-0.34,-1.0,7.0753,1.0,337.03,1.0,-1.0,348.42,1.0,-1.0,365.71,-1.0,1.0
2017-09-07,315.38,0.4588,1.0,1.4247,1.0,332.97,-1.0,1.0,337.03,1.0,-1.0,348.42,1.0,-1.0
2017-09-08,319.77,0.0,-1.0,0.364,1.0,315.38,1.0,1.0,332.97,-1.0,1.0,337.03,1.0,-1.0
2017-09-09,295.39,-0.5096999999999999,-1.0,1.6868,1.0,319.77,-1.0,1.0,315.38,1.0,1.0,332.97,-1.0,1.0
2017-09-10,326.09,1.4006,1.0,4.0149,1.0,295.39,-1.0,1.0,319.77,-1.0,1.0,315.38,1.0,1.0
2017-09-11,316.13,0.1219,1.0,2.9043,1.0,326.09,1.0,1.0,295.39,-1.0,1.0,319.77,-1.0,1.0
2017-09-12,333.87,-0.07940000000000003,-1.0,0.8943000000000001,1.0,316.13,1.0,1.0,326.09,1.0,1.0,295.39,-1.0,1.0
2017-09-13,332.8,0.0,-1.0,2.1538,1.0,333.87,-1.0,1.0,316.13,1.0,1.0,326.09,1.0,1.0
2017-09-14,310.12,-2.3669,-1.0,0.0,0.0,332.8,-1.0,1.0,333.87,-1.0,1.0,316.13,1.0,1.0
2017-09-15,300.36,0.4539,1.0,2.0297,1.0,310.12,-1.0,0.0,332.8,-1.0,1.0,333.87,-1.0,1.0
2017-09-16,317.69,0.3818,1.0,0.29600000000000004,1.0,300.36,1.0,1.0,310.12,-1.0,0.0,332.8,-1.0,1.0
2017-09-17,334.96,0.25,1.0,2.1131,1.0,317.69,1.0,1.0,300.36,1.0,1.0,310.12,-1.0,0.0
2017-09-18,335.35,1.8077,1.0,0.0,-1.0,334.96,1.0,1.0,317.69,1.0,1.0,300.36,1.0,1.0
2017-09-19,338.53,-1.4619,-1.0,1.8224,1.0,335.35,1.0,-1.0,334.96,1.0,1.0,317.69,1.0,1.0
2017-09-20,344.97,-0.29600000000000004,-1.0,2.1518,1.0,338.53,-1.0,1.0,335.35,1.0,-1.0,334.96,1.0,1.0
2017-09-21,347.26,1.67,1.0,2.0045,1.0,344.97,-1.0,1.0,338.53,-1.0,1.0,335.35,1.0,-1.0
2017-09-22,334.4,0.1531,1.0,1.1196,1.0,347.26,1.0,1.0,344.97,-1.0,1.0,338.53,-1.0,1.0
2017-09-23,344.43,0.4215,1.0,0.6705,1.0,334.4,1.0,1.0,347.26,1.0,1.0,344.97,-1.0,1.0
2017-09-24,346.05,0.0,0.0,0.6105,1.0,344.43,1.0,1.0,334.4,1.0,1.0,347.26,1.0,1.0
2017-09-25,347.31,-0.29600000000000004,-1.0,2.39,1.0,346.05,0.0,1.0,344.43,1.0,1.0,334.4,1.0,1.0
2017-09-26,302.26,2.1241,1.0,0.7263,1.0,347.31,-1.0,1.0,346.05,0.0,1.0,344.43,1.0,1.0
2017-09-27,298.92,-0.8235000000000001,-1.0,1.8221,1.0,302.26,1.0,1.0,347.31,-1.0,1.0,346.05,0.0,1.0
2017-09-28,287.59,-0.8514,-1.0,0.14860000000000012,1.0,298.92,-1.0,1.0,302.26,1.0,1.0,347.31,-1.0,1.0
2017-09-29,291.51,0.0,-1.0,0.0,0.0,287.59,-1.0,1.0,298.92,-1.0,1.0,302.26,1.0,1.0
2017-09-30,297.04,0.6369,1.0,6.87,1.0,291.51,-1.0,0.0,287.59,-1.0,1.0,298.92,-1.0,1.0
2017-10-01,296.38,0.35079999999999995,1.0,1.4138000000000002,1.0,297.04,1.0,1.0,291.51,-1.0,0.0,287.59,-1.0,1.0
2017-10-02,297.46,-0.4654,-1.0,0.7003,1.0,296.38,1.0,1.0,297.04,1.0,1.0,291.51,-1.0,0.0
2017-10-03,308.77,-0.08340000000000003,-1.0,-0.5579000000000001,-1.0,297.46,-1.0,1.0,296.38,1.0,1.0,297.04,1.0,1.0
2017-10-04,307.02,1.1399,1.0,4.228600000000001,1.0,308.77,-1.0,-1.0,297.46,-1.0,1.0,296.38,1.0,1.0
2017-10-05,312.21,0.4588,1.0,2.8452,1.0,307.02,1.0,1.0,308.77,-1.0,-1.0,297.46,-1.0,1.0
2017-10-06,312.89,3.6655,1.0,1.4506,1.0,312.21,1.0,1.0,307.02,1.0,1.0,308.77,-1.0,-1.0
2017-10-07,321.35,1.5347999999999995,1.0,0.6705,1.0,312.89,1.0,1.0,312.21,1.0,1.0,307.02,1.0,1.0
2017-10-08,317.22,-0.2292,-1.0,0.7202,1.0,321.35,1.0,1.0,312.89,1.0,1.0,312.21,1.0,1.0
2017-10-09,307.51,-0.5984,-1.0,1.9904,1.0,317.22,-1.0,1.0,321.35,1.0,1.0,312.89,1.0,1.0
2017-10-10,305.8,1.1364,1.0,0.6756,1.0,307.51,-1.0,1.0,317.22,-1.0,1.0,321.35,1.0,1.0
2017-10-11,312.84,0.615,1.0,7.039600000000001,1.0,305.8,1.0,1.0,307.51,-1.0,1.0,317.22,-1.0,1.0
2017-10-12,311.81,0.1779,1.0,0.2732,1.0,312.84,1.0,1.0,305.8,1.0,1.0,307.51,-1.0,1.0
2017-10-13,308.17,0.8818999999999999,1.0,1.4169,1.0,311.81,1.0,1.0,312.84,1.0,1.0,305.8,1.0,1.0
2017-10-14,303.77,0.25,1.0,3.8707,1.0,308.17,1.0,1.0,311.81,1.0,1.0,312.84,1.0,1.0
2017-10-15,307.88,0.0,0.0,0.6369,1.0,303.77,1.0,1.0,308.17,1.0,1.0,311.81,1.0,1.0
2017-10-16,305.64,2.0023,1.0,0.3182,1.0,307.88,0.0,1.0,303.77,1.0,1.0,308.17,1.0,1.0
2017-10-17,302.56,0.23600000000000002,1.0,0.0,-1.0,305.64,1.0,1.0,307.88,0.0,1.0,303.77,1.0,1.0
2017-10-18,291.23,0.4417,1.0,4.7927,1.0,302.56,1.0,-1.0,305.64,1.0,1.0,307.88,0.0,1.0
2017-10-19,294.71,0.743,1.0,2.1164,1.0,291.23,1.0,1.0,302.56,1.0,-1.0,305.64,1.0,1.0
2017-10-20,298.77,-0.027899999999999925,-1.0,1.0678,1.0,294.71,1.0,1.0,291.23,1.0,1.0,302.56,1.0,-1.0
2017-10-21,297.86,-1.7125,-1.0,4.5326,1.0,298.77,-1.0,1.0,294.71,1.0,1.0,291.23,1.0,1.0
2017-10-22,314.74,0.8818999999999999,1.0,0.6732,1.0,297.86,-1.0,1.0,298.77,-1.0,1.0,294.71,1.0,1.0
2017-10-23,319.88,0.8975000000000001,1.0,1.0270000000000001,1.0,314.74,1.0,1.0,297.86,-1.0,1.0,298.77,-1.0,1.0
2017-10-24,294.79,1.6607,1.0,2.7905,1.0,319.88,1.0,1.0,314.74,1.0,1.0,297.86,-1.0,1.0
2017-10-25,285.36,-0.5367,-1.0,-0.1841,-1.0,294.79,1.0,1.0,319.88,1.0,1.0,314.74,1.0,1.0
