date,tavg,dewpoint,preciptotal,wetbulb
2007-05-01,67.0,51,0.0,56.0
2007-05-01,68.0,51,0.0,57.0
2007-05-02,51.0,42,0.0,47.0
2007-05-02,52.0,42,0.0,47.0
2007-05-03,56.0,40,0.0,48.0
2007-05-03,58.0,40,0.0,50.0
2007-05-04,58.0,41,0.0,50.0
2007-05-04,64.5,42,0.0,50.0
2007-05-05,60.0,38,0.0,49.0
2007-05-05,60.0,39,0.0,50.0
2007-05-06,59.0,30,0.0,46.0
2007-05-06,60.0,30,0.0,46.0
2007-05-07,65.0,41,0.0,54.0
2007-05-07,67.0,39,0.0,53.0
2007-05-08,68.0,58,0.0,62.0
2007-05-08,70.0,57,0.0,63.0
2007-05-09,69.0,59,0.13,63.0
2007-05-09,70.0,60,0.02,63.0
2007-05-10,70.0,52,0.0,60.0
2007-05-10,71.0,52,0.0,61.0
2007-05-11,61.0,42,0.0,51.0
2007-05-11,61.0,44,0.0,51.0
2007-05-12,55.0,36,0.0,46.0
2007-05-12,56.0,37,0.0,46.0
2007-05-13,56.0,33,0.0,46.0
2007-05-13,57.0,32,0.0,46.0
2007-05-14,73.0,47,0.0,59.0
2007-05-14,72.0,45,0.0,58.0
2007-05-15,69.0,56,0.38,61.0
2007-05-15,69.0,56,0.6,61.0
2007-05-16,55.0,43,0.14,48.0
2007-05-16,55.0,42,0.07,47.0
2007-05-17,53.0,32,0.0,43.0
2007-05-18,57.0,30,0.0,46.0
2007-05-18,57.0,31,0.0,47.0
2007-05-19,68.0,39,0.0,53.0
2007-05-19,68.0,37,0.0,53.0
2007-05-20,56.0,40,0.07,44.0
2007-05-20,57.0,41,0.11,45.0
2007-05-21,62.0,50,0.0,56.0
2007-05-21,63.0,50,0.0,57.0
2007-05-22,71.0,46,0.0,58.0
2007-05-22,74.0,44,0.0,58.0
2007-05-23,75.0,49,0.0,61.0
2007-05-23,78.0,48,0.0,61.0
2007-05-24,76.0,54,0.02,63.0
2007-05-24,77.0,53,0.0,63.0
2007-05-25,63.0,44,0.0,53.0
2007-05-25,62.0,46,0.09,53.0
2007-05-26,57.0,55,1.01,56.0
2007-05-26,60.0,55,0.28,57.0
2007-05-27,66.0,47,0.04,56.0
2007-05-27,67.0,49,0.08,57.0
2007-05-28,65.0,47,0.0,56.0
2007-05-28,65.0,49,0.0,57.0
2007-05-29,74.0,58,0.0,65.0
2007-05-29,77.0,59,0.0,66.0
2007-05-30,77.0,58,0.0,65.0
2007-05-30,80.0,57,0.0,66.0
2007-05-31,72.0,61,0.01,65.0
2007-05-31,74.0,61,0.53,66.0
2007-06-01,74.0,63,0.19,66.0
2007-06-01,77.0,63,0.21,67.0
2007-06-02,73.0,63,0.04,67.0
2007-06-02,75.0,62,0.0,67.0
2007-06-03,70.0,60,0.01,63.0
2007-06-03,71.0,60,0.32,64.0
2007-06-04,65.0,58,0.39,60.0
2007-06-04,64.0,57,0.31,60.0
2007-06-05,56.0,48,0.42,51.0
2007-06-05,57.0,47,0.27,52.0
2007-06-06,58.0,48,0.01,55.0
2007-06-06,61.0,47,0.0,55.0
2007-06-07,81.0,62,0.0,69.0
2007-06-07,82.0,61,0.0,68.0
2007-06-08,69.0,53,0.0,61.0
2007-06-08,72.0,54,0.0,62.0
2007-06-09,66.0,47,0.0,57.0
2007-06-09,68.0,49,0.0,58.0
2007-06-10,68.0,51,0.0,59.0
2007-06-10,71.0,50,0.0,60.0
2007-06-11,72.0,52,0.0,61.0
2007-06-11,75.0,51,0.0,61.0
2007-06-12,73.0,50,0.0,60.0
2007-06-12,74.0,51,0.0,61.0
2007-06-13,74.0,53,0.0,62.0
2007-06-13,77.0,53,0.0,62.0
2007-06-14,77.0,55,0.0,64.0
2007-06-14,79.0,54,0.0,63.0
2007-06-15,77.0,56,0.0,64.0
2007-06-15,78.0,56,0.0,65.0
2007-06-16,80.0,60,0.0,67.0
2007-06-16,80.0,61,0.0,68.0
2007-06-17,81.0,64,0.0,70.0
2007-06-17,81.0,65,0.16,70.0
2007-06-18,79.0,65,0.28,70.0
2007-06-18,81.0,65,0.02,70.0
2007-06-19,73.0,55,0.58,63.0
2007-06-19,73.0,55,0.93,63.0
2007-06-20,73.0,52,0.0,61.0
2007-06-20,74.0,50,0.0,61.0
2007-06-21,69.0,51,0.01,60.0
2007-06-21,73.0,51,0.0,61.0
2007-06-22,69.0,50,0.0,58.0
2007-06-22,69.0,49,0.0,58.0
2007-06-23,65.0,58,0.05,61.0
2007-06-23,65.0,60,0.34,62.0
2007-06-24,70.0,62,0.0,65.0
2007-06-25,77.0,66,0.0,70.0
2007-06-25,77.0,67,0.0,70.0
2007-06-26,81.0,69,0.16,72.0
2007-06-26,82.0,69,0.0,72.0
2007-06-27,81.0,70,0.15,72.0
2007-06-27,80.0,69,0.35,72.0
2007-06-28,66.0,55,0.0,60.0
2007-06-28,67.0,56,0.0,61.0
2007-06-29,63.0,55,0.0,59.0
2007-06-29,64.0,56,0.0,60.0
2007-06-30,67.0,46,0.0,56.0
2007-06-30,68.0,49,0.0,58.0
2007-07-01,65.0,52,0.0,58.0
2007-07-01,69.0,51,0.0,59.0
2007-07-02,66.0,50,0.0,58.0
2007-07-02,68.0,50,0.0,59.0
2007-07-03,72.0,57,0.4,63.0
2007-07-03,73.0,56,0.09,63.0
2007-07-04,77.0,65,0.16,69.0
2007-07-04,76.0,65,0.66,69.0
2007-07-05,80.0,60,0.0,67.0
2007-07-05,79.0,60,0.0,67.0
2007-07-06,76.0,57,0.0,64.0
2007-07-06,76.0,57,0.0,65.0
2007-07-07,77.0,63,0.0,69.0
2007-07-07,78.0,62,0.0,68.0
2007-07-08,85.0,67,0.0,72.0
2007-07-08,84.0,67,0.0,72.0
2007-07-09,82.0,66,0.3,70.0
2007-07-09,83.0,67,0.24,71.0
2007-07-10,79.0,67,0.43,70.0
2007-07-10,80.0,67,0.08,71.0
2007-07-11,70.0,51,0.0,59.0
2007-07-12,71.0,51,0.0,59.0
2007-07-12,70.0,51,0.0,60.0
2007-07-13,68.0,52,0.0,58.0
2007-07-13,67.0,53,0.0,59.0
2007-07-14,73.0,55,0.0,62.0
2007-07-14,74.0,55,0.0,62.0
2007-07-15,71.0,53,0.0,61.0
2007-07-15,72.0,52,0.0,61.0
2007-07-16,74.0,60,0.39,65.0
2007-07-16,74.0,60,0.07,65.0
2007-07-17,76.0,66,0.11,69.0
2007-07-17,76.0,65,0.11,69.0
2007-07-18,77.0,68,1.55,71.0
2007-07-18,77.0,69,0.92,71.0
2007-07-19,73.0,63,0.16,66.0
2007-07-19,73.0,62,0.01,66.0
2007-07-20,67.0,53,0.0,59.0
2007-07-20,68.0,52,0.0,59.0
2007-07-21,66.0,52,0.0,58.0
2007-07-21,67.0,52,0.0,59.0
2007-07-22,70.0,55,0.0,61.0
2007-07-22,71.0,54,0.0,61.0
2007-07-23,72.0,55,0.0,63.0
2007-07-23,73.0,55,0.0,63.0
2007-07-24,74.0,58,0.0,64.0
2007-07-24,74.0,57,0.0,64.0
2007-07-25,78.0,61,0.0,67.0
2007-07-25,77.0,60,0.0,66.0
2007-07-26,75.0,65,0.19,68.0
2007-07-26,74.0,65,0.89,68.0
2007-07-27,77.0,68,0.17,70.0
2007-07-27,77.0,67,0.04,70.0
2007-07-28,73.0,65,0.0,68.0
2007-07-28,75.0,65,0.0,68.0
2007-07-29,74.0,57,0.0,64.0
2007-07-29,76.0,56,0.0,64.0
2007-07-30,76.0,55,0.0,64.0
2007-07-30,76.0,57,0.0,65.0
2007-07-31,80.0,61,0.0,68.0
2007-07-31,79.0,60,0.0,68.0
2007-08-01,81.0,62,0.0,69.0
2007-08-01,80.0,63,0.0,70.0
2007-08-02,81.0,66,0.0,71.0
2007-08-02,82.0,66,0.0,72.0
2007-08-03,80.0,56,0.0,66.0
2007-08-03,81.0,58,0.0,67.0
2007-08-04,73.0,58,0.03,64.0
2007-08-04,75.0,58,0.02,65.0
2007-08-05,78.0,71,1.43,73.0
2007-08-05,78.0,71,0.97,72.0
2007-08-06,81.0,72,0.26,74.0
2007-08-06,80.0,72,0.05,74.0
2007-08-07,82.0,73,1.31,76.0
2007-08-07,83.0,73,0.06,76.0
2007-08-08,80.0,71,0.06,73.0
2007-08-08,81.0,72,0.09,74.0
2007-08-09,78.0,71,0.05,73.0
2007-08-09,79.0,71,0.46,73.0
2007-08-10,78.0,68,0.0,72.0
2007-08-10,80.0,69,0.0,72.0
2007-08-11,78.0,65,0.0,70.0
2007-08-12,78.0,67,0.29,71.0
2007-08-12,78.0,67,0.23,70.0
2007-08-13,73.0,57,0.0,64.0
2007-08-13,75.0,54,0.0,63.0
2007-08-14,75.0,67,0.41,70.0
2007-08-14,75.0,66,0.45,69.0
2007-08-15,76.0,67,0.23,70.0
2007-08-15,77.0,69,0.83,71.0
2007-08-16,71.0,64,0.0,67.0
2007-08-16,72.0,65,0.0,68.0
2007-08-17,70.0,54,0.0,61.0
2007-08-17,73.0,54,0.0,62.0
2007-08-18,64.0,54,0.09,58.0
2007-08-18,65.0,54,0.42,58.0
2007-08-19,65.0,62,1.33,64.0
2007-08-19,66.0,63,1.33,64.0
2007-08-20,73.0,68,0.91,69.0
2007-08-20,72.0,69,0.48,70.0
2007-08-21,78.0,70,0.0,72.0
2007-08-21,77.0,70,0.01,72.0
2007-08-22,80.0,71,0.37,73.0
2007-08-22,80.0,70,0.88,73.0
2007-08-23,78.0,69,2.35,71.0
2007-08-23,80.0,69,1.96,71.0
2007-08-24,75.0,67,0.24,69.0
2007-08-24,75.0,67,0.2,69.0
2007-08-25,72.0,63,0.34,66.0
2007-08-25,71.0,63,0.25,66.0
2007-08-26,70.0,55,0.0,61.0
2007-08-26,70.0,55,0.0,62.0
2007-08-27,70.0,60,0.0,64.0
2007-08-27,71.0,59,0.0,64.0
2007-08-28,79.0,66,0.0,70.0
2007-08-28,80.0,65,0.0,70.0
2007-08-29,77.0,65,0.0,69.0
2007-08-29,78.0,64,0.0,69.0
2007-08-30,66.0,54,0.0,60.0
2007-08-30,68.0,54,0.0,61.0
2007-08-31,67.0,52,0.0,59.0
2007-08-31,67.0,54,0.0,60.0
2007-09-01,69.0,55,0.0,61.0
2007-09-01,70.0,56,0.0,62.0
2007-09-02,73.0,57,0.0,63.0
2007-09-02,73.0,56,0.0,63.0
2007-09-03,77.0,61,0.0,67.0
2007-09-03,76.0,61,0.0,67.0
2007-09-04,76.0,60,0.0,66.0
2007-09-04,79.0,59,0.0,67.0
2007-09-05,78.0,63,0.0,69.0
2007-09-05,82.0,62,0.0,69.0
2007-09-06,78.0,67,0.18,70.0
2007-09-06,79.0,66,0.08,70.0
2007-09-07,77.0,68,0.19,70.0
2007-09-07,78.0,67,0.67,70.0
2007-09-08,71.0,57,0.0,63.0
2007-09-08,73.0,58,0.0,64.0
2007-09-09,72.0,59,0.0,63.0
2007-09-09,71.0,59,0.0,64.0
2007-09-10,64.0,58,0.36,60.0
2007-09-10,64.0,59,0.25,62.0
2007-09-11,61.0,44,0.0,52.0
2007-09-12,57.0,42,0.0,49.0
2007-09-12,56.0,43,0.0,50.0
2007-09-13,64.0,45,0.0,54.0
2007-09-13,66.0,43,0.0,54.0
2007-09-14,56.0,39,0.0,48.0
2007-09-14,57.0,40,0.0,49.0
2007-09-15,50.0,33,0.0,43.0
2007-09-15,52.0,35,0.0,45.0
2007-09-16,58.0,40,0.0,49.0
2007-09-16,61.0,38,0.0,50.0
2007-09-17,66.0,49,0.0,57.0
2007-09-17,68.0,48,0.0,57.0
2007-09-18,76.0,58,0.0,65.0
2007-09-18,78.0,57,0.0,65.0
2007-09-19,75.0,59,0.0,65.0
2007-09-19,76.0,59,0.0,65.0
2007-09-20,69.0,59,0.0,63.0
2007-09-20,70.0,59,0.0,64.0
2007-09-21,76.0,59,0.0,66.0
2007-09-21,79.0,59,0.0,66.0
2007-09-22,63.0,43,0.0,53.0
2007-09-22,65.0,45,0.0,55.0
2007-09-23,67.0,50,0.0,58.0
2007-09-23,69.0,50,0.0,59.0
2007-09-24,79.0,63,0.0,68.0
2007-09-24,81.0,62,0.0,69.0
2007-09-25,74.0,65,0.27,69.0
2007-09-25,75.0,66,0.01,69.0
2007-09-26,61.0,50,0.09,55.0
2007-09-26,62.0,51,0.14,56.0
2007-09-27,62.0,49,0.0,55.0
2007-09-27,63.0,49,0.0,55.0
2007-09-28,63.0,46,0.0,53.0
2007-09-28,63.0,46,0.0,54.0
2007-09-29,65.0,46,0.0,55.0
2007-09-29,67.0,45,0.0,55.0
2007-09-30,71.0,49,0.14,59.0
2007-09-30,73.0,48,0.14,59.0
2007-10-01,64.0,59,0.29,61.0
2007-10-01,64.0,59,0.17,61.0
2007-10-02,68.0,59,0.09,63.0
2007-10-02,70.0,59,0.11,63.0
2007-10-03,65.0,48,0.0,56.0
2007-10-03,65.0,47,0.0,56.0
2007-10-04,67.0,56,0.0,61.0
2007-10-04,70.0,56,0.0,62.0
2007-10-05,73.0,65,0.0,68.0
2007-10-05,77.0,65,0.06,69.0
2007-10-06,78.0,67,0.0,70.0
2007-10-06,80.0,66,0.0,71.0
2007-10-07,77.0,66,0.0,70.0
2007-10-07,79.0,65,0.0,70.0
2007-10-08,74.0,61,0.0,66.0
2007-10-08,75.0,60,0.0,66.0
2007-10-09,63.0,44,0.0,53.0
2007-10-09,64.0,44,0.0,53.0
2007-10-10,51.0,38,0.0,44.0
2007-10-10,50.0,37,0.0,44.0
2007-10-11,50.0,39,0.0,45.0
2007-10-11,52.0,39,0.0,45.0
2007-10-12,49.0,35,0.0,43.0
2007-10-12,51.0,35,0.0,43.0
2007-10-13,50.0,41,0.0,47.0
2007-10-13,52.0,40,0.0,47.0
2007-10-14,57.0,49,0.15,53.0
2007-10-14,59.0,47,0.01,52.0
2007-10-15,63.0,52,0.07,57.0
2007-10-15,66.0,50,0.04,57.0
2007-10-16,60.0,54,0.24,57.0
2007-10-16,62.0,55,0.19,58.0
2007-10-17,60.0,53,0.04,57.0
2007-10-17,62.0,53,0.11,57.0
2007-10-18,69.0,56,0.3,61.0
2007-10-18,70.0,57,0.34,62.0
2007-10-19,56.0,48,0.01,52.0
2007-10-19,57.0,48,0.0,52.0
2007-10-20,60.0,43,0.0,52.0
2007-10-20,61.0,43,0.0,52.0
2007-10-21,70.0,47,0.0,57.0
2007-10-21,70.0,46,0.0,56.0
2007-10-22,57.0,47,0.16,50.0
2007-10-22,57.0,47,0.15,51.0
2007-10-23,51.0,36,0.0,44.0
2007-10-23,50.0,39,0.03,45.0
2007-10-24,49.0,35,0.0,42.0
2007-10-24,49.0,35,0.0,43.0
2007-10-25,50.0,39,0.0,46.0
2007-10-25,51.0,40,0.0,46.0
2007-10-26,59.0,48,0.33,52.0
2007-10-26,60.0,49,0.41,52.0
2007-10-27,46.0,38,0.01,45.0
2007-10-27,48.0,41,0.08,46.0
2007-10-28,45.0,30,0.0,39.0
2007-10-29,50.0,32,0.0,42.0
2007-10-30,54.0,38,0.0,46.0
2007-10-30,54.0,37,0.0,46.0
2007-10-31,52.0,37,0.0,46.0
2007-10-31,53.0,38,0.0,46.0
2008-05-01,61.0,51,0.0,56.0
2008-05-01,61.0,51,0.0,57.0
2008-05-02,63.0,55,1.28,58.0
2008-05-02,65.0,56,0.74,60.0
2008-05-03,50.0,41,0.0,46.0
2008-05-03,50.0,42,0.01,46.0
2008-05-04,52.0,34,0.0,45.0
2008-05-04,53.0,33,0.0,45.0
2008-05-05,63.0,38,0.0,50.0
2008-05-05,62.0,38,0.0,50.0
2008-05-06,64.0,44,0.0,55.0
2008-05-06,67.0,43,0.0,55.0
2008-05-07,60.0,52,0.76,56.0
2008-05-07,61.0,53,0.71,56.0
2008-05-08,52.0,35,0.0,44.0
2008-05-08,53.0,36,0.0,45.0
2008-05-09,50.0,34,0.0,43.0
2008-05-09,50.0,35,0.0,44.0
2008-05-10,50.0,37,0.0,45.0
2008-05-10,51.0,39,0.0,46.0
2008-05-11,52.0,43,0.95,47.0
2008-05-11,54.0,44,1.46,48.0
2008-05-12,48.0,38,0.0,43.0
2008-05-12,47.0,39,0.0,43.0
2008-05-13,57.0,45,0.08,51.0
2008-05-13,59.0,45,0.32,52.0
2008-05-14,55.0,48,0.02,52.0
2008-05-14,54.0,49,0.02,52.0
2008-05-15,50.0,37,0.0,45.0
2008-05-16,57.0,41,0.0,50.0
2008-05-17,63.0,41,0.12,52.0
2008-05-17,62.0,41,0.26,52.0
2008-05-18,50.0,39,0.0,45.0
2008-05-18,50.0,40,0.0,46.0
2008-05-19,50.0,33,0.0,43.0
2008-05-19,51.0,34,0.0,44.0
2008-05-20,57.0,37,0.0,47.0
2008-05-21,54.0,36,0.0,46.0
2008-05-21,55.0,36,0.0,46.0
2008-05-22,52.0,38,0.0,45.0
2008-05-23,52.0,39,0.0,45.0
2008-05-23,54.0,40,0.0,46.0
2008-05-24,54.0,40,0.0,48.0
2008-05-24,56.0,38,0.0,48.0
2008-05-25,61.0,50,0.0,57.0
2008-05-25,65.0,48,0.0,57.0
2008-05-26,64.0,60,0.48,64.0
2008-05-26,69.0,60,0.0,65.0
2008-05-27,46.0,35,0.0,42.0
2008-05-27,49.0,36,0.0,43.0
2008-05-28,53.0,32,0.0,43.0
2008-05-28,53.0,35,0.0,44.0
2008-05-29,55.0,37,0.01,47.0
2008-05-29,57.0,38,0.08,48.0
2008-05-30,66.0,59,0.4,62.0
2008-05-30,68.0,60,0.3,63.0
2008-05-31,69.0,56,0.0,62.0
2008-05-31,70.0,56,0.0,62.0
2008-06-01,64.0,47,0.0,55.0
2008-06-01,64.0,46,0.0,55.0
2008-06-02,71.0,52,0.0,60.0
2008-06-02,73.0,53,0.0,61.0
2008-06-03,62.0,55,0.52,57.0
2008-06-03,66.0,58,0.92,60.0
2008-06-04,66.0,59,0.0,61.0
2008-06-04,69.0,61,0.02,64.0
2008-06-05,74.0,68,0.64,71.0
2008-06-05,78.0,69,0.22,72.0
2008-06-06,80.0,68,0.0,72.0
2008-06-06,80.0,69,0.03,72.0
2008-06-07,77.0,71,0.11,73.0
2008-06-07,78.0,71,0.07,73.0
2008-06-08,75.0,68,1.24,70.0
2008-06-08,76.0,69,1.31,71.0
2008-06-09,70.0,64,0.14,66.0
2008-06-09,70.0,64,0.21,66.0
2008-06-10,69.0,56,0.0,61.0
2008-06-10,70.0,56,0.01,63.0
2008-06-11,74.0,56,0.0,64.0
2008-06-11,76.0,55,0.0,64.0
2008-06-12,82.0,63,0.0,69.0
2008-06-12,82.0,63,0.0,70.0
2008-06-13,74.0,62,0.39,66.0
2008-06-13,74.0,63,0.19,66.0
2008-06-14,72.0,53,0.0,61.0
2008-06-14,73.0,52,0.0,62.0
2008-06-15,71.0,60,0.18,64.0
2008-06-15,71.0,60,0.29,64.0
2008-06-16,66.0,49,0.0,57.0
2008-06-16,67.0,49,0.0,57.0
2008-06-17,66.0,46,0.0,55.0
2008-06-18,67.0,48,0.0,56.0
2008-06-18,67.0,49,0.0,56.0
2008-06-19,67.0,46,0.0,56.0
2008-06-19,68.0,47,0.0,57.0
2008-06-20,70.0,53,0.09,60.0
2008-06-20,72.0,52,0.04,59.0
2008-06-21,72.0,52,0.01,61.0
2008-06-21,73.0,53,0.01,61.0
2008-06-22,70.0,52,0.16,59.0
2008-06-22,71.0,53,0.02,60.0
2008-06-23,67.0,54,0.0,59.0
2008-06-24,69.0,53,0.0,60.0
2008-06-24,70.0,52,0.0,60.0
2008-06-25,73.0,64,0.08,67.0
2008-06-25,73.0,65,0.11,68.0
2008-06-26,78.0,66,0.0,70.0
2008-06-26,79.0,67,0.0,71.0
2008-06-27,75.0,67,0.0,70.0
2008-06-27,77.0,67,0.0,70.0
2008-06-28,74.0,55,0.04,63.0
2008-06-28,75.0,55,0.0,63.0
2008-06-29,68.0,58,0.58,61.0
2008-06-29,69.0,58,0.22,61.0
2008-06-30,70.0,50,0.0,58.0
2008-06-30,70.0,49,0.0,58.0
2008-07-01,71.0,51,0.0,60.0
2008-07-01,71.0,50,0.0,60.0
2008-07-02,75.0,62,0.2,66.0
2008-07-02,76.0,62,0.12,67.0
2008-07-03,63.0,51,0.0,57.0
2008-07-03,65.0,51,0.0,57.0
2008-07-04,64.0,50,0.0,57.0
2008-07-04,67.0,50,0.0,58.0
2008-07-05,67.0,52,0.0,59.0
2008-07-05,68.0,52,0.0,60.0
2008-07-06,73.0,57,0.0,65.0
2008-07-06,76.0,58,0.0,65.0
2008-07-07,79.0,67,0.03,71.0
2008-07-07,81.0,68,0.11,71.0
2008-07-08,78.0,67,0.03,71.0
2008-07-08,66.0,68,0.28,71.0
2008-07-09,76.0,55,0.0,63.0
2008-07-09,76.0,55,0.0,64.0
2008-07-10,73.0,63,0.72,66.0
2008-07-10,74.0,62,0.43,67.0
2008-07-11,76.0,65,0.34,69.0
2008-07-11,77.0,65,0.03,69.0
2008-07-12,73.0,63,0.73,66.0
2008-07-12,75.0,64,0.65,67.0
2008-07-13,71.0,54,0.0,61.0
2008-07-13,70.0,53,0.0,61.0
2008-07-14,73.0,54,0.0,62.0
2008-07-15,76.0,62,0.0,68.0
2008-07-15,79.0,63,0.0,69.0
2008-07-16,81.0,66,0.0,70.0
2008-07-16,82.0,67,0.0,71.0
2008-07-17,80.0,66,0.0,71.0
2008-07-17,82.0,66,0.0,71.0
2008-07-18,80.0,68,0.04,72.0
2008-07-18,82.0,67,0.0,71.0
2008-07-19,73.0,68,1.61,69.0
2008-07-19,75.0,70,1.22,71.0
2008-07-20,77.0,68,0.74,71.0
2008-07-20,77.0,68,0.43,71.0
2008-07-21,76.0,65,0.13,68.0
2008-07-21,77.0,66,0.13,69.0
2008-07-22,70.0,59,0.0,64.0
2008-07-22,71.0,61,0.06,64.0
2008-07-23,71.0,52,0.0,60.0
2008-07-23,71.0,52,0.0,61.0
2008-07-24,71.0,53,0.0,61.0
2008-07-24,71.0,52,0.0,61.0
2008-07-25,72.0,63,0.0,67.0
2008-07-25,75.0,63,0.0,67.0
2008-07-26,75.0,58,0.0,65.0
2008-07-26,76.0,58,0.0,66.0
2008-07-27,73.0,58,0.0,64.0
2008-07-27,73.0,58,0.0,65.0
2008-07-28,76.0,63,0.0,67.0
2008-07-28,77.0,63,0.0,68.0
2008-07-29,77.0,67,0.05,70.0
2008-07-29,80.0,67,0.23,71.0
2008-07-30,81.0,65,0.0,70.0
2008-07-30,81.0,67,0.0,71.0
2008-07-31,81.0,67,0.14,70.0
2008-07-31,80.0,69,0.5,72.0
2008-08-01,79.0,68,1.05,72.0
2008-08-01,81.0,69,0.0,73.0
2008-08-02,73.0,59,0.0,65.0
2008-08-02,74.0,60,0.0,65.0
2008-08-03,73.0,61,0.0,66.0
2008-08-03,74.0,61,0.0,67.0
2008-08-04,79.0,68,2.43,70.0
2008-08-04,79.0,69,0.59,71.0
2008-08-05,78.0,67,0.0,71.0
2008-08-05,80.0,69,0.08,72.0
2008-08-06,76.0,60,0.0,66.0
2008-08-06,76.0,60,0.01,66.0
2008-08-07,73.0,56,0.0,63.0
2008-08-07,72.0,57,0.01,63.0
2008-08-08,71.0,54,0.0,61.0
2008-08-09,71.0,58,0.0,62.0
2008-08-09,70.0,58,0.0,63.0
2008-08-10,66.0,52,0.0,58.0
2008-08-10,68.0,53,0.0,59.0
2008-08-11,68.0,57,0.0,61.0
2008-08-11,68.0,57,0.0,62.0
2008-08-12,69.0,57,0.0,62.0
2008-08-12,70.0,57,0.0,62.0
2008-08-13,73.0,59,0.06,63.0
2008-08-13,72.0,59,0.0,63.0
2008-08-14,71.0,60,0.0,64.0
2008-08-14,72.0,60,0.0,64.0
2008-08-15,70.0,54,0.0,61.0
2008-08-15,70.0,55,0.0,61.0
2008-08-16,71.0,53,0.0,61.0
2008-08-17,74.0,60,0.0,65.0
2008-08-17,74.0,59,0.0,65.0
2008-08-18,75.0,57,0.0,64.0
2008-08-18,75.0,58,0.0,65.0
2008-08-19,73.0,64,0.0,67.0
2008-08-19,75.0,64,0.0,68.0
2008-08-20,73.0,60,0.0,65.0
2008-08-20,74.0,59,0.0,65.0
2008-08-21,75.0,61,0.0,66.0
2008-08-21,76.0,60,0.0,66.0
2008-08-22,78.0,68,0.09,71.0
2008-08-22,80.0,69,0.0,72.0
2008-08-23,78.0,66,0.0,70.0
2008-08-23,80.0,68,0.0,71.0
2008-08-24,70.0,57,0.0,62.0
2008-08-24,72.0,57,0.0,63.0
2008-08-25,69.0,54,0.0,60.0
2008-08-25,70.0,56,0.0,61.0
2008-08-26,69.0,54,0.0,60.0
2008-08-26,68.0,55,0.0,61.0
2008-08-27,72.0,56,0.0,63.0
2008-08-27,71.0,57,0.0,63.0
2008-08-28,72.0,64,0.06,67.0
2008-08-28,74.0,65,0.02,68.0
2008-08-29,75.0,58,0.04,65.0
2008-08-29,76.0,61,0.0,66.0
2008-08-30,72.0,55,0.0,62.0
2008-08-30,74.0,55,0.0,64.0
2008-08-31,75.0,56,0.0,64.0
2008-08-31,77.0,57,0.0,65.0
2008-09-01,76.0,54,0.0,63.0
2008-09-01,78.0,54,0.0,64.0
2008-09-02,80.0,61,0.0,68.0
2008-09-02,82.0,61,0.0,68.0
2008-09-03,72.0,60,0.02,64.0
2008-09-03,73.0,62,0.0,65.0
2008-09-04,64.0,61,2.9,62.0
2008-09-04,66.0,63,2.68,64.0
2008-09-05,64.0,56,0.0,59.0
2008-09-05,63.0,58,0.01,60.0
2008-09-06,64.0,54,0.01,58.0
2008-09-06,65.0,54,0.0,59.0
2008-09-07,65.0,51,0.0,57.0
2008-09-07,66.0,52,0.01,58.0
2008-09-08,60.0,52,1.23,55.0
2008-09-08,62.0,54,1.01,56.0
2008-09-09,59.0,45,0.0,52.0
2008-09-09,59.0,46,0.01,52.0
2008-09-10,60.0,48,0.0,54.0
2008-09-10,61.0,47,0.0,54.0
2008-09-11,67.0,57,0.0,61.0
2008-09-11,68.0,57,0.0,62.0
2008-09-12,71.0,67,0.37,68.0
2008-09-12,71.0,68,0.62,69.0
2008-09-13,72.0,69,6.64,70.0
2008-09-13,73.0,71,3.07,72.0
2008-09-14,65.0,61,1.44,62.0
2008-09-14,65.0,62,1.75,63.0
2008-09-15,58.0,51,0.0,55.0
2008-09-15,60.0,53,0.01,56.0
2008-09-16,60.0,50,0.0,55.0
2008-09-16,61.0,50,0.0,55.0
2008-09-17,70.0,56,0.0,60.0
2008-09-17,71.0,56,0.0,61.0
2008-09-18,65.0,55,0.0,60.0
2008-09-18,68.0,56,0.0,60.0
2008-09-19,66.0,54,0.0,59.0
2008-09-19,69.0,53,0.0,60.0
2008-09-20,69.0,57,0.0,61.0
2008-09-20,71.0,56,0.0,62.0
2008-09-21,69.0,61,0.0,64.0
2008-09-21,70.0,61,0.0,65.0
2008-09-22,71.0,59,0.0,64.0
2008-09-22,73.0,59,0.0,64.0
2008-09-23,71.0,57,0.0,62.0
2008-09-23,73.0,56,0.0,63.0
2008-09-24,70.0,59,0.2,63.0
2008-09-24,72.0,57,0.0,63.0
2008-09-25,70.0,61,0.0,64.0
2008-09-25,72.0,61,0.0,65.0
2008-09-26,69.0,55,0.0,60.0
2008-09-26,69.0,54,0.0,61.0
2008-09-27,67.0,54,0.0,60.0
2008-09-27,68.0,54,0.0,60.0
2008-09-28,63.0,57,0.0,60.0
2008-09-28,65.0,57,0.0,60.0
2008-09-29,59.0,55,0.82,57.0
2008-09-29,61.0,57,0.11,59.0
2008-09-30,54.0,44,0.0,49.0
2008-09-30,55.0,45,0.01,50.0
2008-10-01,54.0,40,0.0,47.0
2008-10-01,54.0,41,0.0,47.0
2008-10-02,52.0,40,0.0,47.0
2008-10-02,53.0,40,0.0,47.0
2008-10-03,52.0,42,0.01,47.0
2008-10-03,54.0,43,0.01,49.0
2008-10-04,50.0,38,0.0,45.0
2008-10-04,51.0,39,0.0,46.0
2008-10-05,51.0,43,0.06,48.0
2008-10-05,54.0,41,0.03,49.0
2008-10-06,62.0,47,0.0,54.0
2008-10-06,63.0,46,0.0,54.0
2008-10-07,60.0,52,0.8,56.0
2008-10-07,61.0,52,0.86,56.0
2008-10-08,57.0,51,0.19,54.0
2008-10-08,58.0,52,0.29,55.0
2008-10-09,58.0,38,0.0,49.0
2008-10-09,59.0,39,0.0,49.0
2008-10-10,57.0,42,0.0,50.0
2008-10-10,60.0,41,0.0,51.0
2008-10-11,65.0,50,0.0,57.0
2008-10-11,68.0,50,0.0,57.0
2008-10-12,71.0,56,0.0,61.0
2008-10-12,74.0,54,0.0,62.0
2008-10-13,69.0,58,0.0,63.0
2008-10-13,72.0,57,0.0,63.0
2008-10-14,61.0,43,0.0,51.0
2008-10-14,63.0,43,0.0,52.0
2008-10-15,55.0,50,0.3,53.0
2008-10-15,57.0,51,0.24,54.0
2008-10-16,51.0,38,0.0,44.0
2008-10-16,52.0,39,0.0,45.0
2008-10-17,50.0,39,0.0,44.0
2008-10-17,50.0,40,0.0,46.0
2008-10-18,52.0,40,0.05,45.0
2008-10-18,53.0,41,0.14,47.0
2008-10-19,51.0,37,0.0,45.0
2008-10-19,53.0,37,0.0,46.0
2008-10-20,49.0,42,0.18,46.0
2008-10-20,50.0,43,0.31,47.0
2008-10-21,47.0,35,0.0,42.0
2008-10-21,47.0,37,0.0,43.0
2008-10-22,44.0,30,0.0,40.0
2008-10-22,47.0,29,0.0,40.0
2008-10-23,50.0,36,0.16,44.0
2008-10-23,50.0,34,0.09,43.0
2008-10-24,49.0,44,0.32,47.0
2008-10-24,51.0,44,0.63,47.0
2008-10-25,48.0,40,0.0,44.0
2008-10-25,48.0,41,0.0,45.0
2008-10-26,47.0,32,0.0,41.0
2008-10-26,46.0,34,0.01,41.0
2008-10-27,40.0,27,0.0,35.0
2008-10-27,41.0,28,0.0,35.0
2008-10-28,38.0,23,0.0,33.0
2008-10-28,39.0,23,0.0,33.0
2008-10-29,42.0,24,0.0,34.0
2008-10-29,42.0,25,0.0,35.0
2008-10-30,47.0,32,0.0,41.0
2008-10-30,49.0,31,0.0,41.0
2008-10-31,59.0,46,0.0,51.0
2008-10-31,60.0,46,0.0,51.0
2009-05-01,53.0,40,0.02,47.0
2009-05-01,55.0,42,0.04,48.0
2009-05-02,55.0,33,0.0,45.0
2009-05-02,55.0,34,0.0,46.0
2009-05-03,57.0,34,0.0,47.0
2009-05-03,58.0,35,0.0,48.0
2009-05-04,57.0,34,0.0,47.0
2009-05-04,60.0,36,0.0,48.0
2009-05-05,60.0,40,0.0,50.0
2009-05-05,62.0,41,0.0,51.0
2009-05-06,63.0,51,0.67,55.0
2009-05-06,66.0,51,0.86,56.0
2009-05-07,67.0,52,0.19,57.0
2009-05-07,67.0,53,0.03,58.0
2009-05-08,65.0,53,0.02,58.0
2009-05-08,66.0,55,0.01,59.0
2009-05-09,55.0,44,0.0,48.0
2009-05-09,55.0,44,0.0,49.0
2009-05-10,54.0,39,0.0,46.0
2009-05-10,55.0,40,0.02,47.0
2009-05-11,50.0,35,0.0,44.0
2009-05-11,51.0,34,0.0,44.0
2009-05-12,55.0,34,0.0,47.0
2009-05-12,58.0,32,0.0,47.0
2009-05-13,62.0,56,0.55,58.0
2009-05-13,63.0,58,1.03,60.0
2009-05-14,61.0,44,0.0,52.0
2009-05-14,62.0,44,0.0,53.0
2009-05-15,57.0,51,0.39,54.0
2009-05-15,59.0,52,0.7,55.0
2009-05-16,54.0,40,0.0,49.0
2009-05-16,55.0,41,0.04,50.0
2009-05-17,51.0,27,0.0,42.0
2009-05-17,50.0,28,0.0,42.0
2009-05-18,53.0,33,0.0,45.0
2009-05-18,56.0,30,0.0,45.0
2009-05-19,66.0,44,0.0,55.0
2009-05-19,67.0,43,0.0,54.0
2009-05-20,73.0,44,0.0,57.0
2009-05-20,73.0,43,0.0,57.0
2009-05-21,72.0,49,0.0,59.0
2009-05-21,73.0,48,0.0,59.0
2009-05-22,61.0,46,0.0,53.0
2009-05-22,63.0,47,0.0,54.0
2009-05-23,65.0,50,0.0,57.0
2009-05-23,67.0,51,0.0,58.0
2009-05-24,63.0,46,0.0,53.0
2009-05-24,63.0,47,0.0,54.0
2009-05-25,61.0,43,0.04,51.0
2009-05-25,60.0,46,0.08,53.0
2009-05-26,64.0,51,1.73,55.0
2009-05-26,66.0,54,1.38,58.0
2009-05-27,64.0,58,0.02,60.0
2009-05-27,67.0,60,0.0,63.0
2009-05-28,58.0,51,0.0,54.0
2009-05-28,60.0,51,0.0,54.0
2009-05-29,62.0,49,0.0,55.0
2009-05-29,66.0,49,0.0,55.0
2009-05-30,65.0,46,0.0,54.0
2009-05-30,66.0,46,0.0,55.0
2009-05-31,59.0,41,0.0,50.0
2009-05-31,61.0,43,0.0,52.0
2009-06-01,65.0,53,0.44,57.0
2009-06-01,66.0,54,0.83,58.0
2009-06-02,54.0,46,0.12,50.0
2009-06-02,56.0,47,0.06,51.0
2009-06-03,52.0,39,0.0,46.0
2009-06-03,54.0,40,0.0,48.0
2009-06-04,55.0,37,0.0,48.0
2009-06-04,58.0,38,0.0,49.0
2009-06-05,62.0,44,0.0,54.0
2009-06-05,64.0,43,0.0,54.0
2009-06-06,57.0,45,0.02,50.0
2009-06-06,61.0,48,0.0,53.0
2009-06-07,63.0,53,0.04,57.0
2009-06-07,65.0,54,0.0,59.0
2009-06-08,66.0,60,0.45,63.0
2009-06-08,69.0,61,0.3,65.0
2009-06-09,61.0,53,0.0,56.0
2009-06-09,62.0,53,0.0,56.0
2009-06-10,61.0,49,0.01,53.0
2009-06-10,61.0,50,0.04,55.0
2009-06-11,59.0,51,0.01,54.0
2009-06-11,57.0,53,1.14,54.0
2009-06-12,62.0,49,0.0,55.0
2009-06-12,61.0,49,0.0,55.0
2009-06-13,61.0,51,0.33,55.0
2009-06-13,61.0,52,0.31,55.0
2009-06-14,64.0,48,0.0,57.0
2009-06-14,65.0,50,0.0,57.0
2009-06-15,67.0,49,0.0,58.0
2009-06-15,69.0,49,0.0,58.0
2009-06-16,65.0,55,1.23,60.0
2009-06-16,68.0,57,1.07,61.0
2009-06-17,66.0,59,0.0,62.0
2009-06-17,68.0,60,0.0,63.0
2009-06-18,71.0,63,0.12,67.0
2009-06-18,72.0,64,0.11,67.0
2009-06-19,76.0,67,3.97,69.0
2009-06-19,77.0,68,0.87,70.0
2009-06-20,78.0,65,0.0,70.0
2009-06-20,79.0,65,0.0,70.0
2009-06-21,77.0,63,0.01,68.0
2009-06-21,79.0,64,0.0,69.0
2009-06-22,79.0,67,0.09,71.0
2009-06-22,80.0,67,0.06,71.0
2009-06-23,83.0,69,0.0,73.0
2009-06-23,84.0,68,0.0,73.0
2009-06-24,85.0,68,0.04,73.0
2009-06-24,83.0,68,0.78,73.0
2009-06-25,85.0,69,0.0,73.0
2009-06-25,85.0,68,0.0,73.0
2009-06-26,78.0,60,0.0,61.0
2009-06-26,79.0,61,0.0,67.0
2009-06-27,76.0,61,0.3,67.0
2009-06-27,79.0,60,0.05,67.0
2009-06-28,75.0,53,0.0,62.0
2009-06-28,76.0,53,0.0,62.0
2009-06-29,70.0,54,0.0,61.0
2009-06-29,72.0,54,0.0,61.0
2009-06-30,63.0,53,0.0,57.0
2009-06-30,65.0,53,0.0,58.0
2009-07-01,61.0,52,0.0,56.0
2009-07-01,61.0,54,0.02,57.0
2009-07-02,66.0,54,0.0,60.0
2009-07-02,67.0,55,0.0,60.0
2009-07-03,71.0,56,0.0,62.0
2009-07-04,64.0,58,0.2,61.0
2009-07-04,66.0,58,0.12,62.0
2009-07-05,69.0,58,0.05,63.0
2009-07-05,72.0,59,0.03,64.0
2009-07-06,73.0,54,0.0,62.0
2009-07-06,74.0,54,0.0,63.0
2009-07-07,68.0,54,0.0,60.0
2009-07-07,71.0,55,0.0,61.0
2009-07-08,63.0,56,0.06,59.0
2009-07-08,65.0,55,0.17,59.0
2009-07-09,69.0,57,0.0,63.0
2009-07-09,72.0,58,0.0,64.0
2009-07-10,73.0,64,0.08,67.0
2009-07-10,76.0,65,0.12,68.0
2009-07-11,74.0,59,0.25,65.0
2009-07-11,77.0,60,1.12,67.0
2009-07-12,70.0,51,0.0,60.0
2009-07-12,71.0,50,0.0,60.0
2009-07-13,70.0,46,0.0,57.0
2009-07-13,72.0,48,0.0,59.0
2009-07-14,68.0,51,0.0,59.0
2009-07-14,71.0,49,0.0,60.0
2009-07-15,75.0,62,0.68,67.0
2009-07-15,77.0,62,0.32,67.0
2009-07-16,72.0,56,0.0,62.0
2009-07-16,74.0,57,0.17,63.0
2009-07-17,64.0,51,0.0,56.0
2009-07-17,64.0,52,0.0,57.0
2009-07-18,65.0,52,0.0,57.0
2009-07-18,66.0,52,0.0,58.0
2009-07-19,64.0,52,0.0,58.0
2009-07-19,67.0,53,0.0,59.0
2009-07-20,66.0,55,0.0,60.0
2009-07-20,68.0,56,0.0,61.0
2009-07-21,69.0,57,0.04,62.0
2009-07-21,73.0,56,0.0,63.0
2009-07-22,71.0,61,0.0,64.0
2009-07-22,73.0,59,0.0,64.0
2009-07-23,72.0,58,0.0,63.0
2009-07-23,71.0,60,0.1,64.0
2009-07-24,72.0,59,0.14,64.0
2009-07-24,73.0,60,0.19,65.0
2009-07-25,74.0,58,0.0,64.0
2009-07-25,74.0,59,0.0,65.0
2009-07-26,73.0,58,0.0,64.0
2009-07-26,73.0,59,0.0,65.0
2009-07-27,74.0,61,0.02,66.0
2009-07-27,75.0,61,0.03,67.0
2009-07-28,75.0,60,0.01,66.0
2009-07-28,77.0,62,0.01,67.0
2009-07-29,72.0,51,0.0,59.0
2009-07-29,73.0,52,0.0,61.0
2009-07-30,69.0,57,0.0,62.0
2009-07-30,73.0,57,0.0,63.0
2009-07-31,70.0,54,0.0,61.0
2009-07-31,72.0,55,0.0,62.0
2009-08-01,68.0,59,0.0,62.0
2009-08-01,69.0,59,0.01,63.0
2009-08-02,68.0,51,0.0,59.0
2009-08-02,69.0,52,0.0,59.0
2009-08-03,76.0,60,0.07,66.0
2009-08-03,77.0,61,0.06,66.0
2009-08-04,76.0,61,0.0,67.0
2009-08-04,78.0,63,0.0,68.0
2009-08-05,70.0,54,0.0,61.0
2009-08-05,73.0,56,0.0,63.0
2009-08-06,71.0,51,0.0,60.0
2009-08-06,72.0,51,0.0,60.0
2009-08-07,69.0,59,0.33,63.0
2009-08-07,71.0,59,0.23,63.0
2009-08-08,79.0,70,0.02,73.0
2009-08-08,79.0,70,0.08,73.0
2009-08-09,84.0,71,0.18,74.0
2009-08-09,85.0,72,0.02,75.0
2009-08-10,78.0,65,0.0,69.0
2009-08-10,79.0,66,0.0,70.0
2009-08-11,72.0,61,0.0,66.0
2009-08-11,73.0,62,0.0,66.0
2009-08-12,72.0,55,0.0,62.0
2009-08-12,73.0,56,0.0,63.0
2009-08-13,73.0,55,0.0,63.0
2009-08-13,75.0,55,0.0,63.0
2009-08-14,76.0,59,0.0,66.0
2009-08-14,78.0,59,0.0,66.0
2009-08-15,78.0,61,0.0,67.0
2009-08-15,80.0,61,0.0,68.0
2009-08-16,79.0,67,0.63,70.0
2009-08-16,81.0,68,0.27,71.0
2009-08-17,77.0,68,0.33,70.0
2009-08-17,77.0,68,0.59,71.0
2009-08-18,74.0,59,0.0,65.0
2009-08-18,75.0,61,0.0,66.0
2009-08-19,71.0,60,0.35,65.0
2009-08-19,73.0,62,0.61,66.0
2009-08-20,71.0,61,0.07,65.0
2009-08-20,72.0,61,0.12,65.0
2009-08-21,66.0,58,0.16,61.0
2009-08-21,67.0,58,0.05,61.0
2009-08-22,63.0,52,0.0,56.0
2009-08-22,64.0,52,0.0,57.0
2009-08-23,65.0,53,0.0,58.0
2009-08-23,66.0,55,0.0,59.0
2009-08-24,67.0,56,0.0,61.0
2009-08-24,68.0,57,0.0,62.0
2009-08-25,71.0,61,0.0,65.0
2009-08-25,72.0,61,0.0,65.0
2009-08-26,68.0,62,0.93,64.0
2009-08-26,68.0,64,0.54,65.0
2009-08-27,64.0,60,0.95,61.0
2009-08-27,65.0,61,1.19,63.0
2009-08-28,64.0,61,0.22,62.0
2009-08-28,66.0,61,0.28,63.0
2009-08-29,63.0,51,0.02,56.0
2009-08-29,63.0,52,0.01,57.0
2009-08-30,59.0,47,0.0,52.0
2009-08-30,59.0,47,0.0,53.0
2009-08-31,59.0,44,0.0,52.0
2009-08-31,58.0,44,0.0,52.0
2009-09-01,60.0,47,0.0,53.0
2009-09-01,61.0,49,0.0,55.0
2009-09-02,62.0,50,0.0,56.0
2009-09-02,63.0,51,0.0,56.0
2009-09-03,66.0,54,0.0,59.0
2009-09-03,66.0,55,0.0,60.0
2009-09-04,65.0,54,0.0,59.0
2009-09-04,67.0,55,0.0,60.0
2009-09-05,66.0,57,0.0,61.0
2009-09-05,68.0,57,0.0,62.0
2009-09-06,69.0,59,0.03,63.0
2009-09-06,72.0,59,0.0,64.0
2009-09-07,68.0,59,0.0,62.0
2009-09-07,70.0,59,0.0,63.0
2009-09-08,69.0,60,0.0,63.0
2009-09-08,70.0,62,0.0,65.0
2009-09-09,72.0,63,0.0,65.0
2009-09-09,73.0,63,0.0,66.0
2009-09-10,73.0,62,0.0,65.0
2009-09-10,73.0,62,0.0,66.0
2009-09-11,71.0,59,0.0,63.0
2009-09-11,71.0,59,0.0,64.0
2009-09-12,69.0,60,0.0,63.0
2009-09-12,70.0,61,0.0,64.0
2009-09-13,69.0,54,0.0,60.0
2009-09-13,68.0,55,0.01,61.0
2009-09-14,71.0,55,0.0,61.0
2009-09-14,72.0,56,0.0,62.0
2009-09-15,73.0,59,0.0,63.0
2009-09-15,73.0,58,0.0,64.0
2009-09-16,65.0,54,0.0,59.0
2009-09-16,67.0,54,0.0,60.0
2009-09-17,61.0,52,0.0,56.0
2009-09-17,63.0,51,0.0,57.0
2009-09-18,65.0,55,0.0,59.0
2009-09-18,66.0,55,0.0,59.0
2009-09-19,66.0,55,0.0,59.0
2009-09-19,67.0,55,0.0,60.0
2009-09-20,64.0,56,0.75,60.0
2009-09-20,63.0,56,0.44,60.0
2009-09-21,64.0,59,0.0,61.0
2009-09-21,66.0,60,0.0,62.0
2009-09-22,68.0,65,0.0,67.0
2009-09-22,70.0,65,0.04,67.0
2009-09-23,69.0,62,0.0,64.0
2009-09-23,69.0,63,0.0,64.0
2009-09-24,69.0,63,0.0,65.0
2009-09-24,68.0,62,0.0,64.0
2009-09-25,65.0,57,0.16,60.0
2009-09-25,65.0,57,0.02,60.0
2009-09-26,62.0,56,0.0,59.0
2009-09-26,61.0,56,0.0,59.0
2009-09-27,62.0,53,0.08,57.0
2009-09-27,64.0,53,0.48,58.0
2009-09-28,56.0,42,0.01,49.0
2009-09-28,57.0,42,0.0,49.0
2009-09-29,54.0,42,0.0,48.0
2009-09-29,53.0,42,0.0,48.0
2009-09-30,55.0,40,0.0,47.0
2009-09-30,55.0,42,0.0,48.0
2009-10-01,50.0,46,0.89,49.0
2009-10-01,52.0,46,0.59,49.0
2009-10-02,52.0,46,0.21,48.0
2009-10-02,52.0,46,0.17,48.0
2009-10-03,52.0,47,0.11,49.0
2009-10-03,53.0,47,0.03,49.0
2009-10-04,53.0,43,0.0,47.0
2009-10-04,53.0,42,0.0,47.0
2009-10-05,53.0,42,0.0,47.0
2009-10-05,52.0,42,0.0,47.0
2009-10-06,55.0,47,0.03,51.0
2009-10-06,56.0,46,0.05,50.0
2009-10-07,53.0,39,0.0,46.0
2009-10-08,49.0,46,0.12,48.0
2009-10-08,51.0,46,0.14,49.0
2009-10-09,46.0,43,0.46,45.0
2009-10-09,46.0,44,0.43,46.0
2009-10-10,40.0,30,0.0,35.0
2009-10-10,41.0,30,0.0,36.0
2009-10-11,37.0,22,0.0,32.0
2009-10-11,37.0,23,0.0,33.0
2009-10-12,45.0,36,0.02,41.0
2009-10-12,46.0,34,0.0,40.0
2009-10-13,41.0,32,0.0,38.0
2009-10-13,42.0,32,0.0,39.0
2009-10-14,45.0,36,0.03,41.0
2009-10-15,43.0,38,0.29,40.0
2009-10-15,43.0,38,0.33,40.0
2009-10-16,42.0,36,0.04,39.0
2009-10-16,43.0,36,0.08,40.0
2009-10-17,44.0,33,0.0,39.0
2009-10-17,46.0,34,0.01,40.0
2009-10-18,42.0,33,0.0,39.0
2009-10-18,43.0,33,0.0,40.0
2009-10-19,55.0,41,0.0,47.0
2009-10-19,55.0,40,0.0,47.0
2009-10-20,55.0,48,0.03,52.0
2009-10-20,58.0,47,0.05,52.0
2009-10-21,62.0,52,0.0,56.0
2009-10-21,63.0,50,0.01,55.0
2009-10-22,53.0,48,1.03,50.0
2009-10-22,54.0,49,0.84,51.0
2009-10-23,52.0,49,0.89,50.0
2009-10-23,53.0,50,1.29,51.0
2009-10-24,44.0,37,0.04,40.0
2009-10-24,44.0,37,0.05,41.0
2009-10-25,53.0,45,0.27,49.0
2009-10-25,54.0,43,0.24,48.0
2009-10-26,52.0,48,0.11,49.0
2009-10-26,53.0,47,0.13,49.0
2009-10-27,48.0,45,0.06,47.0
2009-10-27,50.0,46,0.16,48.0
2009-10-28,54.0,49,0.0,51.0
2009-10-29,54.0,50,0.6,52.0
2009-10-29,54.0,50,1.05,52.0
2009-10-30,57.0,53,0.81,56.0
2009-10-30,58.0,54,1.15,56.0
2009-10-31,41.0,31,0.0,38.0
2009-10-31,42.0,31,0.01,38.0
2010-05-01,64.0,53,0.11,58.0
2010-05-01,66.0,54,0.01,59.0
2010-05-02,61.0,52,0.93,56.0
2010-05-02,61.0,52,0.31,56.0
2010-05-03,61.0,45,0.0,53.0
2010-05-03,62.0,45,0.0,53.0
2010-05-04,65.0,44,0.0,54.0
2010-05-04,67.0,43,0.0,54.0
2010-05-05,64.0,37,0.0,51.0
2010-05-05,65.0,37,0.0,51.0
2010-05-06,55.0,39,0.01,46.0
2010-05-06,54.0,39,0.05,46.0
2010-05-07,52.0,46,0.72,48.0
2010-05-07,53.0,46,0.74,49.0
2010-05-08,46.0,35,0.02,41.0
2010-05-08,46.0,35,0.08,41.0
2010-05-09,48.0,29,0.0,40.0
2010-05-09,47.0,29,0.0,40.0
2010-05-10,50.0,31,0.0,42.0
2010-05-10,51.0,29,0.0,42.0
2010-05-11,48.0,46,0.97,47.0
2010-05-11,52.0,46,0.72,48.0
2010-05-12,48.0,45,0.12,46.0
2010-05-12,50.0,45,0.14,47.0
2010-05-13,61.0,53,1.49,55.0
2010-05-13,64.0,54,0.97,57.0
2010-05-14,57.0,44,0.0,50.0
2010-05-14,58.0,43,0.0,51.0
2010-05-15,52.0,42,0.0,48.0
2010-05-15,55.0,41,0.0,48.0
2010-05-16,54.0,43,0.0,49.0
2010-05-16,56.0,43,0.0,50.0
2010-05-17,54.0,42,0.01,48.0
2010-05-17,56.0,43,0.11,49.0
2010-05-18,56.0,40,0.0,48.0
2010-05-18,56.0,41,0.0,48.0
2010-05-19,59.0,39,0.0,51.0
2010-05-19,60.0,39,0.0,50.0
2010-05-20,61.0,49,0.05,55.0
2010-05-20,62.0,49,0.09,55.0
2010-05-21,65.0,58,0.21,60.0
2010-05-21,64.0,58,0.4,60.0
2010-05-22,66.0,59,0.0,61.0
2010-05-22,65.0,59,0.01,61.0
2010-05-23,76.0,66,0.0,69.0
2010-05-23,77.0,65,0.0,69.0
2010-05-24,81.0,67,0.0,72.0
2010-05-24,82.0,66,0.0,71.0
2010-05-25,79.0,62,0.0,68.0
2010-05-25,79.0,61,0.0,68.0
2010-05-26,77.0,63,0.0,68.0
2010-05-26,78.0,62,0.0,68.0
2010-05-27,69.0,50,0.0,59.0
2010-05-27,70.0,50,0.0,59.0
2010-05-28,68.0,50,0.0,58.0
2010-05-28,68.0,49,0.0,58.0
2010-05-29,73.0,57,0.0,63.0
2010-05-30,76.0,59,0.0,66.0
2010-05-30,78.0,59,0.0,66.0
2010-05-31,74.0,64,0.26,67.0
2010-05-31,75.0,65,1.57,67.0
2010-06-01,74.0,62,0.0,67.0
2010-06-01,75.0,63,0.0,67.0
2010-06-02,67.0,61,1.02,64.0
2010-06-02,68.0,61,1.3,64.0
2010-06-03,64.0,46,0.0,55.0
2010-06-03,65.0,46,0.0,55.0
2010-06-04,70.0,60,0.0,65.0
2010-06-04,72.0,59,0.0,64.0
2010-06-05,70.0,65,0.15,67.0
2010-06-05,70.0,63,0.51,66.0
2010-06-06,66.0,55,0.0,59.0
2010-06-06,67.0,54,0.0,59.0
2010-06-07,62.0,49,0.0,55.0
2010-06-07,63.0,48,0.0,55.0
2010-06-08,63.0,57,0.45,59.0
2010-06-08,63.0,57,0.33,59.0
2010-06-09,74.0,56,0.0,63.0
2010-06-09,75.0,55,0.0,63.0
2010-06-10,68.0,54,0.0,60.0
2010-06-11,77.0,67,0.02,71.0
2010-06-11,76.0,67,0.41,71.0
2010-06-12,70.0,63,0.34,65.0
2010-06-12,70.0,63,0.12,65.0
2010-06-13,67.0,62,0.25,64.0
2010-06-13,67.0,61,0.25,63.0
2010-06-14,65.0,61,0.0,62.0
2010-06-14,67.0,61,0.01,63.0
2010-06-15,70.0,66,0.59,67.0
2010-06-15,70.0,65,0.88,67.0
2010-06-16,73.0,61,0.0,65.0
2010-06-16,76.0,60,0.0,65.0
2010-06-17,74.0,62,0.0,67.0
2010-06-17,76.0,61,0.0,67.0
2010-06-18,79.0,66,0.87,69.0
2010-06-18,79.0,66,0.66,69.0
2010-06-19,76.0,61,0.0,66.0
2010-06-19,76.0,60,0.0,66.0
2010-06-20,73.0,61,0.0,65.0
2010-06-20,74.0,60,0.0,65.0
2010-06-21,76.0,66,0.22,69.0
2010-06-21,77.0,66,0.4,69.0
2010-06-22,77.0,68,0.0,71.0
2010-06-22,78.0,68,0.0,71.0
2010-06-23,78.0,70,0.87,71.0
2010-06-23,77.0,69,1.23,71.0
2010-06-24,75.0,60,0.0,65.0
2010-06-24,73.0,59,0.0,65.0
2010-06-25,73.0,62,0.0,67.0
2010-06-25,75.0,61,0.0,66.0
2010-06-26,78.0,66,0.85,70.0
2010-06-26,78.0,65,0.7,69.0
2010-06-27,79.0,70,0.54,73.0
2010-06-27,80.0,69,0.88,72.0
2010-06-28,73.0,59,0.0,65.0
2010-06-28,74.0,59,0.0,65.0
2010-06-29,67.0,53,0.0,59.0
2010-06-29,68.0,52,0.0,59.0
2010-06-30,66.0,50,0.0,57.0
2010-06-30,67.0,50,0.0,57.0
2010-07-01,66.0,48,0.0,57.0
2010-07-01,68.0,47,0.0,57.0
2010-07-02,71.0,53,0.0,61.0
2010-07-02,73.0,50,0.0,60.0
2010-07-03,74.0,56,0.0,63.0
2010-07-03,76.0,54,0.0,63.0
2010-07-04,80.0,66,0.0,71.0
2010-07-04,82.0,65,0.03,71.0
2010-07-05,85.0,64,0.0,71.0
2010-07-05,85.0,63,0.0,70.0
2010-07-06,82.0,69,0.37,73.0
2010-07-06,83.0,68,0.04,72.0
2010-07-07,82.0,70,0.2,73.0
2010-07-07,83.0,69,0.05,73.0
2010-07-08,81.0,70,0.16,73.0
2010-07-08,81.0,69,0.15,72.0
2010-07-09,79.0,59,0.0,67.0
2010-07-09,80.0,59,0.0,67.0
2010-07-10,79.0,61,0.0,68.0
2010-07-10,79.0,59,0.01,67.0
2010-07-11,76.0,63,0.79,67.0
2010-07-11,76.0,62,0.77,67.0
2010-07-12,75.0,65,0.0,68.0
2010-07-12,75.0,64,0.01,68.0
2010-07-13,77.0,65,0.17,69.0
2010-07-13,78.0,64,0.02,68.0
2010-07-14,80.0,71,0.0,74.0
2010-07-14,82.0,69,0.0,73.0
2010-07-15,81.0,69,0.01,73.0
2010-07-15,83.0,69,0.0,73.0
2010-07-16,79.0,62,0.0,68.0
2010-07-16,79.0,60,0.0,68.0
2010-07-17,82.0,63,0.0,70.0
2010-07-17,82.0,64,0.0,70.0
2010-07-18,82.0,69,0.01,73.0
2010-07-18,83.0,69,0.29,73.0
2010-07-19,77.0,66,0.01,70.0
2010-07-19,78.0,66,0.0,70.0
2010-07-20,77.0,68,0.0,70.0
2010-07-20,77.0,66,0.0,70.0
2010-07-21,82.0,65,0.0,70.0
2010-07-21,82.0,66,0.0,71.0
2010-07-22,80.0,71,0.01,74.0
2010-07-22,81.0,70,0.02,74.0
2010-07-23,82.0,71,2.79,74.0
2010-07-23,83.0,71,3.15,74.0
2010-07-24,78.0,71,3.64,73.0
2010-07-24,78.0,70,4.73,72.0
2010-07-25,74.0,59,0.0,65.0
2010-07-25,75.0,60,0.52,66.0
2010-07-26,73.0,62,0.0,67.0
2010-07-26,74.0,62,0.0,67.0
2010-07-27,78.0,67,0.0,71.0
2010-07-27,80.0,66,0.0,71.0
2010-07-28,81.0,71,0.0,74.0
2010-07-28,84.0,71,0.0,75.0
2010-07-29,75.0,58,0.0,65.0
2010-07-29,75.0,59,0.0,65.0
2010-07-30,75.0,60,0.0,65.0
2010-07-30,75.0,59,0.0,65.0
2010-07-31,73.0,64,0.68,67.0
2010-07-31,72.0,63,0.6,66.0
2010-08-01,76.0,65,0.0,68.0
2010-08-01,75.0,64,0.0,68.0
2010-08-02,76.0,67,0.0,70.0
2010-08-02,77.0,66,0.08,70.0
2010-08-03,76.0,71,0.28,73.0
2010-08-03,76.0,70,1.6,73.0
2010-08-04,77.0,72,0.48,73.0
2010-08-04,76.0,71,0.57,73.0
2010-08-05,76.0,62,0.0,67.0
2010-08-06,73.0,59,0.0,64.0
2010-08-06,73.0,58,0.0,64.0
2010-08-07,73.0,64,0.0,68.0
2010-08-07,75.0,63,0.0,67.0
2010-08-08,78.0,67,0.08,70.0
2010-08-08,79.0,66,0.05,70.0
2010-08-09,80.0,71,0.15,74.0
2010-08-09,82.0,69,0.0,73.0
2010-08-10,82.0,71,0.0,74.0
2010-08-10,83.0,71,0.0,74.0
2010-08-11,83.0,70,0.0,74.0
2010-08-11,84.0,69,0.0,74.0
2010-08-12,83.0,70,0.0,74.0
2010-08-12,82.0,69,0.0,74.0
2010-08-13,83.0,70,0.25,74.0
2010-08-13,83.0,70,0.66,74.0
2010-08-14,80.0,69,0.0,73.0
2010-08-14,80.0,68,0.0,72.0
2010-08-15,75.0,62,0.0,67.0
2010-08-15,76.0,62,0.0,68.0
2010-08-16,72.0,54,0.0,62.0
2010-08-17,72.0,57,0.03,63.0
2010-08-18,74.0,61,0.05,66.0
2010-08-18,74.0,60,0.04,65.0
2010-08-19,77.0,65,0.0,69.0
2010-08-19,78.0,63,0.0,69.0
2010-08-20,82.0,68,0.03,72.0
2010-08-20,84.0,66,0.0,71.0
2010-08-21,79.0,69,0.45,72.0
2010-08-21,79.0,68,0.59,71.0
2010-08-22,75.0,64,0.0,67.0
2010-08-22,74.0,64,0.0,68.0
2010-08-23,73.0,63,0.0,67.0
2010-08-24,74.0,62,0.0,66.0
2010-08-24,75.0,61,0.0,66.0
2010-08-25,70.0,51,0.0,59.0
2010-08-25,71.0,50,0.0,59.0
2010-08-26,69.0,52,0.0,59.0
2010-08-26,70.0,52,0.0,59.0
2010-08-27,73.0,56,0.0,63.0
2010-08-27,72.0,53,0.0,61.0
2010-08-28,77.0,54,0.0,63.0
2010-08-28,76.0,50,0.0,61.0
2010-08-29,83.0,66,0.0,71.0
2010-08-29,83.0,63,0.0,69.0
2010-08-30,81.0,67,0.0,72.0
2010-08-30,81.0,65,0.0,70.0
2010-08-31,84.0,68,0.0,73.0
2010-08-31,84.0,67,0.0,72.0
2010-09-01,76.0,68,0.17,70.0
2010-09-01,76.0,66,0.14,70.0
2010-09-02,74.0,68,1.55,70.0
2010-09-02,75.0,67,0.92,70.0
2010-09-03,63.0,52,0.0,57.0
2010-09-03,65.0,51,0.0,57.0
2010-09-04,60.0,44,0.0,51.0
2010-09-04,60.0,43,0.0,51.0
2010-09-05,63.0,50,0.0,56.0
2010-09-05,65.0,48,0.0,56.0
2010-09-06,74.0,52,0.0,61.0
2010-09-06,76.0,50,0.0,60.0
2010-09-07,68.0,49,0.0,58.0
2010-09-07,70.0,47,0.0,58.0
2010-09-08,61.0,48,0.0,54.0
2010-09-08,62.0,47,0.0,54.0
2010-09-09,59.0,49,0.0,54.0
2010-09-09,61.0,49,0.0,55.0
2010-09-10,64.0,51,0.0,58.0
2010-09-10,66.0,50,0.0,57.0
2010-09-11,67.0,55,0.24,59.0
2010-09-11,67.0,54,0.16,59.0
2010-09-12,69.0,51,0.0,59.0
2010-09-12,68.0,50,0.0,59.0
2010-09-13,70.0,50,0.0,59.0
2010-09-13,72.0,53,0.0,60.0
2010-09-14,66.0,49,0.0,57.0
2010-09-14,68.0,48,0.0,57.0
2010-09-15,67.0,54,0.0,60.0
2010-09-15,68.0,52,0.04,59.0
2010-09-16,61.0,56,0.16,59.0
2010-09-16,64.0,55,0.03,59.0
2010-09-17,62.0,50,0.0,56.0
2010-09-17,63.0,49,0.0,56.0
2010-09-18,62.0,55,0.35,58.0
2010-09-18,63.0,55,0.22,58.0
2010-09-19,61.0,49,0.0,55.0
2010-09-19,62.0,48,0.01,55.0
2010-09-20,69.0,60,0.0,63.0
2010-09-20,70.0,60,0.0,64.0
2010-09-21,78.0,64,0.05,68.0
2010-09-21,78.0,62,0.03,67.0
2010-09-22,69.0,61,0.0,63.0
2010-09-22,70.0,61,0.0,63.0
2010-09-23,77.0,62,0.0,68.0
2010-09-23,78.0,61,0.0,68.0
2010-09-24,68.0,54,0.26,59.0
2010-09-24,68.0,53,0.2,59.0
2010-09-25,56.0,43,0.0,49.0
2010-09-26,55.0,45,0.0,49.0
2010-09-26,56.0,44,0.05,50.0
2010-09-27,57.0,45,0.0,50.0
2010-09-27,56.0,46,0.01,50.0
2010-09-28,59.0,45,0.0,52.0
2010-09-28,58.0,44,0.0,51.0
2010-09-29,64.0,48,0.0,55.0
2010-09-29,63.0,45,0.0,54.0
2010-09-30,63.0,49,0.0,55.0
2010-09-30,64.0,49,0.0,55.0
2010-10-01,61.0,44,0.08,52.0
2010-10-01,62.0,43,0.02,52.0
2010-10-02,51.0,41,0.26,46.0
2010-10-02,51.0,42,0.25,47.0
2010-10-03,49.0,39,0.08,44.0
2010-10-03,50.0,38,0.01,44.0
2010-10-04,49.0,39,0.0,45.0
2010-10-04,50.0,39,0.0,45.0
2010-10-05,54.0,38,0.0,46.0
2010-10-05,53.0,37,0.0,46.0
2010-10-06,62.0,44,0.0,53.0
2010-10-06,62.0,43,0.0,52.0
2010-10-07,63.0,39,0.0,50.0
2010-10-07,63.0,40,0.0,51.0
2010-10-08,64.0,40,0.0,52.0
2010-10-08,64.0,37,0.0,51.0
2010-10-09,71.0,52,0.0,59.0
2010-10-09,72.0,49,0.0,59.0
2010-10-10,71.0,50,0.0,59.0
2010-10-10,72.0,50,0.0,59.0
2010-10-11,68.0,52,0.0,58.0
2010-10-11,69.0,53,0.0,59.0
2010-10-12,64.0,54,0.0,58.0
2010-10-12,65.0,54,0.0,59.0
2010-10-13,57.0,46,0.1,52.0
2010-10-13,56.0,48,0.26,53.0
2010-10-14,55.0,32,0.0,45.0
2010-10-15,54.0,41,0.0,47.0
2010-10-15,55.0,41,0.0,47.0
2010-10-16,56.0,39,0.0,48.0
2010-10-16,58.0,39,0.0,48.0
2010-10-17,56.0,36,0.0,46.0
2010-10-17,56.0,38,0.0,47.0
2010-10-18,52.0,40,0.0,47.0
2010-10-18,53.0,41,0.0,47.0
2010-10-19,50.0,35,0.0,43.0
2010-10-19,51.0,35,0.0,44.0
2010-10-20,57.0,35,0.0,46.0
2010-10-20,58.0,35,0.0,46.0
2010-10-21,47.0,30,0.0,40.0
2010-10-21,49.0,29,0.0,40.0
2010-10-22,49.0,31,0.02,42.0
2010-10-22,51.0,29,0.01,42.0
2010-10-23,60.0,47,0.1,53.0
2010-10-23,61.0,43,0.21,52.0
2010-10-24,63.0,53,0.05,57.0
2010-10-24,65.0,51,1.01,57.0
2010-10-25,64.0,56,0.0,60.0
2010-10-25,65.0,56,0.01,60.0
2010-10-26,62.0,47,0.24,53.0
2010-10-26,63.0,47,0.4,54.0
2010-10-27,54.0,32,0.0,44.0
2010-10-27,54.0,31,0.0,45.0
2010-10-28,43.0,31,0.0,38.0
2010-10-28,43.0,30,0.0,38.0
2010-10-29,41.0,27,0.0,36.0
2010-10-29,42.0,26,0.0,36.0
2010-10-30,53.0,32,0.0,42.0
2010-10-30,52.0,32,0.0,42.0
2010-10-31,44.0,30,0.0,38.0
2010-10-31,46.0,31,0.0,40.0
2011-05-01,55.0,37,0.0,47.0
2011-05-01,58.0,37,0.0,48.0
2011-05-02,51.0,31,0.0,42.0
2011-05-02,52.0,31,0.0,42.0
2011-05-03,44.0,31,0.0,38.0
2011-05-03,45.0,30,0.0,38.0
2011-05-04,48.0,29,0.0,40.0
2011-05-04,47.0,29,0.0,40.0
2011-05-05,49.0,40,0.06,46.0
2011-05-05,52.0,39,0.1,46.0
2011-05-06,56.0,39,0.0,48.0
2011-05-06,57.0,39,0.0,49.0
2011-05-07,52.0,44,0.0,48.0
2011-05-07,53.0,46,0.0,50.0
2011-05-08,54.0,43,0.0,49.0
2011-05-08,56.0,44,0.0,50.0
2011-05-09,60.0,45,0.0,53.0
2011-05-09,63.0,46,0.0,55.0
2011-05-10,76.0,61,0.0,66.0
2011-05-10,78.0,60,0.0,66.0
2011-05-11,75.0,66,0.13,68.0
2011-05-11,78.0,65,0.28,69.0
2011-05-12,72.0,63,0.29,66.0
2011-05-12,75.0,61,0.02,66.0
2011-05-13,62.0,54,0.02,56.0
2011-05-13,62.0,54,0.01,57.0
2011-05-14,49.0,47,0.31,48.0
2011-05-14,49.0,46,0.43,47.0
2011-05-15,44.0,36,0.31,41.0
2011-05-15,45.0,38,0.37,42.0
2011-05-16,45.0,30,0.0,40.0
2011-05-16,47.0,31,0.0,40.0
2011-05-17,50.0,33,0.0,43.0
2011-05-17,50.0,35,0.0,44.0
2011-05-18,53.0,48,0.07,49.0
2011-05-18,56.0,49,0.03,51.0
2011-05-19,61.0,53,0.0,56.0
2011-05-19,62.0,53,0.0,55.0
2011-05-20,62.0,54,0.0,57.0
2011-05-20,61.0,53,0.0,56.0
2011-05-21,63.0,59,0.01,62.0
2011-05-21,64.0,59,0.0,62.0
2011-05-22,74.0,60,0.58,64.0
2011-05-22,77.0,59,0.12,65.0
2011-05-23,70.0,59,0.0,64.0
2011-05-23,73.0,59,0.0,64.0
2011-05-24,57.0,47,0.11,51.0
2011-05-24,59.0,47,0.01,53.0
2011-05-25,57.0,52,2.24,53.0
2011-05-25,62.0,53,1.9,55.0
2011-05-26,46.0,40,1.06,43.0
2011-05-26,47.0,40,0.61,43.0
2011-05-27,49.0,41,0.0,46.0
2011-05-27,50.0,41,0.01,46.0
2011-05-28,57.0,55,0.12,55.0
2011-05-28,58.0,55,0.23,57.0
2011-05-29,61.0,59,1.88,60.0
2011-05-29,65.0,60,0.92,61.0
2011-05-30,72.0,65,0.0,69.0
2011-05-30,78.0,65,0.0,70.0
2011-05-31,77.0,64,0.08,68.0
2011-05-31,79.0,65,0.0,70.0
2011-06-01,70.0,49,0.0,59.0
2011-06-01,73.0,49,0.0,59.0
2011-06-02,63.0,44,0.02,53.0
2011-06-02,63.0,45,0.0,53.0
2011-06-03,71.0,62,0.01,67.0
2011-06-03,73.0,61,0.18,67.0
2011-06-04,78.0,64,0.18,68.0
2011-06-04,79.0,64,0.5,69.0
2011-06-05,73.0,55,0.0,62.0
2011-06-05,74.0,55,0.01,62.0
2011-06-06,77.0,64,0.0,69.0
2011-06-06,78.0,63,0.0,69.0
2011-06-07,86.0,65,0.0,72.0
2011-06-07,87.0,64,0.0,72.0
2011-06-08,81.0,64,0.17,71.0
2011-06-08,82.0,63,0.69,71.0
2011-06-09,60.0,52,0.93,55.0
2011-06-09,61.0,54,2.17,56.0
2011-06-10,60.0,56,0.52,57.0
2011-06-10,61.0,56,0.44,58.0
2011-06-11,57.0,54,0.03,55.0
2011-06-11,59.0,54,0.1,56.0
2011-06-12,57.0,45,0.0,52.0
2011-06-12,58.0,45,0.0,52.0
2011-06-13,63.0,43,0.0,53.0
2011-06-13,64.0,43,0.0,53.0
2011-06-14,65.0,49,0.0,56.0
2011-06-14,68.0,49,0.0,57.0
2011-06-15,64.0,59,0.8,61.0
2011-06-15,65.0,59,0.84,62.0
2011-06-16,71.0,59,0.04,63.0
2011-06-16,72.0,59,0.03,63.0
2011-06-17,71.0,60,0.0,64.0
2011-06-17,73.0,60,0.0,65.0
2011-06-18,73.0,62,0.0,65.0
2011-06-18,73.0,62,0.0,66.0
2011-06-19,72.0,65,0.0,68.0
2011-06-19,74.0,65,0.0,69.0
2011-06-20,72.0,67,0.18,69.0
2011-06-20,75.0,67,1.23,69.0
2011-06-21,78.0,70,0.45,72.0
2011-06-21,79.0,70,0.08,73.0
2011-06-22,69.0,63,0.02,65.0
2011-06-22,71.0,62,0.02,65.0
2011-06-23,67.0,59,0.01,62.0
2011-06-23,68.0,60,0.05,63.0
2011-06-24,64.0,56,0.0,59.0
2011-06-24,64.0,55,0.0,59.0
2011-06-25,69.0,53,0.0,60.0
2011-06-25,70.0,52,0.0,60.0
2011-06-26,69.0,53,0.0,60.0
2011-06-26,72.0,53,0.0,61.0
2011-06-27,73.0,63,0.03,67.0
2011-06-27,74.0,64,0.14,67.0
2011-06-28,72.0,54,0.0,61.0
2011-06-28,73.0,53,0.0,61.0
2011-06-29,70.0,56,0.0,62.0
2011-06-29,72.0,55,0.0,62.0
2011-06-30,74.0,62,0.0,67.0
2011-06-30,78.0,61,0.03,67.0
2011-07-01,81.0,62,0.0,68.0
2011-07-01,80.0,63,0.01,68.0
2011-07-02,83.0,70,0.0,74.0
2011-07-02,83.0,71,0.0,74.0
2011-07-03,77.0,57,0.0,65.0
2011-07-03,78.0,58,0.0,65.0
2011-07-04,77.0,55,0.0,64.0
2011-07-04,78.0,53,0.0,63.0
2011-07-05,80.0,60,0.0,68.0
2011-07-05,80.0,59,0.0,68.0
2011-07-06,78.0,61,0.0,67.0
2011-07-06,79.0,60,0.0,67.0
2011-07-07,73.0,53,0.0,62.0
2011-07-07,74.0,55,0.07,63.0
2011-07-08,74.0,51,0.0,62.0
2011-07-08,76.0,52,0.0,63.0
2011-07-09,76.0,58,0.0,66.0
2011-07-09,79.0,60,0.0,68.0
2011-07-10,83.0,68,0.0,72.0
2011-07-10,83.0,67,0.0,72.0
2011-07-11,80.0,71,0.39,74.0
2011-07-11,80.0,70,0.13,74.0
2011-07-12,79.0,63,0.01,69.0
2011-07-12,80.0,64,0.01,69.0
2011-07-13,69.0,57,0.0,62.0
2011-07-13,70.0,57,0.0,63.0
2011-07-14,71.0,56,0.0,63.0
2011-07-14,74.0,56,0.0,63.0
2011-07-15,79.0,60,0.0,66.0
2011-07-15,79.0,60,0.0,67.0
2011-07-16,80.0,61,0.0,68.0
2011-07-16,82.0,60,0.0,68.0
2011-07-17,82.0,69,0.0,74.0
2011-07-17,85.0,69,0.0,74.0
2011-07-18,86.0,75,0.01,78.0
2011-07-18,87.0,74,0.0,77.0
2011-07-19,86.0,72,0.0,76.0
2011-07-19,86.0,73,0.0,77.0
2011-07-20,86.0,73,0.02,77.0
2011-07-20,89.0,73,0.0,77.0
2011-07-21,87.0,70,0.02,76.0
2011-07-21,92.0,72,0.0,77.0
2011-07-22,79.0,70,1.55,73.0
2011-07-22,85.5,70,0.14,74.0
2011-07-23,79.0,70,6.86,73.0
2011-07-23,79.0,70,0.04,73.0
2011-07-24,80.0,70,0.18,73.0
2011-07-24,80.0,69,0.02,72.0
2011-07-25,81.0,66,0.0,71.0
2011-07-25,82.0,67,0.01,71.0
2011-07-26,77.0,63,0.0,68.0
2011-07-26,79.0,62,0.01,68.0
2011-07-27,79.0,66,0.71,70.0
2011-07-27,82.0,66,0.0,71.0
2011-07-28,80.0,71,0.7,74.0
2011-07-28,81.0,71,0.0,74.0
2011-07-29,79.0,67,0.7,71.0
2011-07-29,80.0,69,0.36,72.0
2011-07-30,79.0,64,0.0,70.0
2011-07-30,80.0,65,0.0,71.0
2011-07-31,79.0,69,0.0,73.0
2011-07-31,82.0,69,0.0,73.0
2011-08-01,83.0,72,0.0,75.0
2011-08-01,84.0,71,0.0,75.0
2011-08-02,84.0,73,0.43,76.0
2011-08-02,84.0,73,0.28,77.0
2011-08-03,79.0,67,0.0,71.0
2011-08-03,80.0,66,0.0,71.0
2011-08-04,77.0,66,0.0,69.0
2011-08-04,76.0,67,0.0,70.0
2011-08-05,76.0,68,0.0,71.0
2011-08-05,77.0,68,0.0,71.0
2011-08-06,79.0,70,0.18,72.0
2011-08-06,79.0,70,0.69,72.0
2011-08-07,77.0,69,0.75,71.0
2011-08-07,79.0,69,0.49,72.0
2011-08-08,74.0,67,0.63,69.0
2011-08-08,75.0,67,0.29,70.0
2011-08-09,72.0,61,0.0,66.0
2011-08-09,74.0,61,0.01,66.0
2011-08-10,69.0,54,0.0,61.0
2011-08-10,70.0,54,0.0,61.0
2011-08-11,69.0,54,0.0,61.0
2011-08-11,71.0,54,0.0,61.0
2011-08-12,71.0,59,0.0,64.0
2011-08-12,74.0,57,0.0,64.0
2011-08-13,73.0,64,0.75,66.0
2011-08-13,75.0,63,0.93,66.0
2011-08-14,69.0,60,0.0,63.0
2011-08-14,69.0,60,0.01,63.0
2011-08-15,70.0,55,0.0,62.0
2011-08-16,73.0,58,0.0,64.0
2011-08-16,73.0,56,0.0,63.0
2011-08-17,73.0,63,0.0,67.0
2011-08-17,74.0,61,0.0,67.0
2011-08-18,76.0,60,0.0,66.0
2011-08-18,78.0,62,0.0,67.0
2011-08-19,76.0,63,0.0,68.0
2011-08-19,77.0,62,0.0,68.0
2011-08-20,73.0,67,1.11,69.0
2011-08-20,74.0,67,0.39,69.0
2011-08-21,72.0,58,0.0,63.0
2011-08-21,74.0,58,0.01,64.0
2011-08-22,71.0,59,0.0,64.0
2011-08-22,72.0,59,0.0,64.0
2011-08-23,68.0,63,0.65,65.0
2011-08-23,70.0,62,0.4,65.0
2011-08-24,81.0,65,0.0,70.0
2011-08-25,74.0,59,0.0,64.0
2011-08-25,73.0,59,0.0,64.0
2011-08-26,71.0,58,0.0,63.0
2011-08-26,72.0,58,0.0,64.0
2011-08-27,73.0,62,0.0,66.0
2011-08-27,75.0,61,0.0,66.0
2011-08-28,69.0,57,0.0,61.0
2011-08-28,69.0,55,0.0,61.0
2011-08-29,69.0,56,0.0,62.0
2011-08-29,70.0,57,0.0,62.0
2011-08-30,69.0,56,0.04,62.0
2011-08-30,72.0,54,0.02,61.0
2011-08-31,76.0,64,0.0,68.0
2011-08-31,77.0,64,0.05,69.0
2011-09-01,82.0,71,0.0,75.0
2011-09-01,84.0,70,0.0,75.0
2011-09-02,84.0,69,0.0,74.0
2011-09-02,87.0,69,0.0,74.0
2011-09-03,79.0,67,0.02,71.0
2011-09-03,79.0,68,0.15,71.0
2011-09-04,66.0,54,0.0,60.0
2011-09-04,67.0,55,0.0,61.0
2011-09-05,59.0,45,0.0,52.0
2011-09-05,60.0,46,0.0,53.0
2011-09-06,59.0,46,0.0,52.0
2011-09-06,62.0,47,0.0,54.0
2011-09-07,61.0,47,0.0,54.0
2011-09-07,64.0,47,0.0,55.0
2011-09-08,66.0,53,0.0,59.0
2011-09-08,68.0,54,0.06,59.0
2011-09-09,66.0,60,0.02,62.0
2011-09-09,68.0,61,0.11,63.0
2011-09-10,67.0,59,0.0,62.0
2011-09-10,67.0,60,0.01,63.0
2011-09-11,70.0,59,0.0,63.0
2011-09-11,72.0,59,0.0,64.0
2011-09-12,75.0,59,0.0,65.0
2011-09-13,65.0,54,0.0,59.0
2011-09-13,67.0,55,0.0,61.0
2011-09-14,53.0,43,0.08,49.0
2011-09-14,54.0,45,0.0,51.0
2011-09-15,51.0,35,0.0,44.0
2011-09-15,52.0,36,0.0,45.0
2011-09-16,52.0,40,0.0,47.0
2011-09-16,54.0,38,0.0,47.0
2011-09-17,59.0,45,0.0,52.0
2011-09-17,61.0,44,0.0,52.0
2011-09-18,60.0,55,0.43,57.0
2011-09-18,61.0,54,0.34,57.0
2011-09-19,62.0,58,0.24,60.0
2011-09-19,62.0,58,0.41,60.0
2011-09-20,62.0,54,0.0,58.0
2011-09-20,64.0,54,0.01,58.0
2011-09-21,64.0,49,0.0,56.0
2011-09-21,65.0,49,0.0,56.0
2011-09-22,58.0,47,0.0,52.0
2011-09-23,55.0,44,0.0,49.0
2011-09-23,55.0,46,0.02,51.0
2011-09-24,57.0,49,0.14,51.0
2011-09-24,57.0,48,0.07,52.0
2011-09-25,58.0,53,0.08,55.0
2011-09-25,59.0,53,0.23,55.0
2011-09-26,57.0,51,1.21,53.0
2011-09-26,58.0,50,0.9,53.0
2011-09-27,59.0,53,0.31,55.0
2011-09-27,59.0,53,0.25,55.0
2011-09-28,58.0,54,0.77,55.0
2011-09-28,59.0,54,0.15,55.0
2011-09-29,58.0,51,0.06,53.0
2011-09-29,59.0,50,0.09,54.0
2011-09-30,51.0,41,0.09,47.0
2011-09-30,53.0,42,0.17,47.0
2011-10-01,49.0,40,0.0,45.0
2011-10-01,50.0,40,0.0,45.0
2011-10-02,54.0,38,0.0,46.0
2011-10-02,53.0,39,0.0,46.0
2011-10-03,57.0,45,0.0,50.0
2011-10-03,58.0,44,0.0,50.0
2011-10-04,60.0,47,0.0,52.0
2011-10-04,60.0,47,0.0,53.0
2011-10-05,65.0,48,0.0,55.0
2011-10-05,66.0,47,0.0,55.0
2011-10-06,66.0,51,0.0,58.0
2011-10-06,69.0,50,0.0,58.0
2011-10-07,69.0,53,0.0,59.0
2011-10-07,72.0,51,0.0,59.0
2011-10-08,68.0,54,0.0,60.0
2011-10-08,72.0,53,0.0,60.0
2011-10-09,66.0,51,0.0,58.0
2011-10-09,68.0,51,0.0,58.0
2011-10-10,65.0,51,0.0,57.0
2011-10-10,68.0,49,0.0,58.0
2011-10-11,68.0,54,0.0,60.0
2011-10-11,68.0,52,0.0,59.0
2011-10-12,67.0,52,0.0,58.0
2011-10-12,67.0,51,0.0,58.0
2011-10-13,59.0,55,0.28,58.0
2011-10-13,58.0,55,0.49,57.0
2011-10-14,55.0,41,0.0,48.0
2011-10-15,55.0,36,0.0,46.0
2011-10-15,54.0,36,0.0,46.0
2011-10-16,55.0,39,0.17,46.0
2011-10-16,53.0,39,0.12,46.0
2011-10-17,50.0,33,0.0,42.0
2011-10-17,49.0,33,0.0,42.0
2011-10-18,48.0,37,0.06,43.0
2011-10-18,47.0,38,0.02,43.0
2011-10-19,47.0,40,0.85,44.0
2011-10-19,47.0,41,0.84,44.0
2011-10-20,45.0,37,0.08,42.0
2011-10-20,44.0,38,0.07,42.0
2011-10-21,47.0,34,0.0,41.0
2011-10-21,46.0,34,0.0,41.0
2011-10-22,50.0,37,0.0,44.0
2011-10-22,52.0,37,0.0,45.0
2011-10-23,53.0,41,0.2,48.0
2011-10-23,54.0,42,0.22,49.0
2011-10-24,54.0,39,0.0,46.0
2011-10-24,54.0,39,0.06,47.0
2011-10-25,60.0,46,0.02,53.0
2011-10-25,62.0,45,0.13,53.0
2011-10-26,50.0,42,0.0,46.0
2011-10-26,51.0,42,0.0,46.0
2011-10-27,46.0,37,0.12,42.0
2011-10-27,45.0,38,0.16,42.0
2011-10-28,45.0,33,0.03,40.0
2011-10-28,45.0,32,0.0,40.0
2011-10-29,45.0,30,0.0,38.0
2011-10-29,45.0,29,0.0,38.0
2011-10-30,45.0,36,0.17,41.0
2011-10-30,47.0,34,0.11,42.0
2011-10-31,45.0,36,0.0,40.0
2011-10-31,46.0,35,0.0,41.0
2012-05-01,57.0,52,0.09,55.0
2012-05-01,58.0,53,0.32,56.0
2012-05-02,69.0,60,0.0,64.0
2012-05-03,76.0,65,1.34,69.0
2012-05-03,78.0,64,0.07,69.0
2012-05-04,64.0,55,0.28,58.0
2012-05-04,62.0,55,0.28,58.0
2012-05-05,56.0,52,0.0,54.0
2012-05-05,58.0,54,0.0,56.0
2012-05-06,61.0,53,0.8,56.0
2012-05-06,64.0,54,0.4,57.0
2012-05-07,58.0,55,0.47,57.0
2012-05-07,58.0,56,0.59,57.0
2012-05-08,61.0,45,0.0,53.0
2012-05-08,61.0,45,0.01,53.0
2012-05-09,54.0,43,0.06,49.0
2012-05-09,53.0,43,0.0,48.0
2012-05-10,57.0,34,0.0,46.0
2012-05-10,55.0,33,0.0,46.0
2012-05-11,61.0,40,0.0,52.0
2012-05-11,63.0,38,0.0,52.0
2012-05-12,61.0,42,0.03,51.0
2012-05-12,59.0,45,0.25,51.0
2012-05-13,61.0,31,0.0,48.0
2012-05-13,61.0,33,0.0,48.0
2012-05-14,63.0,36,0.0,51.0
2012-05-14,62.0,36,0.0,51.0
2012-05-15,72.0,45,0.05,57.0
2012-05-15,70.0,44,0.0,56.0
2012-05-16,58.0,33,0.0,46.0
2012-05-17,60.0,39,0.0,50.0
2012-05-17,60.0,40,0.0,51.0
2012-05-18,69.0,41,0.0,54.0
2012-05-18,71.0,38,0.0,54.0
2012-05-19,76.0,53,0.0,62.0
2012-05-19,78.0,52,0.0,62.0
2012-05-20,79.0,57,0.14,65.0
2012-05-21,61.0,44,0.0,52.0
2012-05-21,60.0,44,0.0,52.0
2012-05-22,61.0,41,0.0,51.0
2012-05-22,59.0,42,0.0,51.0
2012-05-23,65.0,42,0.0,54.0
2012-05-23,66.0,41,0.0,54.0
2012-05-24,77.0,53,0.0,63.0
2012-05-24,79.0,52,0.0,63.0
2012-05-25,74.0,49,0.0,59.0
2012-05-26,73.0,54,0.0,61.0
2012-05-26,73.0,54,0.0,62.0
2012-05-27,84.0,59,0.0,68.0
2012-05-27,85.0,58,0.0,68.0
2012-05-28,86.0,60,0.0,69.0
2012-05-28,84.0,60,0.02,68.0
2012-05-29,73.0,46,0.0,59.0
2012-05-29,75.0,45,0.0,59.0
2012-05-30,62.0,46,0.0,53.0
2012-05-30,61.0,46,0.0,53.0
2012-05-31,51.0,45,1.12,48.0
2012-05-31,52.0,45,0.97,48.0
2012-06-01,57.0,43,0.01,49.0
2012-06-01,57.0,44,0.03,49.0
2012-06-02,63.0,46,0.0,55.0
2012-06-02,62.0,47,0.0,55.0
2012-06-03,69.0,48,0.0,58.0
2012-06-03,68.0,48,0.0,58.0
2012-06-04,67.0,47,0.0,56.0
2012-06-05,64.0,49,0.0,56.0
2012-06-05,63.0,49,0.0,56.0
2012-06-06,64.0,46,0.0,55.0
2012-06-06,65.0,47,0.0,56.0
2012-06-07,68.0,44,0.0,56.0
2012-06-07,66.0,45,0.0,56.0
2012-06-08,71.0,49,0.0,60.0
2012-06-08,73.0,48,0.0,60.0
2012-06-09,78.0,50,0.0,62.0
2012-06-10,80.0,56,0.0,66.0
2012-06-10,82.0,55,0.0,65.0
2012-06-11,80.0,62,0.0,68.0
2012-06-11,81.0,63,0.0,69.0
2012-06-12,69.0,46,0.0,57.0
2012-06-12,70.0,47,0.0,57.0
2012-06-13,63.0,45,0.0,55.0
2012-06-13,64.0,45,0.0,55.0
2012-06-14,72.0,48,0.0,59.0
2012-06-14,73.0,48,0.0,59.0
2012-06-15,77.0,49,0.0,62.0
2012-06-15,80.0,48,0.0,61.0
2012-06-16,82.0,60,0.31,68.0
2012-06-16,82.0,60,0.38,68.0
2012-06-17,78.0,59,0.11,66.0
2012-06-17,77.0,59,0.15,66.0
2012-06-18,82.0,65,0.0,71.0
2012-06-19,87.0,65,0.0,72.0
2012-06-19,85.0,65,0.0,71.0
2012-06-20,86.0,62,0.0,71.0
2012-06-20,85.0,62,0.0,70.0
2012-06-21,78.0,59,0.01,66.0
2012-06-21,77.0,60,0.03,67.0
2012-06-22,76.0,52,0.0,62.0
2012-06-22,73.0,52,0.0,62.0
2012-06-23,75.0,55,0.0,64.0
2012-06-23,75.0,55,0.0,63.0
2012-06-24,80.0,57,0.0,65.0
2012-06-24,81.0,58,0.0,66.0
2012-06-25,68.0,49,0.0,58.0
2012-06-25,69.0,48,0.0,58.0
2012-06-26,70.0,50,0.0,59.0
2012-06-26,72.0,51,0.0,60.0
2012-06-27,75.0,51,0.0,63.0
2012-06-27,77.0,51,0.0,63.0
2012-06-28,88.0,69,0.04,74.0
2012-06-28,89.0,68,0.16,74.0
2012-06-29,79.0,61,0.42,67.0
2012-06-29,79.0,62,0.28,69.0
2012-06-30,81.0,67,0.0,72.0
2012-06-30,80.0,68,0.0,72.0
2012-07-01,80.0,67,0.0,71.0
2012-07-01,78.0,68,0.56,72.0
2012-07-02,85.0,69,0.0,74.0
2012-07-02,86.0,69,0.0,74.0
2012-07-03,87.0,67,0.0,74.0
2012-07-03,86.0,67,0.0,73.0
2012-07-04,91.0,68,0.0,75.0
2012-07-05,91.0,69,0.28,75.0
2012-07-05,91.0,68,0.0,75.0
2012-07-06,93.0,71,0.0,77.0
2012-07-06,94.0,71,0.0,77.0
2012-07-07,86.0,67,0.0,72.0
2012-07-07,86.0,68,0.0,73.0
2012-07-08,77.0,56,0.0,65.0
2012-07-08,80.0,56,0.0,65.0
2012-07-09,79.0,57,0.0,65.0
2012-07-09,78.0,59,0.0,66.0
2012-07-10,75.0,55,0.0,64.0
2012-07-10,77.0,56,0.0,64.0
2012-07-11,76.0,57,0.0,65.0
2012-07-11,78.0,57,0.0,65.0
2012-07-12,79.0,54,0.0,65.0
2012-07-12,81.0,53,0.0,64.0
2012-07-13,82.0,63,0.28,69.0
2012-07-13,83.0,63,0.0,69.0
2012-07-14,80.0,65,0.0,70.0
2012-07-14,80.0,66,0.0,70.0
2012-07-15,83.0,66,0.0,71.0
2012-07-15,83.0,66,0.0,72.0
2012-07-16,85.0,66,0.0,72.0
2012-07-16,88.0,65,0.0,73.0
2012-07-17,89.0,67,0.0,74.0
2012-07-17,90.0,66,0.0,74.0
2012-07-18,83.0,71,0.85,74.0
2012-07-18,81.0,71,0.55,74.0
2012-07-19,77.0,70,0.8,72.0
2012-07-19,78.0,70,0.89,72.0
2012-07-20,75.0,59,0.0,65.0
2012-07-20,76.0,61,0.0,66.0
2012-07-21,76.0,63,0.0,69.0
2012-07-21,79.0,63,0.0,69.0
2012-07-22,79.0,66,0.0,70.0
2012-07-22,83.0,65,0.01,71.0
2012-07-23,89.0,68,0.0,74.0
2012-07-23,90.0,67,0.01,74.0
2012-07-24,77.0,65,0.54,70.0
2012-07-24,80.0,66,0.37,71.0
2012-07-25,85.0,67,0.01,73.0
2012-07-25,88.0,67,0.0,73.0
2012-07-26,79.0,69,0.71,72.0
2012-07-26,81.0,69,0.07,73.0
2012-07-27,76.0,64,0.03,68.0
2012-07-27,79.0,64,0.01,69.0
2012-07-28,75.0,60,0.0,66.0
2012-07-28,77.0,60,0.0,66.0
2012-07-29,74.0,59,0.0,66.0
2012-07-29,78.0,58,0.0,66.0
2012-07-30,81.0,62,0.0,69.0
2012-07-30,84.0,61,0.0,69.0
2012-07-31,77.0,65,0.16,69.0
2012-07-31,79.0,65,0.17,70.0
2012-08-01,79.0,64,0.0,69.0
2012-08-01,80.0,63,0.0,69.0
2012-08-02,80.0,63,0.0,69.0
2012-08-02,82.0,61,0.0,69.0
2012-08-03,83.0,67,0.0,72.0
2012-08-03,84.0,65,0.0,72.0
2012-08-04,82.0,69,0.37,72.0
2012-08-04,84.0,68,1.02,72.0
2012-08-05,75.0,59,0.0,66.0
2012-08-05,78.0,59,0.0,66.0
2012-08-06,74.0,56,0.0,64.0
2012-08-06,77.0,56,0.0,64.0
2012-08-07,77.0,60,0.0,68.0
2012-08-07,81.0,59,0.0,67.0
2012-08-08,78.0,62,0.0,68.0
2012-08-08,80.0,62,0.01,68.0
2012-08-09,69.0,63,0.05,65.0
2012-08-09,72.0,62,0.0,66.0
2012-08-10,69.0,55,0.18,60.0
2012-08-10,69.0,55,0.4,61.0
2012-08-11,67.0,53,0.0,59.0
2012-08-11,69.0,52,0.0,59.0
2012-08-12,66.0,54,0.0,60.0
2012-08-12,69.0,53,0.0,61.0
2012-08-13,65.0,61,0.4,63.0
2012-08-13,68.0,61,0.34,63.0
2012-08-14,70.0,60,0.0,64.0
2012-08-14,71.0,60,0.01,64.0
2012-08-15,75.0,60,0.0,66.0
2012-08-15,77.0,59,0.0,66.0
2012-08-16,69.0,61,0.39,65.0
2012-08-16,70.0,61,0.31,65.0
2012-08-17,67.0,51,0.0,58.0
2012-08-17,68.0,52,0.0,59.0
2012-08-18,65.0,51,0.0,58.0
2012-08-18,68.0,47,0.0,57.0
2012-08-19,70.0,50,0.0,58.0
2012-08-19,70.0,49,0.0,59.0
2012-08-20,66.0,56,0.08,60.0
2012-08-20,68.0,54,0.53,60.0
2012-08-21,66.0,50,0.0,58.0
2012-08-21,69.0,51,0.0,59.0
2012-08-22,70.0,52,0.0,60.0
2012-08-22,78.0,51,0.0,61.0
2012-08-23,78.0,56,0.03,64.0
2012-08-23,80.0,54,0.0,64.0
2012-08-24,79.0,57,0.0,66.0
2012-08-24,82.0,56,0.0,66.0
2012-08-25,80.0,57,0.0,66.0
2012-08-25,83.0,56,0.0,66.0
2012-08-26,73.0,67,0.57,68.0
2012-08-26,75.0,65,3.66,68.0
2012-08-27,77.0,61,0.0,67.0
2012-08-27,79.0,62,0.0,67.0
2012-08-28,75.0,61,0.0,65.0
2012-08-28,75.0,60,0.0,66.0
2012-08-29,75.0,59,0.0,65.0
2012-08-29,77.0,58,0.0,65.0
2012-08-30,77.0,59,0.0,66.0
2012-08-30,80.0,57,0.0,66.0
2012-08-31,82.0,64,0.0,70.0
2012-08-31,83.0,64,0.0,70.0
2012-09-01,73.0,66,0.0,69.0
2012-09-01,76.0,68,0.25,71.0
2012-09-02,78.0,69,0.0,71.0
2012-09-02,78.0,69,0.0,72.0
2012-09-03,80.0,70,0.0,73.0
2012-09-03,80.0,69,0.0,73.0
2012-09-04,78.0,69,0.64,72.0
2012-09-04,79.0,68,0.33,72.0
2012-09-05,75.0,64,0.16,68.0
2012-09-05,76.0,64,0.17,68.0
2012-09-06,77.0,61,0.0,67.0
2012-09-06,78.0,61,0.0,67.0
2012-09-07,69.0,60,0.06,64.0
2012-09-07,70.0,59,0.2,63.0
2012-09-08,64.0,50,0.28,56.0
2012-09-08,65.0,49,0.23,56.0
2012-09-09,64.0,51,0.0,56.0
2012-09-09,64.0,51,0.0,57.0
2012-09-10,64.0,50,0.0,56.0
2012-09-10,66.0,47,0.0,56.0
2012-09-11,68.0,53,0.0,60.0
2012-09-11,72.0,51,0.0,60.0
2012-09-12,75.0,56,0.0,63.0
2012-09-12,75.0,54,0.0,62.0
2012-09-13,63.0,53,0.19,57.0
2012-09-13,64.0,55,0.13,59.0
2012-09-14,64.0,46,0.0,54.0
2012-09-14,65.0,45,0.0,55.0
2012-09-15,65.0,46,0.0,55.0
2012-09-15,67.0,44,0.0,55.0
2012-09-16,63.0,47,0.0,55.0
2012-09-16,67.0,46,0.0,56.0
2012-09-17,67.0,56,0.26,59.0
2012-09-17,69.0,55,0.17,60.0
2012-09-18,55.0,39,0.0,47.0
2012-09-18,57.0,37,0.0,47.0
2012-09-19,57.0,40,0.0,50.0
2012-09-19,61.0,39,0.0,50.0
2012-09-20,62.0,39,0.0,50.0
2012-09-20,64.0,38,0.0,51.0
2012-09-21,54.0,46,0.15,50.0
2012-09-21,57.0,45,0.13,51.0
2012-09-22,52.0,41,0.02,46.0
2012-09-22,54.0,39,0.01,46.0
2012-09-23,51.0,35,0.0,43.0
2012-09-23,53.0,35,0.0,44.0
2012-09-24,54.0,34,0.0,46.0
2012-09-24,57.0,33,0.0,46.0
2012-09-25,63.0,52,0.0,57.0
2012-09-25,66.0,51,0.0,57.0
2012-09-26,61.0,50,0.0,54.0
2012-09-26,63.0,50,0.0,56.0
2012-09-27,56.0,46,0.0,51.0
2012-09-27,59.0,46,0.0,52.0
2012-09-28,59.0,48,0.0,52.0
2012-09-28,60.0,48,0.0,53.0
2012-09-29,64.0,46,0.0,53.0
2012-09-30,58.0,46,0.0,51.0
2012-09-30,60.0,46,0.0,52.0
2012-10-01,57.0,46,0.0,52.0
2012-10-01,58.0,45,0.0,52.0
2012-10-02,61.0,50,0.0,55.0
2012-10-02,64.0,49,0.0,56.0
2012-10-03,61.0,59,0.26,60.0
2012-10-03,65.0,57,0.03,60.0
2012-10-04,63.0,52,0.12,56.0
2012-10-04,66.0,51,0.1,56.0
2012-10-05,45.0,31,0.0,40.0
2012-10-05,47.0,31,0.0,40.0
2012-10-06,42.0,28,0.0,37.0
2012-10-06,43.0,27,0.0,37.0
2012-10-07,44.0,24,0.0,36.0
2012-10-07,45.0,24,0.0,36.0
2012-10-08,46.0,29,0.0,40.0
2012-10-08,48.0,27,0.0,40.0
2012-10-09,54.0,38,0.17,45.0
2012-10-09,55.0,36,0.18,45.0
2012-10-10,43.0,31,0.0,38.0
2012-10-10,45.0,30,0.0,39.0
2012-10-11,51.0,35,0.02,44.0
2012-10-11,53.0,33,0.0,44.0
2012-10-12,45.0,32,0.0,40.0
2012-10-12,47.0,30,0.0,40.0
2012-10-13,56.0,52,0.21,54.0
2012-10-13,58.0,50,0.48,54.0
2012-10-14,60.0,55,0.77,57.0
2012-10-14,61.0,54,0.54,57.0
2012-10-15,51.0,41,0.0,46.0
2012-10-15,53.0,40,0.0,46.0
2012-10-16,55.0,45,0.0,51.0
2012-10-16,57.0,43,0.0,51.0
2012-10-17,61.0,52,0.51,56.0
2012-10-17,62.0,51,0.43,55.0
2012-10-18,50.0,41,0.07,45.0
2012-10-18,50.0,40,0.13,45.0
2012-10-19,48.0,43,0.02,45.0
2012-10-19,49.0,42,0.15,45.0
2012-10-20,49.0,40,0.0,44.0
2012-10-20,50.0,40,0.0,44.0
2012-10-21,53.0,45,0.0,49.0
2012-10-21,56.0,44,0.0,50.0
2012-10-22,57.0,56,0.81,57.0
2012-10-22,62.0,55,0.28,58.0
2012-10-23,64.0,60,0.06,61.0
2012-10-23,64.0,59,0.03,61.0
2012-10-24,68.0,62,0.0,65.0
2012-10-24,70.0,60,0.0,64.0
2012-10-25,60.0,56,0.13,59.0
2012-10-25,61.0,55,0.45,59.0
2012-10-26,44.0,30,0.0,39.0
2012-10-26,45.0,30,0.0,39.0
2012-10-27,41.0,27,0.0,36.0
2012-10-27,42.0,28,0.0,37.0
2012-10-28,44.0,30,0.0,38.0
2012-10-28,45.0,31,0.0,39.0
2012-10-29,44.0,30,0.0,38.0
2012-10-29,45.0,30,0.0,38.0
2012-10-30,44.0,26,0.0,36.0
2012-10-30,44.0,26,0.0,37.0
2012-10-31,42.0,26,0.0,35.0
2013-05-01,70.0,54,0.0,62.0
2013-05-01,74.0,52,0.0,62.0
2013-05-02,49.0,41,0.11,45.0
2013-05-02,56.5,39,0.0,45.0
2013-05-03,44.0,42,0.05,43.0
2013-05-03,45.0,41,0.02,44.0
2013-05-04,60.0,45,0.02,51.0
2013-05-04,61.0,44,0.0,51.0
2013-05-05,59.0,43,0.0,50.0
2013-05-05,60.0,41,0.0,50.0
2013-05-06,61.0,39,0.0,49.0
2013-05-06,61.0,37,0.0,49.0
2013-05-07,62.0,41,0.0,52.0
2013-05-07,63.0,39,0.0,51.0
2013-05-08,64.0,43,0.0,54.0
2013-05-08,62.0,42,0.0,53.0
2013-05-09,61.0,50,0.32,54.0
2013-05-09,63.0,49,0.63,56.0
2013-05-10,46.0,43,0.13,45.0
2013-05-10,47.0,41,0.04,44.0
2013-05-11,52.0,37,0.0,45.0
2013-05-11,53.0,36,0.0,45.0
2013-05-12,46.0,29,0.0,39.0
2013-05-12,47.0,28,0.0,39.0
2013-05-13,50.0,32,0.0,43.0
2013-05-13,50.0,31,0.0,43.0
2013-05-14,71.0,49,0.0,59.0
2013-05-14,74.0,47,0.0,58.0
2013-05-15,72.0,49,0.0,59.0
2013-05-15,73.0,47,0.0,58.0
2013-05-16,68.0,46,0.0,56.0
2013-05-16,69.0,44,0.0,56.0
2013-05-17,63.0,46,0.0,53.0
2013-05-17,66.0,47,0.0,55.0
2013-05-18,68.0,56,0.0,61.0
2013-05-18,69.0,55,0.0,61.0
2013-05-19,72.0,61,0.0,66.0
2013-05-19,75.0,60,0.0,66.0
2013-05-20,77.0,60,1.09,67.0
2013-05-20,79.0,59,1.25,67.0
2013-05-21,73.0,63,0.56,66.0
2013-05-21,74.0,62,0.2,66.0
2013-05-22,63.0,60,1.35,63.0
2013-05-22,65.0,59,0.65,62.0
2013-05-23,48.0,43,0.06,46.0
2013-05-23,50.0,40,0.12,45.0
2013-05-24,49.0,34,0.0,42.0
2013-05-24,50.0,33,0.0,42.0
2013-05-25,51.0,37,0.0,44.0
2013-05-25,52.0,36,0.0,44.0
2013-05-26,56.0,44,0.02,50.0
2013-05-26,57.0,43,0.0,50.0
2013-05-27,58.0,53,0.23,55.0
2013-05-27,61.0,54,0.19,57.0
2013-05-28,66.0,64,0.2,66.0
2013-05-28,68.0,63,2.2,65.0
2013-05-29,74.0,64,0.01,67.0
2013-05-29,75.0,62,0.02,67.0
2013-05-30,74.0,66,0.51,69.0
2013-05-30,75.0,64,0.09,68.0
2013-05-31,71.0,65,0.3,67.0
2013-05-31,72.0,64,0.23,67.0
2013-06-01,70.0,62,0.56,64.0
2013-06-01,70.0,61,0.44,64.0
2013-06-02,53.0,50,0.01,51.0
2013-06-02,55.0,48,0.01,51.0
2013-06-03,56.0,43,0.0,50.0
2013-06-03,56.0,40,0.0,49.0
2013-06-04,61.0,45,0.0,52.0
2013-06-04,61.0,44,0.0,52.0
2013-06-05,64.0,49,0.01,54.0
2013-06-05,66.0,46,0.0,55.0
2013-06-06,58.0,50,0.15,53.0
2013-06-06,60.0,48,0.06,53.0
2013-06-07,60.0,45,0.0,52.0
2013-06-07,61.0,44,0.0,52.0
2013-06-08,62.0,43,0.0,53.0
2013-06-08,62.0,42,0.0,53.0
2013-06-09,68.0,55,0.01,61.0
2013-06-09,71.0,53,0.01,61.0
2013-06-10,68.0,63,0.26,65.0
2013-06-10,68.0,61,0.85,64.0
2013-06-11,72.0,62,0.0,67.0
2013-06-11,72.0,61,0.24,66.0
2013-06-12,75.0,64,0.75,67.0
2013-06-12,76.0,64,0.25,67.0
2013-06-13,66.0,54,0.0,59.0
2013-06-13,66.0,53,0.0,59.0
2013-06-14,67.0,51,0.0,57.0
2013-06-14,67.0,50,0.0,57.0
2013-06-15,69.0,62,0.17,65.0
2013-06-15,71.0,60,0.12,64.0
2013-06-16,78.0,62,0.0,67.0
2013-06-16,76.0,62,0.0,67.0
2013-06-17,74.0,55,0.03,63.0
2013-06-17,75.0,56,0.1,64.0
2013-06-18,64.0,52,0.0,56.0
2013-06-18,64.0,52,0.01,57.0
2013-06-19,64.0,46,0.0,55.0
2013-06-19,66.0,46,0.0,56.0
2013-06-20,71.0,58,0.0,64.0
2013-06-20,74.0,57,0.0,64.0
2013-06-21,75.0,65,0.79,68.0
2013-06-21,78.0,63,0.11,67.0
2013-06-22,74.0,67,0.04,69.0
2013-06-22,77.0,65,0.0,69.0
2013-06-23,77.0,68,0.84,71.0
2013-06-23,79.0,66,0.0,70.0
2013-06-24,78.0,67,0.18,69.0
2013-06-24,77.0,65,0.14,69.0
2013-06-25,76.0,69,0.03,71.0
2013-06-25,79.0,67,0.0,71.0
2013-06-26,73.0,67,1.48,68.0
2013-06-26,75.0,65,0.19,68.0
2013-06-27,77.0,67,0.92,70.0
2013-06-27,79.0,65,0.59,69.0
2013-06-28,75.0,61,0.0,66.0
2013-06-28,76.0,60,0.16,65.0
2013-06-29,68.0,59,0.0,62.0
2013-06-30,70.0,52,0.0,59.0
2013-06-30,70.0,52,0.0,60.0
2013-07-01,67.0,51,0.0,58.0
2013-07-01,68.0,50,0.0,58.0
2013-07-02,64.0,52,0.0,57.0
2013-07-02,65.0,53,0.0,58.0
2013-07-03,66.0,60,0.02,62.0
2013-07-03,68.0,60,0.07,62.0
2013-07-04,70.0,61,0.0,64.0
2013-07-04,72.0,59,0.0,65.0
2013-07-05,73.0,61,0.0,66.0
2013-07-05,75.0,60,0.0,66.0
2013-07-06,74.0,65,0.0,68.0
2013-07-06,77.0,63,0.0,68.0
2013-07-07,79.0,67,0.0,71.0
2013-07-07,80.0,66,0.0,71.0
2013-07-08,78.0,71,0.5,74.0
2013-07-08,79.0,70,0.84,72.0
2013-07-09,79.0,74,0.0,75.0
2013-07-09,80.0,72,0.01,75.0
2013-07-10,76.0,65,0.0,70.0
2013-07-10,77.0,65,0.0,69.0
2013-07-11,73.0,54,0.0,62.0
2013-07-11,72.0,52,0.0,61.0
2013-07-12,71.0,53,0.0,61.0
2013-07-12,71.0,54,0.0,62.0
2013-07-13,73.0,59,0.0,65.0
2013-07-13,75.0,58,0.0,65.0
2013-07-14,80.0,66,0.0,71.0
2013-07-14,81.0,66,0.0,70.0
2013-07-15,80.0,71,0.09,74.0
2013-07-15,83.0,71,0.02,74.0
2013-07-16,83.0,72,0.0,75.0
2013-07-16,85.0,70,0.01,75.0
2013-07-17,85.0,72,0.0,76.0
2013-07-17,86.0,70,0.0,75.0
2013-07-18,86.0,72,0.0,76.0
2013-07-18,88.0,71,0.0,76.0
2013-07-19,84.0,70,0.58,75.0
2013-07-19,86.0,69,0.0,75.0
2013-07-20,80.0,64,0.06,69.0
2013-07-20,80.0,63,0.01,69.0
2013-07-21,78.0,65,0.01,69.0
2013-07-21,81.0,63,0.0,69.0
2013-07-22,79.0,66,0.0,71.0
2013-07-22,81.0,64,0.0,70.0
2013-07-23,71.0,60,0.03,64.0
2013-07-23,73.0,58,0.0,64.0
2013-07-24,66.0,51,0.0,58.0
2013-07-24,68.0,48,0.0,57.0
2013-07-25,69.0,54,0.0,61.0
2013-07-25,70.0,52,0.0,60.0
2013-07-26,66.0,61,0.39,63.0
2013-07-26,70.0,58,0.01,62.0
2013-07-27,60.0,51,0.0,56.0
2013-07-27,63.0,49,0.0,55.0
2013-07-28,62.0,50,0.0,55.0
2013-07-28,63.0,47,0.0,54.0
2013-07-29,67.0,55,0.0,59.0
2013-07-29,67.0,53,0.0,59.0
2013-07-30,66.0,59,0.04,62.0
2013-07-30,68.0,56,0.0,61.0
2013-07-31,69.0,64,0.5,65.0
2013-07-31,70.0,63,0.18,65.0
2013-08-01,71.0,57,0.0,62.0
2013-08-01,72.0,54,0.0,62.0
2013-08-02,73.0,63,0.63,67.0
2013-08-02,76.0,62,0.41,66.0
2013-08-03,73.0,55,0.0,62.0
2013-08-03,73.0,54,0.0,62.0
2013-08-04,68.0,56,0.0,61.0
2013-08-04,67.0,55,0.0,61.0
2013-08-05,67.0,59,0.07,62.0
2013-08-05,70.0,56,0.02,61.0
2013-08-06,75.0,68,0.04,70.0
2013-08-06,77.0,65,0.0,69.0
2013-08-07,78.0,68,0.0,71.0
2013-08-07,81.0,67,0.01,71.0
2013-08-08,72.0,56,0.0,62.0
2013-08-08,74.0,55,0.0,62.0
2013-08-09,71.0,60,0.0,65.0
2013-08-09,73.0,58,0.0,65.0
2013-08-10,73.0,57,0.0,61.0
2013-08-10,75.0,55,0.0,63.0
2013-08-11,71.0,61,0.01,61.0
2013-08-11,74.0,57,0.0,64.0
2013-08-12,75.0,65,0.27,68.0
2013-08-12,77.0,63,0.66,61.0
2013-08-13,64.0,52,0.0,58.0
2013-08-13,67.0,50,0.0,57.0
2013-08-14,64.0,50,0.0,56.0
2013-08-14,65.0,49,0.0,56.0
2013-08-15,65.0,53,0.0,58.0
2013-08-15,66.0,50,0.0,58.0
2013-08-16,69.0,52,0.0,60.0
2013-08-16,70.0,51,0.0,60.0
2013-08-17,69.0,56,0.0,62.0
2013-08-17,70.0,55,0.0,62.0
2013-08-18,70.0,57,0.0,63.0
2013-08-18,72.0,57,0.0,64.0
2013-08-19,71.0,60,0.0,65.0
2013-08-19,75.0,58,0.0,65.0
2013-08-20,77.0,62,0.0,68.0
2013-08-20,78.0,61,0.0,67.0
2013-08-21,79.0,65,0.01,70.0
2013-08-21,81.0,64,0.05,70.0
2013-08-22,73.0,67,0.23,69.0
2013-08-22,73.0,66,0.36,68.0
2013-08-23,72.0,55,0.0,63.0
2013-08-23,73.0,55,0.0,63.0
2013-08-24,73.0,59,0.0,65.0
2013-08-24,75.0,56,0.0,64.0
2013-08-25,77.0,62,0.0,68.0
2013-08-25,79.0,60,0.0,67.0
2013-08-26,81.0,68,0.0,72.0
2013-08-26,81.0,66,0.0,71.0
2013-08-27,87.0,70,0.0,75.0
2013-08-27,87.0,68,0.0,74.0
2013-08-28,77.0,69,0.0,72.0
2013-08-28,77.0,67,0.0,71.0
2013-08-29,78.0,64,0.0,69.0
2013-08-29,78.0,65,0.0,69.0
2013-08-30,82.0,68,0.36,72.0
2013-08-30,83.0,67,0.47,71.0
2013-08-31,75.0,67,0.07,69.0
2013-08-31,74.0,66,0.96,68.0
2013-09-01,75.0,67,0.14,70.0
2013-09-01,76.0,66,0.02,69.0
2013-09-02,70.0,61,0.0,64.0
2013-09-02,70.0,60,0.0,64.0
2013-09-03,67.0,54,0.0,59.0
2013-09-03,67.0,54,0.0,60.0
2013-09-04,72.0,57,0.0,63.0
2013-09-04,72.0,55,0.0,62.0
2013-09-05,67.0,54,0.0,60.0
2013-09-05,70.0,53,0.0,60.0
2013-09-06,72.0,58,0.0,64.0
2013-09-06,74.0,55,0.0,63.0
2013-09-07,77.0,62,0.01,68.0
2013-09-07,78.0,61,0.0,67.0
2013-09-08,74.0,66,0.0,69.0
2013-09-08,75.0,65,0.0,68.0
2013-09-09,81.0,70,0.0,74.0
2013-09-09,82.0,68,0.0,73.0
2013-09-10,86.0,64,0.0,71.0
2013-09-10,87.0,63,0.0,71.0
2013-09-11,83.0,66,0.0,71.0
2013-09-11,84.0,66,0.0,71.0
2013-09-12,72.0,59,0.0,64.0
2013-09-12,73.0,58,0.06,64.0
2013-09-13,60.0,45,0.0,52.0
2013-09-13,61.0,45,0.0,53.0
2013-09-14,60.0,43,0.0,52.0
2013-09-14,62.0,41,0.0,52.0
2013-09-15,59.0,52,0.65,55.0
2013-09-15,60.0,51,0.24,55.0
2013-09-16,58.0,47,0.0,52.0
2013-09-16,60.0,47,0.0,53.0
2013-09-17,60.0,51,0.0,56.0
2013-09-17,62.0,49,0.0,55.0
2013-09-18,71.0,60,0.55,64.0
2013-09-18,72.0,58,0.51,62.0
2013-09-19,77.0,68,0.84,70.0
2013-09-19,77.0,66,0.0,69.0
2013-09-20,67.0,60,0.0,63.0
2013-09-20,68.0,59,0.02,63.0
2013-09-21,60.0,48,0.0,53.0
2013-09-21,59.0,46,0.0,53.0
2013-09-22,58.0,47,0.0,52.0
2013-09-22,58.0,45,0.0,51.0
2013-09-23,57.0,48,0.0,53.0
2013-09-23,59.0,45,0.0,52.0
2013-09-24,60.0,49,0.0,54.0
2013-09-24,71.5,48,0.0,54.0
2013-09-25,61.0,52,0.0,56.0
2013-09-25,64.0,51,0.0,56.0
2013-09-26,63.0,52,0.0,58.0
2013-09-26,65.0,52,0.0,58.0
2013-09-27,67.0,51,0.0,57.0
2013-09-27,69.0,48,0.0,57.0
2013-09-28,70.0,56,0.2,62.0
2013-09-28,72.0,54,0.02,61.0
2013-09-29,60.0,49,0.18,54.0
2013-09-29,68.5,48,0.22,54.0
2013-09-30,61.0,49,0.0,55.0
2013-09-30,63.0,47,0.0,55.0
2013-10-01,71.0,62,0.0,65.0
2013-10-01,71.0,61,0.0,64.0
2013-10-02,69.0,50,0.0,59.0
2013-10-02,71.0,50,0.0,59.0
2013-10-03,69.0,65,0.12,67.0
2013-10-03,71.0,65,0.8,67.0
2013-10-04,70.0,65,0.0,66.0
2013-10-04,71.0,64,0.0,66.0
2013-10-05,71.0,66,0.82,68.0
2013-10-05,73.0,66,0.68,68.0
2013-10-06,55.0,44,0.09,49.0
2013-10-06,62.0,44,0.06,50.0
2013-10-07,57.0,45,0.0,50.0
2013-10-07,56.0,44,0.0,50.0
2013-10-08,59.0,48,0.0,53.0
2013-10-08,63.0,46,0.0,53.0
2013-10-09,60.0,47,0.0,53.0
2013-10-09,61.0,47,0.0,53.0
2013-10-10,60.0,50,0.0,55.0
2013-10-10,63.0,49,0.0,55.0
2013-10-11,64.0,51,0.0,56.0
2013-10-11,67.0,48,0.0,56.0
2013-10-12,60.0,54,0.12,57.0
2013-10-12,63.0,52,0.01,57.0
2013-10-13,54.0,41,0.0,48.0
2013-10-13,56.0,40,0.0,48.0
2013-10-14,52.0,44,0.0,49.0
2013-10-14,54.0,43,0.0,49.0
2013-10-15,57.0,51,0.07,54.0
2013-10-15,58.0,50,0.09,54.0
2013-10-16,51.0,45,0.0,48.0
2013-10-16,51.0,43,0.0,47.0
2013-10-17,47.0,44,0.29,46.0
2013-10-17,49.0,43,0.17,47.0
2013-10-18,45.0,40,0.0,43.0
2013-10-18,46.0,39,0.0,43.0
2013-10-19,48.0,37,0.01,42.0
2013-10-19,49.0,36,0.01,43.0
2013-10-20,49.0,42,0.01,46.0
2013-10-20,53.0,41,0.02,47.0
2013-10-21,44.0,31,0.0,38.0
2013-10-21,46.0,32,0.03,40.0
2013-10-22,36.0,31,0.0,34.0
2013-10-22,36.0,31,0.03,35.0
2013-10-23,39.0,27,0.0,34.0
2013-10-24,38.0,25,0.0,33.0
2013-10-24,39.0,25,0.0,34.0
2013-10-25,40.0,26,0.0,35.0
2013-10-25,40.0,26,0.0,36.0
2013-10-26,46.0,29,0.0,39.0
2013-10-26,47.0,29,0.0,39.0
2013-10-27,42.0,29,0.0,37.0
2013-10-27,44.0,29,0.0,38.0
2013-10-28,44.0,37,0.0,41.0
2013-10-28,45.0,38,0.0,42.0
2013-10-29,50.0,40,0.0,45.0
2013-10-29,50.0,39,0.0,45.0
2013-10-30,53.0,52,0.55,53.0
2013-10-30,56.0,52,1.16,53.0
2013-10-31,55.0,56,1.04,57.0
2013-10-31,56.0,56,2.03,57.0
2014-05-01,46.0,38,0.09,42.0
2014-05-01,47.0,42,0.09,44.0
2014-05-02,50.0,39,0.0,45.0
2014-05-02,63.5,43,0.04,47.0
2014-05-03,57.0,37,0.0,48.0
2014-05-03,59.0,39,0.0,49.0
2014-05-04,51.0,29,0.0,41.0
2014-05-04,54.0,31,0.0,43.0
2014-05-05,49.0,34,0.05,42.0
2014-05-05,52.0,36,0.01,44.0
2014-05-06,52.0,34,0.0,45.0
2014-05-06,54.0,38,0.0,47.0
2014-05-07,63.0,42,0.0,50.0
2014-05-07,66.0,47,0.0,55.0
2014-05-08,70.0,55,0.1,63.0
2014-05-08,81.0,58,0.0,66.0
2014-05-09,64.0,52,1.03,58.0
2014-05-09,67.0,56,1.43,61.0
2014-05-10,62.0,42,0.0,52.0
2014-05-10,65.0,44,0.0,54.0
2014-05-11,67.0,53,0.12,59.0
2014-05-11,74.0,55,0.41,61.0
2014-05-12,74.0,64,2.09,67.0
2014-05-12,76.0,67,0.03,70.0
2014-05-13,60.0,53,0.12,56.0
2014-05-13,62.0,55,0.14,58.0
2014-05-14,50.0,39,0.02,46.0
2014-05-14,51.0,41,0.06,48.0
2014-05-15,48.0,35,0.19,41.0
2014-05-15,50.0,38,0.26,43.0
2014-05-16,42.0,34,0.1,38.0
2014-05-16,43.0,37,0.08,40.0
2014-05-17,50.0,33,0.0,42.0
2014-05-17,51.0,34,0.0,44.0
2014-05-18,58.0,37,0.0,48.0
2014-05-18,59.0,38,0.0,49.0
2014-05-19,57.0,40,0.0,50.0
2014-05-19,62.0,40,0.0,52.0
2014-05-20,74.0,58,0.82,63.0
2014-05-20,75.0,60,0.64,65.0
2014-05-21,75.0,55,0.01,63.0
2014-05-21,79.0,58,0.01,66.0
2014-05-22,62.0,47,0.0,54.0
2014-05-22,62.0,50,0.0,56.0
2014-05-23,59.0,43,0.0,51.0
2014-05-23,60.0,46,0.0,52.0
2014-05-24,61.0,42,0.0,52.0
2014-05-24,62.0,45,0.0,53.0
2014-05-25,67.0,46,0.0,56.0
2014-05-25,70.0,49,0.0,58.0
2014-05-26,74.0,59,0.0,65.0
2014-05-26,79.0,62,0.08,67.0
2014-05-27,72.0,61,0.21,65.0
2014-05-27,73.0,65,0.5,68.0
2014-05-28,64.0,49,0.03,55.0
2014-05-28,66.0,54,0.68,59.0
2014-05-29,65.0,51,0.0,57.0
2014-05-29,67.0,55,0.0,59.0
2014-05-30,66.0,49,0.0,57.0
2014-05-30,68.0,53,0.0,59.0
2014-05-31,71.0,50,0.0,59.0
2014-05-31,75.0,53,0.0,62.0
2014-06-01,77.0,59,0.0,66.0
2014-06-01,81.0,60,0.0,68.0
2014-06-02,76.0,62,0.14,67.0
2014-06-02,77.0,65,0.2,70.0
2014-06-03,74.0,50,0.0,60.0
2014-06-03,76.0,53,0.0,62.0
2014-06-04,63.0,53,0.19,57.0
2014-06-04,65.0,56,0.12,59.0
2014-06-05,64.0,42,0.0,53.0
2014-06-05,66.0,44,0.0,55.0
2014-06-06,65.0,40,0.0,54.0
2014-06-06,68.0,42,0.0,55.0
2014-06-07,71.0,50,0.08,59.0
2014-06-07,74.0,51,0.12,60.0
2014-06-08,63.0,44,0.23,53.0
2014-06-08,63.0,48,0.21,55.0
2014-06-09,67.0,48,0.0,55.0
2014-06-09,68.0,52,0.0,58.0
2014-06-10,61.0,51,1.26,55.0
2014-06-10,65.0,56,0.45,59.0
2014-06-11,62.0,55,0.52,58.0
2014-06-11,66.0,60,0.03,62.0
2014-06-12,69.0,56,0.0,62.0
2014-06-12,73.0,59,0.01,64.0
2014-06-13,65.0,41,0.0,52.0
2014-06-13,66.0,45,0.0,55.0
2014-06-14,66.0,43,0.0,55.0
2014-06-14,69.0,43,0.0,56.0
2014-06-15,72.0,55,0.0,63.0
2014-06-15,75.0,58,0.0,65.0
2014-06-16,78.0,61,0.0,67.0
2014-06-16,80.0,64,0.0,70.0
2014-06-17,84.0,64,0.0,70.0
2014-06-17,86.0,68,0.0,74.0
2014-06-18,72.0,63,0.65,66.0
2014-06-18,74.0,67,0.8,70.0
2014-06-19,69.0,61,0.32,64.0
2014-06-19,71.0,66,0.39,68.0
2014-06-20,74.0,63,0.01,67.0
2014-06-20,76.0,67,0.03,70.0
2014-06-21,72.0,62,1.28,65.0
2014-06-21,74.0,65,0.73,67.0
2014-06-22,73.0,61,0.0,64.0
2014-06-22,74.0,64,0.0,67.0
2014-06-23,74.0,65,0.05,68.0
2014-06-23,77.0,69,0.16,71.0
2014-06-24,79.0,65,0.41,69.0
2014-06-24,78.0,70,1.15,72.0
2014-06-25,70.0,58,0.0,61.0
2014-06-25,71.0,63,0.02,65.0
2014-06-26,69.0,57,0.0,61.0
2014-06-26,69.0,60,0.0,63.0
2014-06-27,74.0,62,0.0,67.0
2014-06-27,77.0,65,0.0,70.0
2014-06-28,79.0,67,0.0,70.0
2014-06-28,82.0,70,0.16,73.0
2014-06-29,77.0,67,0.07,71.0
2014-06-29,80.0,70,0.04,73.0
2014-06-30,77.0,67,2.6,70.0
2014-06-30,78.0,71,2.06,73.0
2014-07-01,74.0,60,0.0,65.0
2014-07-01,76.0,64,0.04,68.0
2014-07-02,63.0,53,0.12,57.0
2014-07-02,66.0,56,0.12,60.0
2014-07-03,66.0,48,0.07,56.0
2014-07-03,66.0,51,0.05,58.0
2014-07-04,69.0,48,0.0,57.0
2014-07-04,70.0,50,0.0,59.0
2014-07-05,69.0,54,0.0,60.0
2014-07-05,71.0,55,0.01,62.0
2014-07-06,75.0,63,0.0,68.0
2014-07-06,78.0,66,0.0,70.0
2014-07-07,80.0,63,0.63,69.0
2014-07-07,81.0,66,0.48,71.0
2014-07-08,74.0,59,0.54,65.0
2014-07-08,77.0,62,0.48,68.0
2014-07-09,71.0,54,0.0,61.0
2014-07-09,73.0,58,0.0,64.0
2014-07-10,70.0,53,0.0,60.0
2014-07-10,71.0,56,0.0,62.0
2014-07-11,71.0,54,0.01,61.0
2014-07-11,73.0,54,0.0,63.0
2014-07-12,75.0,66,0.47,69.0
2014-07-12,76.0,69,3.31,72.0
2014-07-13,77.0,61,0.01,67.0
2014-07-13,79.0,65,0.04,69.0
2014-07-14,71.0,54,0.2,61.0
2014-07-14,73.0,57,0.37,63.0
2014-07-15,63.0,50,0.05,56.0
2014-07-15,64.0,53,0.05,58.0
2014-07-16,64.0,47,0.0,55.0
2014-07-16,65.0,50,0.0,57.0
2014-07-17,66.0,50,0.0,57.0
2014-07-17,68.0,53,0.0,60.0
2014-07-18,69.0,53,0.0,60.0
2014-07-18,73.0,55,0.0,62.0
2014-07-19,69.0,52,0.0,60.0
2014-07-19,71.0,56,0.0,63.0
2014-07-20,71.0,56,0.0,63.0
2014-07-20,75.0,59,0.0,65.0
2014-07-21,75.0,61,0.0,66.0
2014-07-21,78.0,63,0.0,69.0
2014-07-22,80.0,67,0.01,71.0
2014-07-22,82.0,70,0.19,74.0
2014-07-23,67.0,51,0.0,58.0
2014-07-23,70.0,56,0.0,61.0
2014-07-24,66.0,47,0.0,56.0
2014-07-24,68.0,52,0.0,59.0
2014-07-25,65.0,54,0.0,60.0
2014-07-25,69.0,57,0.0,62.0
2014-07-26,76.0,63,0.0,67.0
2014-07-26,78.0,67,0.0,70.0
2014-07-27,76.0,59,0.02,66.0
2014-07-27,78.0,62,0.04,68.0
2014-07-28,66.0,48,0.0,56.0
2014-07-28,68.0,50,0.0,58.0
2014-07-29,70.0,53,0.01,60.0
2014-07-29,71.0,55,0.0,62.0
2014-07-30,69.0,54,0.0,60.0
2014-07-30,71.0,58,0.0,62.0
2014-07-31,72.0,55,0.0,62.0
2014-07-31,74.0,59,0.0,65.0
2014-08-01,74.0,56,0.15,63.0
2014-08-01,75.0,60,0.21,65.0
2014-08-02,73.0,53,0.0,61.0
2014-08-02,74.0,56,0.0,63.0
2014-08-03,75.0,58,0.0,65.0
2014-08-03,77.0,62,0.0,67.0
2014-08-04,77.0,60,2.76,65.0
2014-08-04,78.0,64,1.82,69.0
2014-08-05,72.0,62,0.0,65.0
2014-08-05,74.0,66,0.07,69.0
2014-08-06,71.0,54,0.0,61.0
2014-08-06,73.0,57,0.0,64.0
2014-08-07,71.0,56,0.0,63.0
2014-08-07,75.0,61,0.0,66.0
2014-08-08,74.0,57,0.0,64.0
2014-08-08,76.0,60,0.0,66.0
2014-08-09,73.0,57,0.0,63.0
2014-08-09,74.0,59,0.0,65.0
2014-08-10,75.0,59,0.0,65.0
2014-08-10,77.0,62,0.0,67.0
2014-08-11,75.0,63,0.85,67.0
2014-08-11,76.0,67,1.16,69.0
2014-08-12,66.0,55,0.07,59.0
2014-08-12,67.0,59,0.16,62.0
2014-08-13,70.0,55,0.0,61.0
2014-08-13,71.0,59,0.0,63.0
2014-08-14,65.0,48,0.0,56.0
2014-08-14,67.0,50,0.0,58.0
2014-08-15,65.0,50,0.0,58.0
2014-08-15,67.0,51,0.0,59.0
2014-08-16,72.0,61,0.0,65.0
2014-08-16,73.0,64,0.0,67.0
2014-08-17,68.0,61,0.0,63.0
2014-08-17,69.0,64,0.0,66.0
2014-08-18,74.0,62,0.0,66.0
2014-08-18,76.0,66,0.0,69.0
2014-08-19,78.0,65,0.09,69.0
2014-08-19,80.0,68,0.13,71.0
2014-08-20,76.0,63,0.0,68.0
2014-08-20,78.0,67,0.0,71.0
2014-08-21,75.0,68,0.98,70.0
2014-08-21,77.0,72,1.29,73.0
2014-08-22,79.0,70,1.58,73.0
2014-08-22,81.0,73,3.17,75.0
2014-08-23,77.0,69,0.34,71.0
2014-08-23,79.0,72,0.5,74.0
2014-08-24,79.0,69,0.0,72.0
2014-08-24,81.0,73,0.0,75.0
2014-08-25,80.0,68,0.01,71.0
2014-08-25,83.0,72,0.78,74.0
2014-08-26,78.0,65,0.12,69.0
2014-08-26,67.5,68,0.0,71.0
2014-08-27,75.0,60,0.0,65.0
2014-08-27,76.0,63,0.0,67.0
2014-08-28,72.0,57,0.0,63.0
2014-08-28,73.0,61,0.02,66.0
2014-08-29,79.0,67,0.08,70.0
2014-08-29,81.0,69,0.0,72.0
2014-08-30,77.0,65,0.27,69.0
2014-08-30,80.0,69,0.0,72.0
2014-08-31,77.0,65,0.0,69.0
2014-08-31,79.0,69,0.0,72.0
2014-09-01,77.0,65,0.36,69.0
2014-09-01,80.0,69,0.0,72.0
2014-09-02,75.0,60,0.01,65.0
2014-09-02,77.0,62,0.0,67.0
2014-09-03,72.0,59,0.0,65.0
2014-09-03,76.0,63,0.0,68.0
2014-09-04,78.0,66,0.26,70.0
2014-09-04,80.0,69,0.22,72.0
2014-09-05,76.0,65,0.5,69.0
2014-09-05,78.0,69,0.43,72.0
2014-09-06,68.0,51,0.0,58.0
2014-09-06,69.0,54,0.0,60.0
2014-09-07,67.0,49,0.0,57.0
2014-09-07,69.0,53,0.0,60.0
2014-09-08,66.0,52,0.0,59.0
2014-09-08,70.0,54,0.0,61.0
2014-09-09,71.0,59,0.01,64.0
2014-09-09,74.0,62,0.01,66.0
2014-09-10,68.0,61,1.31,64.0
2014-09-10,70.0,64,1.61,67.0
2014-09-11,53.0,42,0.0,47.0
2014-09-11,55.0,45,0.0,50.0
2014-09-12,50.0,43,0.13,46.0
2014-09-12,52.0,48,0.1,50.0
2014-09-13,50.0,40,0.0,44.0
2014-09-13,51.0,42,0.01,47.0
2014-09-14,54.0,43,0.0,49.0
2014-09-14,57.0,44,0.0,51.0
2014-09-15,57.0,48,0.0,52.0
2014-09-15,58.0,50,0.0,54.0
2014-09-16,56.0,43,0.0,50.0
2014-09-16,58.0,46,0.0,52.0
2014-09-17,59.0,45,0.0,52.0
2014-09-17,61.0,48,0.0,54.0
2014-09-18,62.0,52,0.0,56.0
2014-09-18,63.0,54,0.0,57.0
2014-09-19,66.0,48,0.0,56.0
2014-09-19,67.0,49,0.0,57.0
2014-09-20,70.0,61,0.12,64.0
2014-09-20,72.0,62,0.12,65.0
2014-09-21,60.0,50,0.0,55.0
2014-09-21,61.0,51,0.0,56.0
2014-09-22,57.0,43,0.0,49.0
2014-09-22,59.0,45,0.0,52.0
2014-09-23,63.0,46,0.0,53.0
2014-09-23,63.0,48,0.0,55.0
2014-09-24,66.0,49,0.0,56.0
2014-09-24,66.0,50,0.0,57.0
2014-09-25,65.0,52,0.0,58.0
2014-09-25,68.0,54,0.0,59.0
2014-09-26,65.0,53,0.0,58.0
2014-09-26,70.0,55,0.0,61.0
2014-09-27,67.0,54,0.0,59.0
2014-09-27,70.0,57,0.0,62.0
2014-09-28,66.0,55,0.0,59.0
2014-09-28,69.0,57,0.0,62.0
2014-09-29,68.0,54,0.01,58.0
2014-09-29,71.0,57,0.0,61.0
2014-09-30,53.0,47,0.0,50.0
2014-09-30,56.0,49,0.0,52.0
2014-10-01,60.0,50,0.0,55.0
2014-10-01,63.0,51,0.0,57.0
2014-10-02,68.0,61,0.32,63.0
2014-10-02,71.0,63,0.72,65.0
2014-10-03,54.0,45,0.68,49.0
2014-10-03,57.0,47,1.05,52.0
2014-10-04,41.0,34,0.06,39.0
2014-10-04,43.0,35,0.05,41.0
2014-10-05,46.0,35,0.01,42.0
2014-10-05,49.0,36,0.0,44.0
2014-10-06,52.0,38,0.01,45.0
2014-10-06,56.0,40,0.01,47.0
2014-10-07,57.0,43,0.0,50.0
2014-10-07,59.0,45,0.0,51.0
2014-10-08,55.0,35,0.0,46.0
2014-10-08,58.0,36,0.0,48.0
2014-10-09,53.0,34,0.0,44.0
2014-10-09,57.0,36,0.0,46.0
2014-10-10,49.0,39,0.0,44.0
2014-10-10,52.0,40,0.0,46.0
2014-10-11,48.0,34,0.0,42.0
2014-10-11,50.0,36,0.0,44.0
2014-10-12,51.0,42,0.01,47.0
2014-10-12,55.0,44,0.01,50.0
2014-10-13,62.0,58,0.64,60.0
2014-10-13,65.0,61,0.44,62.0
2014-10-14,59.0,57,0.65,58.0
2014-10-14,61.0,59,1.18,60.0
2014-10-15,53.0,51,0.05,51.0
2014-10-15,56.0,53,0.07,54.0
2014-10-16,53.0,49,0.0,51.0
2014-10-16,56.0,52,0.0,53.0
2014-10-17,55.0,46,0.0,50.0
2014-10-17,56.0,48,0.01,52.0
2014-10-18,43.0,38,0.01,42.0
2014-10-18,46.0,40,0.02,44.0
2014-10-19,44.0,38,0.0,43.0
2014-10-19,47.0,40,0.0,44.0
2014-10-20,56.0,44,0.01,49.0
2014-10-20,58.0,46,0.0,51.0
2014-10-21,49.0,39,0.0,44.0
2014-10-21,52.0,41,0.0,46.0
2014-10-22,46.0,38,0.0,43.0
2014-10-22,50.0,38,0.0,44.0
2014-10-23,48.0,40,0.0,45.0
2014-10-23,52.0,41,0.0,47.0
2014-10-24,60.0,46,0.0,52.0
2014-10-24,61.0,48,0.0,53.0
2014-10-25,61.0,40,0.0,51.0
2014-10-25,64.0,41,0.0,52.0
2014-10-26,53.0,32,0.0,44.0
2014-10-26,55.0,33,0.0,45.0
2014-10-27,64.0,51,0.0,58.0
2014-10-27,67.0,52,0.02,59.0
2014-10-28,57.0,38,0.0,47.0
2014-10-28,57.0,40,0.03,48.0
2014-10-29,43.0,32,0.0,40.0
2014-10-29,45.0,34,0.0,42.0
2014-10-30,42.0,34,0.0,40.0
2014-10-30,45.0,35,0.0,42.0
2014-10-31,40.0,25,0.03,33.0
2014-10-31,42.0,29,0.04,36.0
