date,compound,neg,neu,pos
2014-11-12,0.0,0.0,1.0,0.0
2014-11-17,0.0,0.0,1.0,0.0
2014-11-19,0.0,0.0,1.0,0.0
2014-11-20,0.5267,0.0,0.541,0.459
2014-11-24,0.0,0.0,1.0,0.0
2014-11-25,0.2023,0.0,0.69,0.31
2014-11-27,0.0,0.0,1.0,0.0
2014-12-01,0.0,0.0,1.0,0.0
2014-12-02,-0.1909,0.1875,0.8125,0.0
2014-12-05,0.0,0.0,1.0,0.0
2014-12-10,0.0,0.0,1.0,0.0
2014-12-15,0.3612,0.0,0.667,0.333
2014-12-16,0.3252,0.0,0.75,0.25
2014-12-19,0.0,0.0,1.0,0.0
2014-12-23,0.0,0.0,1.0,0.0
2014-12-30,0.4588,0.0,0.727,0.273
2014-12-31,0.28459999999999996,0.0925,0.597,0.3105
2015-01-03,0.5046,0.0,0.786,0.214
2015-01-05,0.0,0.0,1.0,0.0
2015-01-06,0.0,0.0,1.0,0.0
2015-01-07,0.0,0.0,1.0,0.0
2015-01-08,0.0,0.0,1.0,0.0
2015-01-12,0.7096,0.0,0.465,0.535
2015-01-13,0.11099999999999999,0.15,0.586,0.264
2015-01-14,0.128,0.0,0.824,0.176
2015-01-15,-0.4588,0.3,0.7,0.0
2015-01-22,-0.1027,0.149,0.851,0.0
2015-01-26,0.0,0.0,1.0,0.0
2015-01-27,0.07277999999999998,0.081,0.7552,0.1638
2015-01-28,0.042850000000000055,0.1635,0.609,0.2275
2015-01-29,0.5719,0.0,0.598,0.402
2015-02-02,-0.04400000000000001,0.1925,0.692,0.1155
2015-02-04,0.4588,0.0,0.727,0.273
2015-02-07,-0.5267,0.298,0.702,0.0
2015-02-10,-0.1027,0.149,0.851,0.0
2015-02-11,0.296,0.0,0.761,0.239
2015-02-13,-0.03423333333333333,0.041,0.959,0.0
2015-02-17,0.0,0.0,1.0,0.0
2015-02-19,0.0,0.0,1.0,0.0
2015-02-23,0.31845,0.0,0.768,0.232
2015-02-25,-0.1027,0.167,0.833,0.0
2015-02-26,0.1531,0.0,0.814,0.186
2015-02-27,-0.4767,0.383,0.617,0.0
2015-03-01,0.4588,0.0,0.769,0.231
2015-03-03,0.0,0.0,1.0,0.0
2015-03-04,0.0703,0.1115,0.7815000000000001,0.107
2015-03-05,0.0,0.0,1.0,0.0
2015-03-06,0.0,0.0,1.0,0.0
2015-03-09,0.0657,0.052,0.8465,0.10149999999999999
2015-03-10,0.4019,0.0,0.769,0.231
2015-03-11,-0.4588,0.3,0.7,0.0
2015-03-16,0.17804999999999999,0.0565,0.8069999999999999,0.1365
2015-03-20,0.0,0.0,1.0,0.0
2015-03-23,-0.10185,0.269,0.516,0.215
2015-03-24,0.4588,0.0,0.625,0.375
2015-03-26,0.0,0.0,1.0,0.0
2015-03-27,0.7184,0.0,0.5,0.5
2015-03-30,0.5859,0.0,0.703,0.297
2015-04-01,0.0,0.0,1.0,0.0
2015-04-07,0.24240000000000003,0.0695,0.7295,0.2005
2015-04-08,0.0,0.0,1.0,0.0
2015-04-09,0.0,0.0,1.0,0.0
2015-04-10,0.0,0.0,1.0,0.0
2015-04-12,0.5267,0.0,0.773,0.227
2015-04-13,0.23870000000000002,0.104,0.6555,0.2405
2015-04-14,0.15293333333333334,0.0,0.8889999999999999,0.111
2015-04-16,-0.0258,0.139,0.727,0.133
2015-04-17,0.29205,0.0485,0.7989999999999999,0.152
2015-04-22,0.2023,0.0,0.904,0.096
2015-04-23,-0.4019,0.31,0.69,0.0
2015-04-24,0.0,0.0,1.0,0.0
2015-04-26,0.0,0.0,1.0,0.0
2015-04-27,0.07184285714285717,0.03728571428571429,0.8394285714285715,0.12328571428571429
2015-04-28,0.54495,0.03,0.70425,0.2655
2015-04-29,-0.0516,0.207,0.603,0.19
2015-05-01,0.25985,0.0,0.899,0.10099999999999999
2015-05-02,0.5859,0.0,0.725,0.275
2015-05-05,0.5267,0.0,0.773,0.227
2015-05-06,0.0,0.0,1.0,0.0
2015-05-07,-0.2787,0.222,0.7015,0.0765
2015-05-10,0.0,0.0,1.0,0.0
2015-05-11,0.296,0.0,0.82,0.18
2015-05-13,0.17,0.0605,0.8160000000000001,0.1235
2015-05-14,0.5106,0.0,0.645,0.355
2015-05-18,0.2294,0.0,0.85,0.15
2015-05-19,0.2283666666666667,0.04633333333333334,0.7963333333333332,0.15733333333333335
2015-05-21,0.209925,0.037,0.84825,0.11474999999999999
2015-05-22,0.0772,0.0,0.894,0.106
2015-05-25,0.0,0.0,1.0,0.0
2015-05-26,-0.1027,0.053,0.947,0.0
2015-05-27,0.0,0.0,1.0,0.0
2015-06-01,0.0,0.0,1.0,0.0
2015-06-03,0.13703333333333334,0.05566666666666667,0.7903333333333333,0.154
2015-06-04,0.05135,0.0,0.9165,0.0835
2015-06-05,0.0,0.0,1.0,0.0
2015-06-06,0.1531,0.113,0.726,0.161
2015-06-07,-0.1531,0.211,0.789,0.0
2015-06-08,0.2462111111111111,0.06355555555555555,0.794,0.1423333333333333
2015-06-09,-0.0258,0.131,0.743,0.126
2015-06-10,0.0,0.0,1.0,0.0
2015-06-11,0.4019,0.0,0.769,0.231
2015-06-16,0.0,0.0,1.0,0.0
2015-06-22,0.0,0.0,1.0,0.0
2015-06-23,-0.0258,0.124,0.757,0.119
2015-06-24,0.5267,0.0,0.702,0.298
2015-06-30,-0.2294,0.1335,0.8665,0.0
2015-07-01,-0.3182,0.161,0.839,0.0
2015-07-08,0.38875000000000004,0.0,0.8365,0.1635
2015-07-09,-0.2294,0.15,0.85,0.0
2015-07-13,0.28595,0.0,0.73,0.27
2015-07-14,0.3818,0.167,0.476,0.357
2015-07-15,0.6369,0.0,0.588,0.412
2015-07-16,-0.0258,0.118,0.769,0.113
2015-07-20,0.2294,0.0,0.8634999999999999,0.1365
2015-07-21,0.07968333333333334,0.1065,0.7160000000000001,0.1775
2015-07-22,-0.07244999999999999,0.1635,0.6665000000000001,0.17
2015-07-24,0.6369,0.0,0.704,0.296
2015-07-27,0.4019,0.0,0.803,0.197
2015-07-28,0.6808,0.0,0.752,0.248
2015-07-29,-0.0258,0.148,0.71,0.142
2015-07-30,0.0,0.0,1.0,0.0
2015-08-03,0.3753,0.0,0.869,0.131
2015-08-04,-0.7351,0.506,0.361,0.133
2015-08-05,0.3818,0.0,0.729,0.271
2015-08-06,-0.34,0.148,0.76,0.092
2015-08-07,0.21075,0.0,0.8815,0.1185
2015-08-10,0.6123,0.0,0.6513333333333333,0.3486666666666667
2015-08-11,-0.38820000000000005,0.2995,0.6295,0.071
2015-08-12,0.5994,0.058,0.734,0.208
2015-08-13,0.4588,0.0,0.75,0.25
2015-08-14,0.4019,0.0,0.769,0.231
2015-08-18,0.6705,0.0,0.645,0.355
2015-08-19,0.6908,0.0,0.808,0.192
2015-08-20,0.0,0.0,1.0,0.0
2015-08-21,-0.254075,0.33625,0.5864999999999999,0.07725
2015-08-24,-0.1379,0.2705,0.5055,0.224
2015-08-25,0.5106,0.0,0.619,0.381
2015-08-27,0.0,0.0,1.0,0.0
2015-08-28,0.15284999999999999,0.143,0.7204999999999999,0.1365
2015-08-31,0.0,0.0,1.0,0.0
2015-09-01,0.37929999999999997,0.0,0.773,0.227
2015-09-02,0.13396666666666665,0.03766666666666667,0.88,0.082
2015-09-04,0.6486,0.0,0.629,0.371
2015-09-09,0.23963,0.0,0.8747999999999999,0.1252
2015-09-10,0.0,0.0,1.0,0.0
2015-09-11,-0.1027,0.149,0.851,0.0
2015-09-14,0.2294,0.1435,0.58,0.277
2015-09-16,0.8519,0.0,0.462,0.538
2015-09-18,0.5859,0.0,0.612,0.388
2015-09-21,-0.069075,0.127,0.8195,0.0535
2015-09-22,0.2516,0.0,0.8850000000000001,0.11499999999999999
2015-09-23,0.0814,0.098,0.827,0.075
2015-09-24,0.1495,0.0735,0.7975,0.129
2015-09-25,0.4316,0.0,0.8046666666666668,0.19533333333333333
2015-09-28,-0.0627,0.08725,0.86275,0.05
2015-09-29,0.35705,0.0,0.80225,0.19775
2015-09-30,0.0,0.0,1.0,0.0
2015-10-01,0.011671428571428586,0.08771428571428572,0.8071428571428572,0.10514285714285714
2015-10-02,0.3652333333333333,0.0,0.761,0.23900000000000002
2015-10-05,-0.09106666666666667,0.06933333333333333,0.9306666666666666,0.0
2015-10-06,0.6481333333333333,0.0,0.6983333333333334,0.3016666666666667
2015-10-07,-0.06449999999999999,0.14775,0.70425,0.14800000000000002
2015-10-08,0.033966666666666666,0.09300000000000001,0.7953333333333333,0.11166666666666668
2015-10-09,0.1928142857142857,0.083,0.7508571428571429,0.16628571428571431
2015-10-12,0.128,0.152,0.667,0.182
2015-10-13,0.15721666666666667,0.020666666666666667,0.8686666666666666,0.11066666666666668
2015-10-14,-0.45904999999999996,0.23275,0.76725,0.0
2015-10-15,0.10279999999999999,0.08766666666666667,0.7656666666666667,0.14666666666666667
2015-10-16,0.3182,0.0,0.827,0.173
2015-10-19,0.3595,0.109,0.664,0.227
2015-10-20,0.17,0.0,0.927,0.073
2015-10-21,0.17135,0.17,0.5475,0.2825
2015-10-23,0.159225,0.0,0.944,0.056
2015-10-26,0.10618888888888889,0.04566666666666667,0.8855555555555555,0.06866666666666667
2015-10-27,0.10614285714285714,0.016714285714285716,0.9325714285714286,0.05071428571428571
2015-10-28,0.21061249999999998,0.034625,0.833125,0.13237500000000002
2015-11-03,-0.45879999999999993,0.22533333333333336,0.7746666666666667,0.0
2015-11-05,-0.2294,0.1,0.9,0.0
2015-11-06,0.05216666666666666,0.137,0.6763333333333333,0.18666666666666665
2015-11-09,0.22693333333333332,0.0,0.852,0.148
2015-11-10,-0.2050909090909091,0.1767272727272727,0.745909090909091,0.07754545454545456
2015-11-11,0.10606666666666666,0.0,0.895,0.105
2015-11-12,0.37385,0.074,0.711,0.21550000000000002
2015-11-13,-0.0864,0.1455,0.7735,0.0815
2015-11-16,-0.16463333333333333,0.073,0.927,0.0
2015-11-17,-0.0104,0.14825,0.73025,0.12225
2015-11-18,0.4332555555555555,0.0,0.7811111111111111,0.21888888888888888
2015-11-19,0.0,0.0,1.0,0.0
2015-11-20,0.4088,0.0,0.8255,0.1745
2015-11-23,0.3389,0.0615,0.7295,0.20900000000000002
2015-11-24,0.1489,0.14933333333333335,0.6483333333333334,0.20233333333333334
2015-11-25,0.09062857142857142,0.04014285714285715,0.8485714285714286,0.11142857142857143
2015-11-27,0.555,0.0,0.729,0.271
2015-11-30,0.3652333333333333,0.0,0.7793333333333333,0.22066666666666665
2015-12-01,0.5698,0.0,0.5920000000000001,0.40800000000000003
2015-12-03,0.232825,0.0,0.8402499999999999,0.15975
2015-12-04,0.32066666666666666,0.10066666666666667,0.673,0.2265
2015-12-07,0.21545,0.0545,0.7775000000000001,0.168
2015-12-08,0.24444999999999997,0.015833333333333335,0.8381666666666666,0.14616666666666667
2015-12-09,-0.3182,0.187,0.813,0.0
2015-12-10,0.42202,0.0,0.791,0.209
2015-12-11,-0.12457499999999999,0.09875,0.8725,0.02875
2015-12-14,-0.08008999999999998,0.09169999999999999,0.8564,0.0519
2015-12-15,-0.10747999999999999,0.1844,0.7472000000000001,0.06820000000000001
2015-12-16,-0.02003333333333333,0.17900000000000002,0.6596666666666667,0.16166666666666665
2015-12-17,-0.03423333333333334,0.06733333333333334,0.9028333333333333,0.029833333333333333
2015-12-18,0.4588,0.0,0.667,0.333
2015-12-20,0.01949999999999999,0.112,0.77,0.118
2015-12-21,0.1164142857142857,0.057,0.8255714285714285,0.11728571428571428
2015-12-22,0.18076666666666666,0.0,0.9266666666666667,0.07333333333333333
2015-12-23,0.0412,0.10099999999999999,0.8013333333333333,0.09733333333333333
2015-12-24,-0.148,0.108,0.892,0.0
2015-12-28,0.017659999999999988,0.129,0.7545999999999999,0.11640000000000002
2015-12-29,-0.296,0.115,0.885,0.0
2015-12-30,-0.08607142857142856,0.13357142857142856,0.8075714285714285,0.05885714285714285
2015-12-31,-0.401825,0.24975,0.75025,0.0
2016-01-01,-0.5719,0.381,0.619,0.0
2016-01-03,-0.2732,0.296,0.704,0.0
2016-01-04,0.37986666666666663,0.0,0.7280000000000001,0.272
2016-01-05,-0.0067499999999999965,0.1366666666666667,0.757,0.1065
2016-01-06,0.19695,0.079,0.7251666666666666,0.19583333333333333
2016-01-07,-0.08661428571428573,0.154,0.7577142857142858,0.08828571428571429
2016-01-08,-0.11783999999999999,0.10900000000000001,0.8559999999999999,0.034999999999999996
2016-01-10,0.34,0.0,0.745,0.255
2016-01-11,0.1589,0.09733333333333333,0.7486666666666667,0.15366666666666665
2016-01-12,0.25551666666666667,0.057,0.7526666666666667,0.1905
2016-01-13,0.11532500000000001,0.11,0.73225,0.158
2016-01-14,0.22702500000000003,0.08449999999999999,0.7134999999999999,0.20199999999999999
2016-01-15,-0.2294,0.1665,0.8335,0.0
2016-01-19,0.5106,0.0,0.708,0.292
2016-01-20,0.014774999999999996,0.10375000000000001,0.7355,0.16075
2016-01-21,0.041775,0.02,0.93075,0.04925
2016-01-22,0.3026875,0.0,0.869875,0.130125
2016-01-25,0.0258,0.05075,0.8442500000000001,0.105
2016-01-26,-0.01552307692307692,0.046384615384615385,0.9103846153846155,0.04323076923076923
2016-01-27,-0.06864761904761905,0.1523809523809524,0.768047619047619,0.07952380952380952
2016-01-28,0.17951666666666669,0.0,0.867,0.133
2016-01-29,0.34021250000000003,0.0,0.794,0.206
2016-02-01,0.0258,0.117,0.761,0.122
2016-02-02,0.37986666666666663,0.0,0.7280000000000001,0.272
2016-02-03,0.352875,0.145,0.5177499999999999,0.33724999999999994
2016-02-04,0.21156363636363631,0.050272727272727274,0.7869090909090908,0.1628181818181818
2016-02-05,-0.19733333333333333,0.16133333333333333,0.8386666666666667,0.0
2016-02-08,0.38634999999999997,0.0,0.7925,0.20750000000000002
2016-02-10,0.8316,0.0,0.506,0.494
2016-02-11,0.0,0.0,1.0,0.0
2016-02-12,0.3182,0.0,0.859,0.141
2016-02-16,-0.05135,0.1615,0.7384999999999999,0.1
2016-02-17,0.06828333333333333,0.0855,0.8140000000000001,0.10049999999999999
2016-02-18,0.0258,0.137,0.719,0.144
2016-02-19,0.24769999999999998,0.051125000000000004,0.8025,0.146375
2016-02-22,-0.047599999999999976,0.2635,0.6020000000000001,0.1345
2016-02-23,0.42405,0.0,0.8255,0.1745
2016-02-24,0.4404,0.0,0.794,0.206
2016-02-25,0.17012,0.0,0.9263999999999999,0.0736
2016-02-26,0.31443333333333334,0.046000000000000006,0.7486666666666667,0.20533333333333334
2016-03-01,0.25167500000000004,0.13474999999999998,0.6145,0.25075
2016-03-02,0.45377999999999996,0.0,0.7204,0.2796
2016-03-04,0.2263,0.079,0.788,0.133
2016-03-07,-0.14634444444444444,0.17222222222222222,0.7584444444444445,0.06944444444444445
2016-03-08,0.44094999999999995,0.0,0.76,0.24
2016-03-09,0.2202,0.0,0.9025000000000001,0.0975
2016-03-10,0.0,0.0,1.0,0.0
2016-03-14,-0.03620000000000001,0.1095,0.761,0.1295
2016-03-15,0.18272,0.1122,0.726,0.162
2016-03-16,0.37739999999999996,0.0,0.841,0.159
2016-03-17,0.09805999999999998,0.08480000000000001,0.7804,0.13479999999999998
2016-03-18,-0.0775,0.10533333333333333,0.8393333333333333,0.05533333333333334
2016-03-21,0.1673846153846154,0.028076923076923076,0.8803076923076923,0.0916153846153846
2016-03-22,0.1681888888888889,0.12722222222222224,0.6808888888888889,0.1918888888888889
2016-03-23,0.06443333333333333,0.03766666666666667,0.8903333333333334,0.072
2016-03-24,0.21801428571428572,0.046285714285714284,0.812,0.1417142857142857
2016-03-28,0.34942500000000004,0.02175,0.782,0.19624999999999998
2016-03-29,0.12114285714285711,0.08342857142857144,0.7687142857142858,0.14771428571428571
2016-03-30,0.2148625,0.016875,0.893125,0.09
2016-03-31,-0.1366,0.0695,0.9305,0.0
2016-04-01,-0.2516,0.15666666666666665,0.8433333333333334,0.0
2016-04-02,0.6369,0.0,0.543,0.457
2016-04-03,0.4019,0.0,0.69,0.31
2016-04-04,0.22233999999999998,0.0598,0.808,0.1322
2016-04-05,-0.06443333333333333,0.13899999999999998,0.7923333333333334,0.06833333333333333
2016-04-06,0.8176,0.0,0.622,0.378
2016-04-07,0.18824999999999997,0.0275,0.8862500000000001,0.08625
2016-04-11,0.1468,0.0,0.949,0.051
2016-04-12,0.11438,0.0376,0.8592000000000001,0.1032
2016-04-13,0.059199999999999996,0.0,0.9522,0.047799999999999995
2016-04-14,0.10533999999999999,0.0438,0.8664,0.08979999999999999
2016-04-15,-0.04933333333333333,0.036,0.964,0.0
2016-04-18,-0.01544,0.0666,0.889,0.0444
2016-04-19,0.047670000000000004,0.0,0.9795,0.020499999999999997
2016-04-20,-0.15511666666666668,0.12366666666666666,0.8456666666666667,0.030666666666666665
2016-04-21,-0.0258,0.131,0.743,0.126
2016-04-22,-0.16812,0.1614,0.7954,0.0432
2016-04-25,0.163675,0.0325,0.87575,0.09175
2016-04-26,0.054907142857142856,0.01942857142857143,0.9272142857142857,0.053285714285714283
2016-04-27,-0.17678500000000003,0.15395,0.7755500000000001,0.0706
2016-04-28,-0.21918,0.2178,0.755,0.027200000000000002
2016-04-29,-0.04220000000000001,0.20133333333333334,0.6443333333333334,0.15433333333333335
2016-05-02,0.0,0.0,1.0,0.0
2016-05-03,-0.2023,0.194,0.672,0.134
2016-05-04,0.04780000000000001,0.08224999999999999,0.83375,0.084
2016-05-05,0.0086,0.0,0.9636666666666667,0.036333333333333336
2016-05-06,-0.2673,0.1275,0.8725,0.0
2016-05-09,0.296,0.0,0.891,0.109
2016-05-11,0.1816,0.053,0.804,0.14300000000000002
2016-05-12,0.3048166666666667,0.06899999999999999,0.7273333333333335,0.20366666666666666
2016-05-13,0.22861666666666666,0.0305,0.8565,0.113
2016-05-16,0.2864166666666667,0.050583333333333334,0.7433333333333333,0.20608333333333337
2016-05-17,-0.20413333333333336,0.128,0.8216666666666667,0.050333333333333334
2016-05-18,0.31845,0.0,0.8395,0.1605
2016-05-19,0.26626666666666665,0.0,0.8603333333333333,0.1396666666666667
2016-05-22,0.25,0.0,0.75,0.25
2016-05-23,0.38982,0.0456,0.7492,0.2052
2016-05-24,0.20614,0.0,0.8714000000000001,0.1286
2016-05-25,-0.0962,0.087,0.8608,0.0522
2016-05-26,0.5444,0.0,0.7725,0.22749999999999998
2016-05-31,-0.15932,0.1634,0.7510000000000001,0.0856
2016-06-01,-0.1391,0.11125,0.8345,0.05425
2016-06-02,-0.02852857142857144,0.12371428571428571,0.8042857142857144,0.072
2016-06-03,0.296,0.156,0.556,0.289
2016-06-06,0.3818,0.0,0.769,0.231
2016-06-07,-0.07368333333333332,0.06466666666666666,0.892,0.043333333333333335
2016-06-08,-0.06023333333333334,0.09066666666666667,0.8690000000000001,0.04033333333333333
2016-06-09,0.0,0.0,1.0,0.0
2016-06-10,0.381425,0.0,0.819,0.181
2016-06-13,0.07217777777777776,0.06638888888888889,0.842722222222222,0.09083333333333334
2016-06-15,0.0,0.0,1.0,0.0
2016-06-16,0.11504999999999999,0.127,0.6965,0.1765
2016-06-17,-0.02771818181818182,0.08845454545454544,0.8122727272727274,0.09927272727272728
2016-06-20,0.11175,0.0,0.9126666666666666,0.08733333333333333
2016-06-23,0.2252,0.064,0.8055,0.1305
2016-06-24,-0.148,0.1195,0.8805000000000001,0.0
2016-06-27,-0.148,0.1195,0.8805000000000001,0.0
2016-06-28,0.0,0.0,1.0,0.0
2016-06-30,-0.16455,0.13675,0.8632500000000001,0.0
2016-07-01,0.12739999999999999,0.09414285714285715,0.7502857142857142,0.15557142857142855
2016-07-04,0.4019,0.0,0.426,0.574
2016-07-05,0.0,0.0,1.0,0.0
2016-07-06,0.171275,0.0435,0.8265,0.13025
2016-07-07,0.26335,0.0,0.851,0.149
2016-07-08,-0.2023,0.107,0.893,0.0
2016-07-11,0.17766666666666667,0.09633333333333333,0.7516666666666666,0.152
2016-07-12,-0.0172,0.07966666666666666,0.8616666666666667,0.058666666666666666
2016-07-13,0.0,0.0,1.0,0.0
2016-07-14,0.6047,0.0,0.6719999999999999,0.328
2016-07-15,-0.28507499999999997,0.17375,0.82625,0.0
2016-07-18,0.0,0.0,1.0,0.0
2016-07-19,-0.09276666666666668,0.21733333333333335,0.695,0.08766666666666667
2016-07-20,0.17177499999999998,0.095,0.7292500000000001,0.17575
2016-07-21,-0.18430000000000002,0.22400000000000003,0.67425,0.10175000000000001
2016-07-22,0.13711666666666666,0.0,0.9363333333333334,0.06366666666666666
2016-07-24,0.0,0.0,1.0,0.0
2016-07-25,0.0,0.06971428571428571,0.8795714285714286,0.05071428571428571
2016-07-26,0.04882499999999998,0.03333333333333333,0.8829166666666667,0.08374999999999999
2016-07-27,0.12880476190476192,0.06333333333333334,0.8037619047619047,0.13290476190476191
2016-07-28,0.14281428571428573,0.0652857142857143,0.8150000000000001,0.11971428571428573
2016-07-29,0.1858,0.0,0.9176666666666667,0.08233333333333333
2016-08-01,-0.2263,0.119,0.881,0.0
2016-08-02,-0.26663333333333333,0.17500000000000002,0.7753333333333333,0.049666666666666665
2016-08-03,-0.13105,0.1055,0.8945,0.0
2016-08-04,0.27888,0.0442,0.7565999999999999,0.1992
2016-08-05,0.2063142857142857,0.039,0.7815714285714286,0.17942857142857144
2016-08-08,-0.148,0.068,0.9319999999999999,0.0
2016-08-09,-0.4588,0.231,0.769,0.0
2016-08-10,0.0,0.0,1.0,0.0
2016-08-11,-0.06186666666666666,0.058666666666666666,0.895,0.04633333333333334
2016-08-15,0.122,0.0,0.9305,0.0695
2016-08-16,0.0005555555555555499,0.07566666666666667,0.8553333333333333,0.069
2016-08-17,-0.00946666666666666,0.1406666666666667,0.6923333333333334,0.1668333333333333
2016-08-18,-0.28959999999999997,0.14733333333333332,0.8526666666666668,0.0
2016-08-19,0.04379999999999999,0.06839999999999999,0.8352,0.0964
2016-08-22,0.07458888888888889,0.026555555555555554,0.899111111111111,0.07433333333333333
2016-08-23,0.13108571428571428,0.02514285714285714,0.8782857142857142,0.09657142857142857
2016-08-25,0.3894,0.06433333333333334,0.6461666666666668,0.2895
2016-08-26,0.128,0.0,0.889,0.111
2016-08-29,0.11815384615384615,0.012384615384615385,0.9086923076923077,0.07892307692307693
2016-08-30,0.02712380952380952,0.09257142857142855,0.821,0.08642857142857142
2016-08-31,-0.09231666666666664,0.13633333333333333,0.7753333333333333,0.08833333333333333
2016-09-01,0.06962499999999999,0.091625,0.7875,0.121
2016-09-02,0.14223333333333332,0.0,0.9113333333333333,0.08866666666666667
2016-09-06,0.209575,0.0,0.8885,0.1115
2016-09-07,0.21773636363636362,0.0375,0.8216363636363636,0.14095454545454547
2016-09-08,0.0842909090909091,0.10368181818181821,0.7470000000000002,0.14927272727272728
2016-09-09,0.0,0.043666666666666666,0.9226666666666666,0.03366666666666667
2016-09-10,0.0,0.0,1.0,0.0
2016-09-12,0.0654,0.1024,0.704,0.1936
2016-09-13,0.11655555555555555,0.06138888888888889,0.7892777777777779,0.14933333333333335
2016-09-14,0.20912,0.04253333333333333,0.8201999999999999,0.13726666666666668
2016-09-15,0.3998111111111111,0.013222222222222222,0.7673888888888889,0.2193888888888889
2016-09-16,0.32751428571428576,0.050571428571428566,0.7985714285714286,0.15085714285714286
2016-09-19,0.10013333333333331,0.13999999999999999,0.7753333333333333,0.08466666666666667
2016-09-20,0.27035000000000003,0.049499999999999995,0.7638333333333334,0.18666666666666668
2016-09-21,0.18655555555555559,0.036222222222222225,0.8294444444444445,0.13433333333333333
2016-09-22,0.30260000000000004,0.0,0.8306250000000001,0.169375
2016-09-23,-0.12944444444444442,0.07344444444444445,0.9131111111111111,0.013444444444444445
2016-09-26,0.23892499999999997,0.0895,0.62925,0.28125
2016-09-27,0.0,0.0,1.0,0.0
2016-09-28,0.17214000000000002,0.0,0.9044000000000001,0.0956
2016-09-29,-0.21896,0.1222,0.8338000000000001,0.044
2016-09-30,0.15293333333333334,0.0,0.9281666666666667,0.07183333333333335
2016-10-02,0.5859,0.0,0.568,0.432
2016-10-03,0.2051666666666667,0.0645,0.7575000000000002,0.17800000000000002
2016-10-04,0.3456333333333333,0.10766666666666667,0.6803333333333335,0.212
2016-10-05,-0.07265714285714285,0.07699999999999999,0.8671428571428572,0.05585714285714286
2016-10-06,0.10411999999999999,0.087,0.7869999999999999,0.126
2016-10-07,0.0818857142857143,0.09342857142857143,0.7694285714285716,0.13714285714285715
2016-10-10,-0.09972500000000001,0.13974999999999999,0.8245,0.03575
2016-10-11,0.1447727272727273,0.055,0.8038181818181819,0.1410909090909091
2016-10-12,0.3330444444444444,0.05488888888888889,0.725,0.22011111111111112
2016-10-13,-0.107725,0.12125,0.8355,0.04325
2016-10-14,0.054542857142857136,0.0,0.9612857142857143,0.038714285714285715
2016-10-16,0.4588,0.0,0.75,0.25
2016-10-17,-0.15266666666666664,0.1075,0.8340000000000001,0.058499999999999996
2016-10-18,0.32235,0.0,0.8160000000000001,0.184
2016-10-19,0.06704,0.0628,0.8542,0.083
2016-10-20,0.549,0.0,0.747,0.253
2016-10-21,0.15293333333333334,0.0,0.9089999999999999,0.09100000000000001
2016-10-24,0.3312,0.0,0.8518000000000001,0.1482
2016-10-25,0.0902076923076923,0.012076923076923077,0.911,0.07692307692307693
2016-10-26,-0.044414285714285705,0.10257142857142856,0.8087142857142856,0.08871428571428572
2016-10-27,0.21975,0.024125,0.807875,0.168
2016-10-28,0.1858,0.0,0.875,0.125
2016-10-31,-0.18352,0.089,0.9109999999999999,0.0
2016-11-01,0.010566666666666669,0.10133333333333334,0.8180000000000001,0.08066666666666666
2016-11-02,0.0,0.0,1.0,0.0
2016-11-03,-0.087575,0.0675,0.91125,0.02125
2016-11-04,-0.23969999999999997,0.168,0.7716000000000001,0.060399999999999995
2016-11-07,-0.2732,0.189,0.811,0.0
2016-11-08,0.15293333333333334,0.0,0.9296666666666668,0.07033333333333333
2016-11-09,-0.15293333333333334,0.077,0.923,0.0
2016-11-10,0.09494285714285715,0.07928571428571429,0.8000000000000002,0.1207142857142857
2016-11-11,0.3121,0.053,0.703,0.244
2016-11-14,0.12224999999999997,0.10916666666666668,0.7218333333333332,0.169
2016-11-15,0.31572500000000003,0.046,0.756,0.19774999999999998
2016-11-16,-0.0516,0.271,0.529,0.2
2016-11-17,0.10908000000000002,0.0676,0.8141999999999999,0.1182
2016-11-18,0.0,0.0,1.0,0.0
2016-11-21,0.08123333333333334,0.08566666666666667,0.8033333333333332,0.11099999999999999
2016-11-22,0.0844,0.05,0.7908000000000001,0.1592
2016-11-23,0.23515,0.0,0.9490000000000001,0.051
2016-11-25,0.2952,0.0515,0.6985,0.25
2016-11-28,0.0,0.0,1.0,0.0
2016-11-29,0.0,0.0,1.0,0.0
2016-11-30,-0.054474999999999996,0.13974999999999999,0.7025,0.15775
2016-12-01,0.03905,0.044625,0.914375,0.040999999999999995
2016-12-02,0.0,0.0,1.0,0.0
2016-12-03,0.24695,0.0,0.841,0.159
2016-12-05,-0.07448333333333333,0.09833333333333333,0.8445,0.057166666666666664
2016-12-06,0.11684285714285714,0.03485714285714286,0.8621428571428572,0.103
2016-12-07,0.07628888888888888,0.033888888888888885,0.9143333333333334,0.051777777777777784
2016-12-08,0.49274999999999997,0.0,0.7895000000000001,0.2105
2016-12-09,-0.6018,0.41400000000000003,0.5860000000000001,0.0
2016-12-11,0.0,0.0,1.0,0.0
2016-12-12,0.3305,0.0,0.8065,0.1935
2016-12-13,0.0983875,0.067125,0.809625,0.12325
2016-12-14,-0.064,0.065,0.935,0.0
2016-12-15,0.3055555555555555,0.0,0.8182222222222223,0.18177777777777776
2016-12-16,0.11088888888888888,0.03822222222222222,0.854,0.10777777777777779
2016-12-19,-0.03730999999999998,0.0524,0.9053000000000001,0.042300000000000004
2016-12-20,0.0,0.0,1.0,0.0
2016-12-21,-0.3337666666666667,0.20433333333333334,0.7486666666666667,0.04699999999999999
2016-12-22,-0.15293333333333334,0.06266666666666666,0.9373333333333335,0.0
2016-12-23,-0.024400000000000005,0.05366666666666667,0.8993333333333333,0.04699999999999999
2016-12-27,0.0911,0.04425,0.86125,0.0945
2016-12-28,0.0,0.0,1.0,0.0
2016-12-29,0.07542499999999999,0.048625,0.8590000000000001,0.09237500000000001
2016-12-30,-0.07493333333333334,0.052111111111111115,0.9478888888888888,0.0
2017-01-02,0.25,0.0,0.714,0.286
2017-01-03,0.12113333333333332,0.041777777777777775,0.8453333333333333,0.11288888888888889
2017-01-04,0.05165454545454546,0.0,0.9683636363636364,0.031636363636363636
2017-01-05,0.09703,0.041999999999999996,0.8906000000000001,0.06739999999999999
2017-01-06,0.050529999999999985,0.0484,0.8521999999999998,0.09939999999999999
2017-01-09,0.10184285714285715,0.0,0.9125714285714286,0.08742857142857142
2017-01-10,0.13475,0.018875,0.8879999999999999,0.093125
2017-01-11,0.32824,0.0,0.8154,0.18460000000000001
2017-01-12,0.09856666666666665,0.0,0.9345,0.0655
2017-01-13,-0.25,0.167,0.833,0.0
2017-01-17,-0.07564000000000001,0.1162,0.7862,0.098
2017-01-18,0.2553,0.0,0.9099999999999999,0.09
2017-01-19,0.12717499999999998,0.02275,0.8785000000000001,0.09875
2017-01-20,0.23835,0.0,0.8925000000000001,0.1075
2017-01-23,0.011520000000000006,0.0598,0.8711,0.06910000000000001
2017-01-24,-0.17357999999999998,0.0974,0.9026,0.0
2017-01-25,0.030528571428571412,0.07514285714285715,0.834,0.09085714285714286
2017-01-26,-0.34593333333333326,0.17766666666666667,0.7856666666666667,0.03666666666666667
2017-01-27,0.3983999999999999,0.0,0.7223333333333333,0.2776666666666667
2017-01-29,0.0,0.0,1.0,0.0
2017-01-30,-0.06115000000000001,0.1025,0.7923333333333332,0.10516666666666667
2017-01-31,0.06731666666666668,0.049999999999999996,0.8584999999999999,0.09150000000000001
2017-02-01,0.2298055555555556,0.02722222222222222,0.8279444444444445,0.14483333333333334
2017-02-02,-0.19705000000000003,0.12150000000000001,0.8785,0.0
2017-02-03,0.20500000000000002,0.0,0.92475,0.07525
2017-02-06,-0.1858,0.125,0.875,0.0
2017-02-07,0.2732,0.0,0.769,0.231
2017-02-08,-0.14984999999999998,0.13424999999999998,0.81325,0.0525
2017-02-10,0.1858,0.0,0.8603333333333333,0.13966666666666666
2017-02-13,0.374875,0.025,0.73275,0.24225
2017-02-14,0.23026666666666665,0.0,0.8503333333333334,0.14966666666666667
2017-02-15,0.1391,0.04775,0.8025,0.14975
2017-02-16,0.0,0.0,1.0,0.0
2017-02-17,0.0945,0.04625,0.8345,0.11925
2017-02-21,0.3994,0.0,0.7605,0.2395
2017-02-22,0.0,0.0,1.0,0.0
2017-02-24,0.3612,0.0,0.848,0.152
2017-02-26,0.4588,0.0,0.625,0.375
2017-02-27,0.47474,0.0,0.6908000000000001,0.3092
2017-02-28,0.20210000000000003,0.0,0.8458333333333335,0.15416666666666667
2017-03-01,-0.10115,0.0925,0.846,0.0615
2017-03-02,0.0,0.14950000000000002,0.7304999999999999,0.1195
2017-03-03,0.0129,0.0,0.9545,0.0455
2017-03-06,0.4485666666666666,0.0,0.774,0.22599999999999998
2017-03-08,0.0,0.0,1.0,0.0
2017-03-09,-0.26335,0.1195,0.8805000000000001,0.0
2017-03-13,0.43196666666666667,0.0,0.7913333333333333,0.20866666666666667
2017-03-14,0.1635,0.12725,0.6775,0.19525
2017-03-15,0.21906666666666666,0.0,0.9066666666666666,0.09333333333333334
2017-03-16,-0.7579,0.619,0.381,0.0
2017-03-17,0.01100000000000001,0.03875,0.9164999999999999,0.04475
2017-03-20,0.04561250000000001,0.0435,0.90275,0.05375
2017-03-21,0.18281428571428573,0.044071428571428574,0.8067142857142856,0.14921428571428572
2017-03-22,0.24695,0.0,0.857,0.143
2017-03-23,0.2294,0.0,0.7855,0.2145
2017-03-24,0.166575,0.10725,0.7322500000000001,0.1605
2017-03-27,-0.032233333333333336,0.12616666666666668,0.8035,0.07033333333333334
2017-03-28,0.197825,0.07675000000000001,0.78225,0.141
2017-03-29,0.4588,0.0,0.75,0.25
2017-03-30,0.0,0.0,1.0,0.0
2017-03-31,-0.09254999999999998,0.1135,0.8691666666666666,0.017333333333333333
2017-04-02,0.0,0.0,1.0,0.0
2017-04-03,0.08786000000000002,0.0334,0.9,0.0666
2017-04-04,0.0,0.0,1.0,0.0
2017-04-05,0.2899,0.0705,0.7115,0.218
2017-04-06,-0.09006666666666667,0.105,0.84,0.05533333333333334
2017-04-07,-0.2263,0.192,0.808,0.0
2017-04-10,0.17020000000000002,0.0,0.9293333333333335,0.07066666666666667
2017-04-11,0.06388571428571427,0.13328571428571429,0.7115714285714285,0.15542857142857144
2017-04-12,0.3471666666666666,0.0,0.8436666666666667,0.15633333333333335
2017-04-13,0.17020000000000002,0.0,0.9279999999999999,0.072
2017-04-14,0.125,0.0,0.889,0.111
2017-04-15,0.0,0.0,1.0,0.0
2017-04-17,-0.135575,0.08325,0.91675,0.0
2017-04-18,0.0,0.0,1.0,0.0
2017-04-19,0.0,0.0,1.0,0.0
2017-04-20,0.296,0.134,0.625,0.241
2017-04-21,0.0,0.0,1.0,0.0
2017-04-22,-0.2263,0.241,0.759,0.0
2017-04-24,0.4588,0.0,0.7,0.3
2017-04-25,0.0,0.0,1.0,0.0
2017-04-26,0.14766666666666667,0.071,0.7906666666666666,0.13833333333333334
2017-04-27,0.33111999999999997,0.0,0.8251999999999999,0.1748
2017-04-28,-0.135575,0.0765,0.8985,0.025
2017-04-29,0.0,0.0,1.0,0.0
2017-05-01,0.102075,0.038,0.879875,0.082125
2017-05-02,0.05647692307692306,0.055,0.8960769230769231,0.04892307692307692
2017-05-03,0.014658333333333329,0.10533333333333333,0.8036666666666669,0.09100000000000001
2017-05-04,0.49676666666666675,0.0,0.8036666666666666,0.19633333333333333
2017-05-05,0.20403333333333332,0.0,0.8838333333333334,0.11616666666666665
2017-05-06,0.0,0.0,1.0,0.0
2017-05-08,0.14051999999999998,0.1022,0.7205999999999999,0.1772
2017-05-09,0.0,0.0,1.0,0.0
2017-05-10,0.06186666666666666,0.063,0.8119999999999999,0.125
2017-05-11,-0.12040000000000001,0.08766666666666667,0.9123333333333333,0.0
2017-05-12,0.4043666666666667,0.029555555555555557,0.7173333333333334,0.2531111111111111
2017-05-15,0.21389999999999998,0.05775,0.7585000000000001,0.18375
2017-05-16,0.3716333333333333,0.0,0.8143333333333334,0.18566666666666667
2017-05-17,0.0663,0.09642857142857143,0.8075714285714285,0.096
2017-05-18,-0.3287,0.23266666666666666,0.7673333333333333,0.0
2017-05-19,0.2202,0.0,0.919,0.081
2017-05-22,0.3056,0.0445,0.8035,0.152
2017-05-23,0.019922222222222223,0.09288888888888888,0.8072222222222222,0.10000000000000002
2017-05-24,0.28583333333333333,0.05266666666666667,0.7973333333333334,0.15
2017-05-25,-0.2263,0.275,0.725,0.0
2017-05-26,0.2294,0.0,0.75,0.25
2017-05-27,0.4588,0.0,0.727,0.273
2017-05-30,0.005583333333333347,0.13116666666666665,0.7461666666666668,0.12266666666666666
2017-05-31,0.23214999999999997,0.0,0.83375,0.16625
2017-06-01,0.35397500000000004,0.0,0.7667499999999999,0.23325
2017-06-02,0.09792,0.0754,0.8023999999999999,0.1222
2017-06-05,0.0885962962962963,0.05637037037037036,0.8277777777777776,0.11585185185185184
2017-06-06,0.14973333333333336,0.03316666666666667,0.8693333333333332,0.09766666666666667
2017-06-07,0.059219999999999995,0.0387,0.9067999999999999,0.05449999999999999
2017-06-08,-0.10846,0.0486,0.9513999999999999,0.0
2017-06-09,-0.18272307692307693,0.11661538461538462,0.8445384615384615,0.03884615384615385
2017-06-12,-0.12973684210526323,0.1394736842105263,0.7780526315789474,0.08247368421052631
2017-06-13,0.21194000000000002,0.0,0.8625,0.1375
2017-06-14,0.09176,0.0,0.9684000000000001,0.0316
2017-06-15,-0.23503333333333334,0.15766666666666665,0.8423333333333334,0.0
2017-06-16,0.0659,0.0,0.9378333333333333,0.06216666666666667
2017-06-19,0.33577777777777773,0.022222222222222223,0.7576666666666667,0.22011111111111112
2017-06-20,0.10385,0.0,0.938,0.062
2017-06-21,0.01721666666666667,0.050499999999999996,0.8881666666666667,0.06133333333333333
2017-06-22,0.19363333333333332,0.044500000000000005,0.8231666666666667,0.13216666666666668
2017-06-23,-0.10115,0.127,0.778,0.095
2017-06-26,0.30795,0.0,0.7978333333333333,0.2021666666666667
2017-06-27,0.058628571428571426,0.11385714285714285,0.7108571428571429,0.17528571428571427
2017-06-28,0.013925000000000007,0.10125,0.8242499999999999,0.0745
2017-06-29,-0.02526666666666666,0.15466666666666665,0.69,0.155
2017-06-30,0.0,0.0,1.0,0.0
2017-07-03,0.074,0.0,0.9510000000000001,0.049
2017-07-04,0.0,0.0,1.0,0.0
2017-07-05,-0.08808,0.053200000000000004,0.9468,0.0
2017-07-06,-0.17803333333333335,0.12444444444444445,0.8626666666666667,0.012888888888888889
2017-07-07,0.10743999999999998,0.09359999999999999,0.7464000000000001,0.16
2017-07-08,0.0,0.0,1.0,0.0
2017-07-09,-0.0258,0.242,0.526,0.232
2017-07-10,-0.003171428571428571,0.045,0.924142857142857,0.030857142857142857
2017-07-11,-0.148,0.1105,0.8280000000000001,0.0615
2017-07-12,0.10469090909090911,0.051181818181818176,0.848,0.10081818181818182
2017-07-13,0.31476000000000004,0.036500000000000005,0.7421,0.22139999999999999
2017-07-14,0.09202500000000001,0.1345,0.69975,0.16574999999999998
2017-07-17,0.07646666666666667,0.0,0.9643333333333333,0.035666666666666666
2017-07-18,0.27326666666666666,0.0,0.8323333333333335,0.16766666666666666
2017-07-19,0.11653636363636365,0.026909090909090907,0.886,0.0870909090909091
2017-07-20,0.0,0.0,1.0,0.0
2017-07-21,-0.18799999999999997,0.1701666666666667,0.8298333333333333,0.0
2017-07-23,0.0,0.0,1.0,0.0
2017-07-24,-0.009871428571428571,0.09485714285714286,0.8457142857142858,0.059428571428571435
2017-07-25,-0.06375714285714285,0.04371428571428571,0.9299999999999999,0.026285714285714284
2017-07-26,0.032988888888888894,0.027,0.8874444444444444,0.08555555555555555
2017-07-27,0.011300000000000013,0.08333333333333333,0.7686666666666667,0.148
2017-07-28,-0.09866666666666667,0.072,0.9279999999999999,0.0
2017-07-29,0.0,0.0,1.0,0.0
2017-07-31,-0.0784,0.14655555555555555,0.7786666666666666,0.07477777777777778
2017-08-01,0.12296000000000001,0.051533333333333334,0.8462666666666667,0.1022
2017-08-02,0.18916000000000005,0.010320000000000001,0.8634800000000001,0.12620000000000003
2017-08-03,-0.05031666666666667,0.09633333333333333,0.847,0.05666666666666667
2017-08-04,0.06743333333333333,0.0,0.9443333333333334,0.05566666666666667
2017-08-06,0.5106,0.0,0.645,0.355
2017-08-07,0.17825714285714286,0.0,0.9054285714285714,0.09457142857142856
2017-08-08,0.0769,0.08600000000000001,0.7901428571428571,0.12371428571428573
2017-08-09,0.2023,0.0,0.833,0.167
2017-08-10,-0.2365333333333333,0.17783333333333332,0.7775,0.04466666666666667
2017-08-11,0.0908,0.081,0.738,0.18099999999999997
2017-08-14,0.24422500000000003,0.06225,0.74925,0.1885
2017-08-15,-0.084475,0.113125,0.83775,0.049125
2017-08-16,0.06114285714285713,0.1147142857142857,0.7412857142857143,0.144
2017-08-17,0.11238333333333332,0.0315,0.8856666666666667,0.08283333333333333
2017-08-18,0.0,0.0,1.0,0.0
2017-08-21,0.1858,0.0,0.8966666666666666,0.10333333333333333
2017-08-22,0.244725,0.0,0.8165,0.1835
2017-08-23,0.027479999999999994,0.095,0.8068,0.0984
2017-08-24,0.14670000000000002,0.0,0.929,0.071
2017-08-25,0.1681857142857143,0.0,0.8907142857142858,0.10928571428571429
2017-08-28,0.5837666666666667,0.0,0.6773333333333333,0.32266666666666666
2017-08-29,0.07274999999999998,0.0882,0.7564,0.1554
2017-08-30,0.06595555555555556,0.028777777777777777,0.9293333333333335,0.04188888888888889
2017-08-31,0.18692857142857142,0.0,0.8697142857142858,0.13028571428571428
2017-09-01,0.2806,0.0,0.8668333333333332,0.13316666666666666
2017-09-05,0.2390375,0.0,0.85875,0.14125
2017-09-06,0.07264285714285713,0.07971428571428572,0.7691428571428572,0.15114285714285716
2017-09-07,0.013949999999999999,0.09616666666666666,0.8215,0.08216666666666667
2017-09-08,0.09930000000000001,0.08085714285714286,0.8017142857142857,0.11757142857142858
2017-09-09,0.0,0.0,1.0,0.0
2017-09-10,0.0,0.0,1.0,0.0
2017-09-11,0.124275,0.148625,0.6975000000000001,0.154
2017-09-12,0.10380909090909092,0.017,0.9158181818181818,0.06718181818181819
2017-09-13,-0.003391666666666668,0.08941666666666666,0.81175,0.09891666666666665
2017-09-14,-0.10446,0.0844,0.8837999999999999,0.0318
2017-09-15,0.19422857142857144,0.0,0.8862857142857142,0.11371428571428573
2017-09-18,0.0,0.0,1.0,0.0
2017-09-19,0.09996666666666666,0.09100000000000001,0.7736666666666666,0.135
2017-09-20,-0.06052727272727272,0.045454545454545456,0.9452727272727273,0.009272727272727273
2017-09-21,0.06986666666666667,0.10066666666666668,0.7783333333333333,0.121
2017-09-22,0.027414285714285717,0.09785714285714286,0.7728571428571429,0.12928571428571428
2017-09-23,0.5216,0.0,0.728,0.272
2017-09-25,-0.07976999999999998,0.1287,0.7827,0.0887
2017-09-26,0.18450000000000003,0.02646153846153846,0.8379999999999999,0.13553846153846155
2017-09-27,-0.07955,0.06175,0.93825,0.0
2017-09-28,-0.1310888888888889,0.12733333333333333,0.7752222222222221,0.09744444444444444
2017-09-29,0.25470000000000004,0.0,0.8048,0.19519999999999998
2017-09-30,0.0,0.0,1.0,0.0
2017-10-02,0.2325,0.012499999999999999,0.8703333333333334,0.11699999999999999
2017-10-03,0.09176,0.0,0.9624,0.0376
2017-10-04,-0.17512,0.1464,0.8093999999999999,0.0442
2017-10-05,0.09545,0.0,0.98,0.02
2017-10-06,0.09620000000000001,0.041166666666666664,0.8631666666666667,0.09566666666666666
2017-10-09,0.058124999999999996,0.04975,0.8405,0.10975
2017-10-10,0.285825,0.0,0.8815,0.1185
2017-10-11,0.2092833333333333,0.06183333333333333,0.7936666666666666,0.1445
2017-10-12,-0.11364,0.0728,0.9138,0.0132
2017-10-13,-0.503275,0.2495,0.7505000000000001,0.0
2017-10-16,0.1179888888888889,0.07155555555555555,0.8036666666666668,0.12477777777777778
2017-10-17,0.07636,0.0,0.951,0.049
2017-10-18,0.06068000000000001,0.0432,0.9099999999999999,0.0468
2017-10-19,-0.19701111111111108,0.1967777777777778,0.7386666666666666,0.06466666666666666
2017-10-20,0.11898333333333333,0.0,0.9098333333333333,0.09016666666666667
2017-10-21,0.0,0.0,1.0,0.0
2017-10-23,0.15561666666666665,0.034833333333333334,0.8428333333333332,0.12233333333333334
2017-10-24,0.0,0.0,1.0,0.0
2017-10-25,0.3332,0.044888888888888895,0.7484444444444445,0.2067777777777778
2017-10-26,0.22113333333333332,0.051,0.7319999999999999,0.217
2017-10-27,0.36114285714285715,0.011857142857142858,0.7977142857142857,0.19042857142857145
2017-10-28,0.0,0.0,1.0,0.0
2017-10-30,0.1531,0.07100000000000001,0.759,0.17
2017-10-31,0.1692,0.04481818181818182,0.8559090909090908,0.09927272727272728
2017-11-01,0.3980111111111111,0.03077777777777778,0.7280000000000002,0.24122222222222225
2017-11-02,0.07506,0.0188,0.9235,0.057699999999999994
2017-11-03,0.26206666666666667,0.031000000000000003,0.8232777777777778,0.14566666666666667
2017-11-04,-0.3612,0.333,0.667,0.0
2017-11-06,0.11571428571428573,0.07385714285714284,0.7962857142857143,0.12985714285714287
2017-11-07,0.10115,0.0,0.9295,0.0705
2017-11-08,0.3160428571428571,0.0,0.8275714285714286,0.1724285714285714
2017-11-09,0.09544,0.048799999999999996,0.8054,0.14579999999999999
2017-11-10,0.0,0.0,1.0,0.0
2017-11-13,0.09545,0.0,0.9515,0.0485
2017-11-14,-0.10411999999999999,0.1196,0.8126,0.0678
2017-11-15,-0.02425,0.079625,0.8392499999999999,0.081125
2017-11-16,0.0,0.0,1.0,0.0
2017-11-17,-0.014999999999999994,0.169,0.73,0.10099999999999999
2017-11-20,-0.0683,0.074,0.9259999999999999,0.0
2017-11-21,0.09096363636363636,0.0,0.9445454545454546,0.05545454545454545
2017-11-22,0.02269999999999998,0.07849999999999999,0.8271000000000001,0.09440000000000001
2017-11-24,0.0,0.0,1.0,0.0
2017-11-27,0.055300000000000016,0.12766666666666668,0.7903333333333333,0.082
2017-11-28,-0.02247777777777778,0.063,0.8755555555555556,0.06144444444444445
2017-11-29,0.05362727272727272,0.07054545454545455,0.8400909090909091,0.08936363636363637
2017-11-30,0.34138571428571435,0.0,0.8124285714285714,0.18757142857142858
2017-12-01,-0.23022,0.1544,0.8208,0.0248
2017-12-02,0.0,0.0,1.0,0.0
2017-12-04,0.1361875,0.013875,0.9148750000000001,0.07125
2017-12-05,0.20732,0.0494,0.7664,0.1842
2017-12-06,-0.137425,0.151,0.8115,0.0375
2017-12-07,0.17178333333333332,0.0,0.9075000000000001,0.09250000000000001
2017-12-08,-0.1774,0.106,0.894,0.0
2017-12-09,0.0,0.0,1.0,0.0
2017-12-11,-0.03496250000000001,0.049125,0.905625,0.04525
2017-12-12,0.41134000000000004,0.0,0.7348000000000001,0.2652
2017-12-13,0.23484545454545458,0.03681818181818182,0.7889090909090908,0.17427272727272725
2017-12-14,0.049166666666666664,0.07788888888888888,0.8125555555555556,0.10966666666666666
2017-12-15,-0.04245,0.10939999999999998,0.7820000000000001,0.10880000000000001
2017-12-18,0.3310363636363637,0.015181818181818183,0.8057272727272727,0.1791818181818182
2017-12-19,0.05383,0.0824,0.8237,0.0938
2017-12-20,0.013466666666666663,0.06266666666666666,0.906,0.03133333333333333
2017-12-21,0.32585,0.0,0.8125000000000001,0.1875
2017-12-22,0.0609,0.02457142857142857,0.8841428571428571,0.09128571428571429
2017-12-23,0.0,0.0,1.0,0.0
2017-12-26,-0.2643214285714286,0.17764285714285719,0.7947857142857144,0.027571428571428573
2017-12-27,0.01708571428571429,0.15071428571428572,0.7465714285714287,0.10257142857142856
2017-12-28,0.11834285714285715,0.04085714285714286,0.8154285714285715,0.1437142857142857
2017-12-29,-0.08196666666666669,0.13233333333333333,0.7936666666666666,0.07408333333333333
2017-12-30,0.0,0.0,1.0,0.0
2017-12-31,0.0,0.0,1.0,0.0
2018-01-02,0.10175714285714285,0.027,0.8917142857142857,0.08128571428571428
2018-01-03,0.250275,0.0,0.8407499999999999,0.15925
2018-01-04,0.09582,0.0518,0.8588000000000001,0.08940000000000001
2018-01-05,0.19454375,0.0640625,0.7804375,0.1555
2018-01-06,0.0,0.0,1.0,0.0
2018-01-08,0.05722999999999999,0.020499999999999997,0.9128000000000001,0.06670000000000001
2018-01-09,0.18951249999999997,0.030125,0.828125,0.14175
2018-01-10,-0.0004111111111111152,0.083,0.843,0.07400000000000001
2018-01-11,0.18352,0.0,0.9172,0.08280000000000001
2018-01-12,0.028485714285714288,0.07357142857142855,0.8501428571428572,0.07628571428571429
2018-01-16,0.3058666666666667,0.0,0.8413333333333334,0.15866666666666665
2018-01-17,0.17196666666666666,0.03686666666666667,0.8535999999999999,0.10953333333333332
2018-01-18,0.10691666666666666,0.04716666666666667,0.8391666666666667,0.11366666666666665
2018-01-19,-0.1302875,0.074625,0.9055,0.019875
2018-01-22,0.042887499999999995,0.044875,0.862125,0.093125
2018-01-23,0.0524,0.04811111111111111,0.8484444444444444,0.10344444444444445
2018-01-24,0.0027562500000000018,0.07518749999999999,0.8334999999999999,0.09131250000000002
2018-01-25,0.1813857142857143,0.04014285714285715,0.8200000000000001,0.13985714285714287
2018-01-26,0.13930000000000003,0.1205,0.71475,0.16499999999999998
2018-01-27,0.34,0.0,0.769,0.231
2018-01-28,-0.1027,0.219,0.781,0.0
2018-01-29,0.07917500000000001,0.06283333333333334,0.8200833333333334,0.117
2018-01-30,0.05583076923076924,0.040615384615384616,0.8950000000000001,0.06438461538461539
2018-01-31,0.02916363636363636,0.07100000000000001,0.8561818181818182,0.07290909090909091
2018-02-01,0.020505882352941172,0.03552941176470588,0.9128235294117647,0.051647058823529414
2018-02-02,-0.04435555555555556,0.0968888888888889,0.8278333333333333,0.07527777777777778
2018-02-03,0.0,0.0,1.0,0.0
2018-02-05,0.030838461538461533,0.08784615384615384,0.8171538461538461,0.09484615384615383
2018-02-06,0.07485,0.0505,0.88125,0.06825
2018-02-07,0.029161538461538464,0.04253846153846154,0.8946153846153847,0.06292307692307693
2018-02-08,-0.12138333333333333,0.10483333333333333,0.8303333333333334,0.06483333333333334
2018-02-09,0.1238,0.059399999999999994,0.8194000000000001,0.12120000000000002
2018-02-12,0.47806666666666664,0.0,0.7404999999999999,0.2595
2018-02-13,0.03760000000000001,0.07714285714285715,0.8154285714285715,0.10742857142857143
2018-02-14,0.059199999999999996,0.0,0.9666,0.0334
2018-02-15,0.058949999999999995,0.098125,0.764125,0.13787499999999997
2018-02-16,-0.02904,0.0686,0.8922000000000001,0.039
2018-02-21,0.0814,0.068,0.7655000000000001,0.1665
2018-02-22,0.18200000000000002,0.03366666666666667,0.843,0.12333333333333334
2018-02-23,0.0,0.0,1.0,0.0
2018-02-25,0.0,0.0,1.0,0.0
2018-02-26,0.0,0.0,1.0,0.0
2018-02-27,0.0,0.0,1.0,0.0
2018-02-28,0.0,0.0,1.0,0.0
2018-03-01,0.8271,0.0,0.365,0.635
2018-03-02,-0.35810000000000003,0.19266666666666668,0.8073333333333333,0.0
2018-03-05,0.10039999999999999,0.03,0.91225,0.05775
2018-03-06,0.05435000000000004,0.1155,0.7505,0.134
2018-03-07,0.3062,0.0,0.844,0.156
2018-03-08,0.0822,0.098,0.752,0.15
2018-03-09,0.0772,0.172,0.637,0.191
2018-03-12,0.33225,0.033,0.7386250000000001,0.22837500000000002
2018-03-13,0.044475,0.0,0.95625,0.04375
2018-03-14,0.20818000000000003,0.0664,0.7962,0.13740000000000002
2018-03-15,0.0386,0.094,0.802,0.104
2018-03-16,-0.21906666666666666,0.12633333333333333,0.8736666666666667,0.0
2018-03-17,0.0,0.0,1.0,0.0
2018-03-19,0.06748,0.0753,0.8202999999999999,0.1044
2018-03-20,0.02439999999999999,0.06575,0.87175,0.0625
2018-03-21,0.033716666666666666,0.0,0.9744999999999999,0.0255
2018-03-22,-0.15293333333333334,0.077,0.923,0.0
2018-03-23,0.135575,0.0,0.909,0.091
2018-03-25,-0.32985,0.287,0.713,0.0
2018-03-26,0.08660000000000001,0.1016,0.7548999999999999,0.1436
2018-03-27,0.29303749999999995,0.0,0.774,0.226
2018-03-28,-0.03679999999999998,0.12233333333333334,0.8220000000000001,0.05566666666666667
2018-03-29,0.0,0.0,1.0,0.0
2018-04-02,-0.35609999999999997,0.21879999999999997,0.7506,0.0306
2018-04-03,0.2986,0.0,0.8883333333333333,0.11166666666666665
2018-04-04,0.048100000000000004,0.07175000000000001,0.842,0.08625000000000001
2018-04-05,0.15293333333333334,0.0,0.8889999999999999,0.111
2018-04-06,0.14045000000000002,0.086,0.76775,0.14625
2018-04-09,0.1915,0.0,0.819,0.18100000000000002
2018-04-10,0.33341999999999994,0.0,0.7884,0.2116
2018-04-11,0.13185454545454547,0.06672727272727273,0.8081818181818182,0.12509090909090909
2018-04-12,-0.02345,0.1295,0.75,0.1205
2018-04-13,-0.10998333333333332,0.09283333333333334,0.8613333333333334,0.04583333333333334
2018-04-16,0.295525,0.10625000000000001,0.68525,0.20850000000000002
2018-04-17,0.15293333333333334,0.0,0.9333333333333332,0.06666666666666667
2018-04-18,0.6305000000000001,0.0,0.636,0.364
2018-04-19,0.07662857142857145,0.10842857142857143,0.7778571428571429,0.11371428571428573
2018-04-20,-0.17907272727272724,0.11281818181818183,0.8402727272727273,0.04681818181818182
2018-04-23,-0.18661666666666665,0.12683333333333335,0.8381666666666666,0.034999999999999996
2018-04-24,-0.30605000000000004,0.1585,0.8415,0.0
2018-04-25,-0.09545,0.035,0.965,0.0
2018-04-26,-0.31643333333333334,0.29,0.6509999999999999,0.059
2018-04-27,0.2294,0.0,0.875,0.125
2018-04-30,0.1151833333333333,0.06216666666666667,0.8101666666666668,0.12766666666666668
2018-05-01,0.2771266666666667,0.025266666666666666,0.7966000000000001,0.17813333333333334
2018-05-02,0.155,0.07566666666666666,0.7761666666666669,0.14805555555555555
2018-05-04,0.2205,0.03518181818181818,0.8079090909090909,0.15690909090909091
2018-05-05,0.0,0.0,1.0,0.0
2018-05-07,0.4091,0.0,0.7543333333333333,0.24566666666666667
2018-05-08,0.2294,0.0,0.8634999999999999,0.1365
2018-05-09,0.29295,0.0,0.784,0.216
2018-05-10,0.3262285714285714,0.07628571428571429,0.6542857142857142,0.2695714285714285
2018-05-11,0.7184,0.0,0.667,0.333
2018-05-14,0.167575,0.06075,0.8015000000000001,0.13774999999999998
2018-05-15,0.18388,0.0,0.8916999999999999,0.1083
2018-05-16,0.09176,0.0,0.9571999999999999,0.0428
2018-05-18,0.23263333333333333,0.07433333333333333,0.7346666666666666,0.19099999999999998
2018-05-21,-0.25,0.154,0.846,0.0
2018-05-22,-0.1531,0.08925,0.91075,0.0
2018-05-23,0.09176,0.0,0.95,0.05
2018-05-24,0.10766666666666667,0.06583333333333334,0.79,0.14416666666666667
2018-05-25,-0.03423333333333333,0.045000000000000005,0.9550000000000001,0.0
2018-05-29,-0.025587500000000006,0.10500000000000001,0.81525,0.07975
2018-05-30,-0.1844714285714286,0.12614285714285714,0.8345714285714286,0.03928571428571429
2018-05-31,0.0,0.0,1.0,0.0
2018-06-01,0.22028571428571428,0.029285714285714283,0.8305714285714286,0.14014285714285715
2018-06-04,0.1915230769230769,0.01423076923076923,0.8411538461538461,0.14461538461538462
2018-06-05,0.0705857142857143,0.08857142857142856,0.8107142857142857,0.10085714285714287
2018-06-06,-0.09106666666666667,0.08633333333333333,0.9136666666666667,0.0
2018-06-08,-0.19850769230769233,0.1383076923076923,0.8496923076923075,0.012
2018-06-11,-0.339325,0.24275000000000002,0.6719999999999999,0.08524999999999999
2018-06-12,-0.01896666666666667,0.09999999999999999,0.816,0.084
2018-06-13,0.5660000000000001,0.0,0.6825,0.3175
2018-06-14,0.044820000000000006,0.09040000000000001,0.8314,0.0782
2018-06-15,-0.07646666666666667,0.041666666666666664,0.9583333333333334,0.0
2018-06-18,0.15446,0.078,0.769,0.15299999999999997
2018-06-19,-0.13895833333333332,0.08991666666666666,0.8540833333333332,0.056083333333333325
2018-06-20,0.1366,0.0,0.9199999999999999,0.08
2018-06-21,0.31720000000000004,0.08,0.718,0.202
2018-06-25,0.2514,0.0,0.837,0.16299999999999998
2018-06-26,0.2044,0.0,0.891,0.109
2018-06-27,-0.2612333333333333,0.216,0.7839999999999999,0.0
2018-06-28,0.197575,0.0,0.87775,0.12225
2018-06-29,0.3592,0.0,0.8335,0.1665
2018-07-02,0.2294,0.0,0.8125,0.1875
2018-07-03,0.6369,0.0,0.658,0.342
2018-07-05,0.7184,0.0,0.684,0.316
2018-07-06,0.48669999999999997,0.0,0.6696666666666666,0.33033333333333337
2018-07-09,-0.11315,0.053,0.9470000000000001,0.0
2018-07-10,0.1285285714285714,0.04385714285714286,0.8785714285714284,0.07757142857142858
2018-07-11,-0.1194125,0.156125,0.741125,0.10275
2018-07-12,0.3319571428571428,0.0,0.7747142857142857,0.22528571428571428
2018-07-13,0.23292499999999997,0.056875,0.7092499999999999,0.233875
2018-07-16,-0.2647857142857143,0.16714285714285712,0.8328571428571429,0.0
2018-07-17,0.3612,0.114,0.647,0.239
2018-07-18,-0.052250000000000005,0.10075,0.795,0.10425000000000001
2018-07-19,-0.3182,0.247,0.753,0.0
2018-07-20,-0.030419999999999992,0.127,0.7936,0.0794
2018-07-23,0.004066666666666663,0.09633333333333333,0.8146666666666667,0.08900000000000001
2018-07-24,0.04595,0.09300000000000001,0.7999999999999999,0.107
2018-07-25,-0.022733333333333328,0.09233333333333334,0.86,0.04766666666666666
2018-07-26,0.35015,0.0,0.8454999999999999,0.1545
2018-07-27,-0.2294,0.125,0.875,0.0
2018-07-30,-0.26335,0.1745,0.763,0.0625
2018-07-31,0.04322727272727273,0.0,0.9697272727272725,0.03027272727272727
2018-08-01,0.0840875,0.0504375,0.8510625,0.0985
2018-08-02,0.26152142857142857,0.04285714285714286,0.7930714285714285,0.1640714285714286
2018-08-03,-0.07655,0.116,0.79,0.094
2018-08-06,0.08360000000000001,0.148,0.6890000000000001,0.163
2018-08-07,0.39320000000000005,0.041,0.6960000000000001,0.263
2018-08-08,0.17020000000000002,0.0,0.8933333333333334,0.10666666666666667
2018-08-09,0.23626666666666665,0.0,0.9,0.10000000000000002
2018-08-10,-0.2792,0.20124999999999998,0.7605,0.03825
2018-08-13,-0.09562499999999999,0.191,0.71325,0.09575
2018-08-14,0.1809285714285714,0.05028571428571428,0.8151428571428572,0.13457142857142856
2018-08-15,0.1876833333333333,0.020166666666666666,0.8406666666666668,0.13916666666666666
2018-08-16,0.3511333333333333,0.042333333333333334,0.783,0.17466666666666666
2018-08-17,0.23017500000000002,0.026,0.84175,0.13225
2018-08-20,0.07842857142857142,0.02742857142857143,0.9192857142857143,0.053285714285714283
2018-08-21,0.14558,0.0416,0.8548,0.1036
2018-08-22,0.26626666666666665,0.0,0.8119999999999999,0.18800000000000003
2018-08-23,0.261175,0.0,0.8380000000000001,0.16199999999999998
2018-08-27,0.12632,0.037,0.8646,0.0986
2018-08-28,0.132075,0.04725,0.8452500000000001,0.10750000000000001
2018-08-29,0.4310666666666667,0.0,0.7823333333333333,0.21766666666666667
2018-08-30,0.12204166666666666,0.056083333333333325,0.8165833333333334,0.12741666666666665
2018-08-31,-0.06659230769230771,0.10815384615384614,0.8238461538461539,0.068
2018-09-04,0.2037,0.03216666666666667,0.8375,0.13033333333333333
2018-09-05,0.004500000000000004,0.12175,0.78375,0.09425
2018-09-06,0.13396666666666665,0.0,0.883,0.11699999999999999
2018-09-07,0.06058333333333334,0.07416666666666667,0.8190000000000001,0.10666666666666667
2018-09-10,-0.074,0.09275,0.85625,0.051
2018-09-11,0.2802,0.0,0.8253333333333334,0.17466666666666666
2018-09-12,0.33430000000000004,0.0,0.8527500000000001,0.14725
2018-09-13,0.1993307692307692,0.07253846153846154,0.7683076923076924,0.15923076923076923
2018-09-14,0.1710875,0.016875,0.89575,0.08737500000000001
2018-09-16,0.0,0.0,1.0,0.0
2018-09-17,0.27181818181818185,0.043454545454545454,0.7778181818181819,0.17872727272727273
2018-09-18,0.22868750000000002,0.0355,0.842625,0.121875
2018-09-19,0.2202,0.0,0.8875,0.1125
2018-09-20,0.47695,0.0,0.7605,0.2395
2018-09-21,-0.06364,0.055400000000000005,0.9446,0.0
2018-09-24,0.3802466666666667,0.03266666666666666,0.7484000000000001,0.219
2018-09-25,-0.15382857142857143,0.09728571428571428,0.8764285714285716,0.02614285714285714
2018-09-26,0.282325,0.0215,0.8487499999999999,0.12975
2018-09-27,-0.0024800000000000156,0.08320000000000001,0.8503999999999999,0.06620000000000001
2018-09-28,-0.047750000000000035,0.16916666666666666,0.7301666666666667,0.10066666666666667
2018-10-01,-0.042666666666666665,0.043333333333333335,0.9566666666666667,0.0
2018-10-02,-0.03423333333333333,0.045000000000000005,0.9550000000000001,0.0
2018-10-03,0.0,0.0,1.0,0.0
2018-10-04,-0.26494,0.1812,0.7188000000000001,0.1
2018-10-05,0.0,0.0,1.0,0.0
2018-10-08,0.1340076923076923,0.06607692307692307,0.8125384615384615,0.12146153846153845
2018-10-09,-0.028200000000000003,0.0866,0.8320000000000001,0.0814
2018-10-10,-0.027200000000000002,0.06671428571428571,0.9042857142857142,0.029
2018-10-11,-0.057857142857142864,0.10450000000000001,0.8178571428571428,0.07764285714285714
2018-10-12,0.073375,0.08825,0.7755000000000001,0.13625
2018-10-15,-0.12639285714285714,0.1365,0.7942857142857143,0.06921428571428571
2018-10-16,0.1806,0.0,0.853,0.147
2018-10-17,0.2294,0.0,0.7855,0.2145
2018-10-18,-0.074,0.05975,0.94025,0.0
2018-10-19,0.0843,0.0,0.9428000000000001,0.057199999999999994
2018-10-21,0.0,0.0,1.0,0.0
2018-10-22,0.21075,0.0,0.9055,0.0945
2018-10-23,-0.02695714285714287,0.082,0.8625714285714284,0.05542857142857143
2018-10-24,0.26342,0.0,0.7902,0.2098
2018-10-25,0.49274999999999997,0.0,0.67,0.33
2018-10-26,0.14049999999999999,0.0,0.9209999999999999,0.079
2018-10-28,0.0,0.0,1.0,0.0
2018-10-29,0.08256999999999999,0.0346,0.8713,0.0941
2018-10-30,0.2650142857142857,0.0,0.8402857142857142,0.1597142857142857
2018-10-31,0.07224,0.0222,0.9334,0.0444
2018-11-01,0.11172666666666667,0.0,0.9080666666666667,0.09193333333333334
2018-11-02,0.0851,0.07333333333333335,0.8315,0.09516666666666668
2018-11-05,0.11976,0.0948,0.7740000000000001,0.13090000000000002
2018-11-06,-0.09866666666666667,0.07966666666666666,0.9203333333333333,0.0
2018-11-07,-0.0341,0.07039999999999999,0.8917999999999999,0.0378
2018-11-08,-0.07663333333333334,0.06366666666666666,0.8808333333333334,0.0555
2018-11-09,-0.001859999999999995,0.14179999999999998,0.7246,0.1336
2018-11-12,-0.2443307692307692,0.22353846153846152,0.7364615384615386,0.04
2018-11-13,-0.16604444444444444,0.1242222222222222,0.8463333333333334,0.029444444444444447
2018-11-14,-0.004593333333333327,0.11073333333333334,0.782,0.10726666666666666
2018-11-15,-0.0518,0.1363,0.7916,0.0721
2018-11-16,-0.0683,0.062,0.901,0.037
2018-11-19,0.04185454545454546,0.09381818181818181,0.7915454545454547,0.11463636363636365
2018-11-20,-0.13828999999999997,0.1579,0.7691,0.073
2018-11-21,0.06962,0.0267,0.9125,0.0608
2018-11-23,0.01680000000000001,0.07066666666666667,0.8240000000000002,0.10516666666666667
2018-11-26,0.4061,0.01176923076923077,0.7503076923076925,0.23792307692307696
2018-11-27,-0.10533,0.1277,0.7939,0.0785
2018-11-28,0.1555,0.056833333333333326,0.798,0.14516666666666667
2018-11-29,0.03616250000000001,0.075,0.8508749999999999,0.074125
2018-11-30,0.36482857142857145,0.0,0.8062857142857143,0.19371428571428573
2018-12-03,0.07747142857142857,0.02742857142857143,0.9134285714285715,0.05914285714285714
2018-12-04,0.22359,0.0332,0.8076000000000001,0.15919999999999998
2018-12-05,0.1095,0.0312,0.8352,0.1336
2018-12-06,-0.2547222222222223,0.20577777777777775,0.7276666666666666,0.06655555555555555
2018-12-07,-0.04501538461538463,0.09938461538461539,0.8031538461538461,0.09746153846153847
2018-12-10,0.05063333333333332,0.11453333333333333,0.7478666666666667,0.1376
2018-12-11,0.1147,0.0,0.91675,0.08325
2018-12-12,0.14480833333333337,0.08366666666666667,0.7643333333333334,0.152
2018-12-13,-0.0565125,0.16525,0.7278125,0.1069375
2018-12-14,-0.05322222222222223,0.11299999999999999,0.8145555555555555,0.07244444444444444
2018-12-17,0.0304,0.044571428571428574,0.8795714285714286,0.07585714285714285
2018-12-18,-0.25905,0.14825,0.85175,0.0
2018-12-19,0.0017749999999999988,0.09999999999999999,0.8215,0.07875
2018-12-20,-0.028027272727272734,0.08399999999999999,0.8777272727272728,0.03827272727272727
2018-12-21,0.32946666666666674,0.047999999999999994,0.7120000000000001,0.24
2018-12-24,0.10426000000000002,0.1618,0.7156,0.1226
2018-12-26,0.074,0.06675,0.7902500000000001,0.14300000000000002
2018-12-27,0.07842,0.1032,0.7904,0.10640000000000001
2018-12-28,0.0464,0.04725,0.91525,0.0375
2018-12-31,-0.001300000000000006,0.08775,0.816375,0.095875
2019-01-01,0.0,0.0,1.0,0.0
2019-01-02,-0.08758947368421054,0.08968421052631577,0.8763157894736842,0.034
2019-01-03,-0.09987619047619048,0.13626190476190475,0.7763809523809525,0.0872857142857143
2019-01-04,0.12132727272727273,0.04745454545454546,0.8390909090909091,0.11345454545454546
2019-01-06,0.4939,0.0,0.5795,0.4205
2019-01-07,0.03301666666666666,0.09500000000000001,0.7856666666666666,0.11916666666666668
2019-01-08,0.056575,0.0,0.9632499999999999,0.03675
2019-01-09,-0.19112999999999997,0.16699999999999998,0.7665,0.0663
2019-01-10,-0.10928,0.1528,0.8128,0.0344
2019-01-11,0.0015999999999999751,0.0699090909090909,0.8725454545454546,0.057545454545454545
2019-01-14,-0.15921666666666667,0.13316666666666668,0.8451666666666666,0.021666666666666667
2019-01-15,0.02436000000000001,0.09090000000000001,0.8126000000000001,0.0965
2019-01-16,-0.06613333333333332,0.08333333333333333,0.8741111111111112,0.042555555555555555
2019-01-17,0.18533333333333335,0.039,0.8003333333333332,0.16066666666666665
2019-01-18,-0.023999999999999997,0.11990909090909091,0.7951818181818182,0.0849090909090909
2019-01-20,0.0,0.0,1.0,0.0
2019-01-22,-0.07644,0.0836,0.8826,0.033600000000000005
2019-01-23,0.26782,0.0,0.836,0.16399999999999998
2019-01-24,0.17168571428571427,0.0,0.8812857142857143,0.11871428571428573
2019-01-25,0.17411666666666667,0.0,0.9095,0.09050000000000001
2019-01-28,-0.17185555555555554,0.14177777777777778,0.827,0.031111111111111114
2019-01-29,0.0955111111111111,0.03138888888888889,0.8652777777777778,0.10333333333333333
2019-01-30,0.14341500000000001,0.05835,0.8015000000000001,0.1401
2019-01-31,0.09397142857142857,0.033999999999999996,0.8618571428571429,0.10414285714285713
2019-02-01,-0.05131428571428571,0.06328571428571429,0.8998571428571429,0.03685714285714286
2019-02-04,0.18187777777777778,0.013222222222222222,0.8846666666666666,0.10211111111111111
2019-02-05,0.03396363636363637,0.09018181818181818,0.8041818181818182,0.10563636363636363
2019-02-06,-0.09824,0.08180000000000001,0.8714000000000001,0.046599999999999996
2019-02-07,0.0,0.0,1.0,0.0
2019-02-08,-0.09106666666666667,0.08633333333333333,0.9136666666666667,0.0
2019-02-11,-0.0228,0.019200000000000002,0.9808,0.0
2019-02-12,0.0,0.0,1.0,0.0
2019-02-13,0.20466363636363638,0.01,0.8631818181818182,0.12681818181818183
2019-02-14,0.006655555555555557,0.06455555555555555,0.811111111111111,0.12433333333333334
2019-02-15,0.0,0.0,1.0,0.0
2019-02-18,0.0,0.0,1.0,0.0
2019-02-19,-0.035899999999999994,0.0684,0.8854,0.046200000000000005
2019-02-20,0.033900000000000007,0.05983333333333333,0.8468333333333334,0.09333333333333334
2019-02-21,0.15275714285714284,0.03271428571428572,0.86,0.10728571428571428
2019-02-22,0.30778333333333335,0.0,0.8733333333333334,0.12666666666666668
2019-02-25,0.2535,0.062,0.7829999999999999,0.155
2019-02-26,0.18177142857142856,0.0,0.8825714285714286,0.11742857142857142
2019-02-27,-0.1366,0.148,0.852,0.0
2019-02-28,0.11988000000000001,0.0,0.9342,0.0658
2019-03-01,-0.15293333333333334,0.125,0.875,0.0
2019-03-04,0.3173666666666667,0.02333333333333333,0.7526666666666667,0.224
2019-03-05,0.013799999999999998,0.09925,0.764375,0.136375
2019-03-06,0.014960000000000018,0.11000000000000001,0.7712,0.11879999999999999
2019-03-07,0.0,0.0,1.0,0.0
2019-03-08,-0.12940000000000002,0.13725,0.7829999999999999,0.07975
2019-03-11,0.3324555555555555,0.029777777777777778,0.7551111111111112,0.21511111111111111
2019-03-12,0.23154,0.060399999999999995,0.7304000000000002,0.209
2019-03-13,0.008122222222222216,0.1251111111111111,0.7656666666666667,0.10922222222222223
2019-03-14,0.14303333333333332,0.07925,0.7749999999999999,0.14575000000000002
2019-03-15,0.35664444444444443,0.052888888888888895,0.6805555555555556,0.26655555555555555
2019-03-16,0.0,0.0,1.0,0.0
2019-03-18,0.14268888888888887,0.013666666666666667,0.8885555555555555,0.09777777777777778
2019-03-19,0.07614,0.047799999999999995,0.8452,0.10699999999999998
2019-03-20,0.26494,0.033800000000000004,0.7886,0.1774
2019-03-21,0.38945384615384615,0.0,0.785923076923077,0.2140769230769231
2019-03-22,0.27572,0.0,0.86,0.14
2019-03-25,0.304852380952381,0.0,0.8256666666666665,0.17433333333333334
2019-03-26,0.19570500000000002,0.0513,0.80395,0.14475000000000002
2019-03-27,0.23368000000000003,0.0,0.8874000000000001,0.1126
2019-03-28,-0.023849999999999996,0.143,0.7735,0.0835
2019-03-29,0.11452,0.0924,0.8055999999999999,0.10200000000000001
2019-04-01,0.02843333333333335,0.09183333333333332,0.8233333333333333,0.08483333333333333
2019-04-02,-0.23653333333333335,0.11,0.89,0.0
2019-04-03,0.19513333333333335,0.059166666666666666,0.7943333333333333,0.1465
2019-04-04,0.021928571428571433,0.04371428571428571,0.8904285714285715,0.06585714285714285
2019-04-05,0.03699999999999999,0.0796,0.804,0.11640000000000002
2019-04-08,-0.12808571428571427,0.1427142857142857,0.8095714285714285,0.04771428571428571
2019-04-09,0.23056666666666667,0.044222222222222225,0.8325555555555556,0.12322222222222222
2019-04-10,0.23346666666666663,0.0,0.8558333333333333,0.14416666666666667
2019-04-11,0.26230000000000003,0.0465,0.7423,0.2111
2019-04-12,-0.1366,0.1295,0.8705,0.0
2019-04-15,0.22604000000000002,0.060399999999999995,0.7837999999999999,0.1558
2019-04-16,-0.05964666666666667,0.1308,0.7810666666666666,0.08813333333333334
2019-04-17,0.14472666666666667,0.03886666666666667,0.8576666666666667,0.10346666666666667
2019-04-18,0.06265,0.0,0.9075000000000001,0.09249999999999999
2019-04-19,0.10439999999999999,0.056,0.8195,0.1245
2019-04-22,0.18125555555555556,0.03422222222222222,0.8470000000000001,0.11866666666666667
2019-04-23,0.33624,0.0806,0.6599999999999999,0.2594
2019-04-24,-0.009950000000000014,0.06774999999999999,0.860625,0.071625
2019-04-25,0.14053749999999998,0.0575,0.82425,0.11812500000000001
2019-04-26,0.020224999999999996,0.0865,0.84625,0.06725
2019-04-28,0.0,0.0,1.0,0.0
2019-04-29,0.092,0.08071428571428571,0.8241428571428572,0.09514285714285713
2019-04-30,0.11638124999999999,0.025812500000000002,0.8625624999999999,0.11156250000000001
2019-05-01,0.1597090909090909,0.05854545454545454,0.8228181818181818,0.11863636363636361
2019-05-02,0.15095999999999998,0.0,0.9368000000000001,0.0632
2019-05-03,0.0386,0.0395,0.915,0.0455
2019-05-06,-0.12043999999999999,0.175,0.7108,0.1142
2019-05-07,0.1422142857142857,0.05728571428571429,0.8045714285714285,0.13814285714285715
2019-05-08,-0.06985,0.09775,0.8585,0.0435
2019-05-09,0.12457499999999999,0.0,0.92625,0.07375000000000001
2019-05-10,-0.12271111111111112,0.08766666666666666,0.9022222222222224,0.01011111111111111
2019-05-12,-0.3818,0.246,0.625,0.129
2019-05-13,0.12102941176470589,0.07994117647058822,0.7720588235294118,0.148
2019-05-14,0.06689999999999999,0.07655555555555556,0.8623333333333334,0.061222222222222226
2019-05-15,-0.22315000000000002,0.14850000000000002,0.8067500000000001,0.0445
2019-05-16,-0.04046000000000001,0.1086,0.7581,0.13310000000000002
2019-05-17,-0.16507999999999998,0.13720000000000002,0.8118000000000001,0.051000000000000004
2019-05-20,-0.03688888888888889,0.08800000000000001,0.8322222222222222,0.08000000000000002
2019-05-21,0.13421249999999998,0.08224999999999999,0.7877500000000001,0.129875
2019-05-22,-0.1329,0.11142857142857143,0.8342857142857143,0.05442857142857143
2019-05-23,0.035820000000000005,0.0898,0.8565999999999999,0.0536
2019-05-24,-0.05623333333333334,0.074,0.874,0.052
2019-05-26,-0.25,0.153,0.766,0.08
2019-05-27,0.2263,0.116,0.744,0.14
2019-05-28,0.018720000000000004,0.09419999999999999,0.812,0.0938
2019-05-29,-0.05135,0.0915,0.8335,0.075
2019-05-30,0.04032857142857143,0.04928571428571429,0.8708571428571429,0.07985714285714286
2019-05-31,-0.1797,0.133,0.8518333333333334,0.015166666666666667
2019-06-02,0.0,0.0,1.0,0.0
2019-06-03,0.07364074074074073,0.028999999999999998,0.8925925925925926,0.07844444444444446
2019-06-04,-0.0591,0.08938461538461538,0.8625384615384615,0.04807692307692308
2019-06-05,0.14876,0.0485,0.8211,0.1303
2019-06-06,0.04308571428571428,0.033,0.9272857142857143,0.039714285714285716
2019-06-07,0.00464,0.0502,0.9004,0.0492
2019-06-10,-0.0007249999999999965,0.088125,0.8571249999999999,0.05475
2019-06-11,0.2229727272727273,0.04845454545454546,0.8069999999999999,0.14454545454545456
2019-06-12,-0.057600000000000005,0.084,0.8503333333333334,0.065
2019-06-13,-0.07668,0.11579999999999999,0.7532,0.1312
2019-06-14,-0.13765714285714287,0.07371428571428572,0.9185714285714285,0.007571428571428571
2019-06-15,-0.1027,0.207,0.602,0.192
2019-06-16,-0.1636,0.1105,0.8215,0.068
2019-06-17,0.0405875,0.022,0.938125,0.04
2019-06-18,-0.0683,0.086,0.914,0.0
2019-06-19,0.2133375,0.02575,0.74075,0.23349999999999999
2019-06-20,0.028149999999999994,0.123,0.7645000000000001,0.11249999999999999
2019-06-21,-0.11588000000000001,0.0748,0.8974,0.027600000000000003
2019-06-24,-0.09283333333333332,0.07666666666666667,0.8698333333333333,0.05366666666666667
2019-06-25,-0.035150000000000015,0.08825,0.76175,0.15
2019-06-26,0.14543333333333333,0.0,0.9311666666666666,0.06883333333333333
2019-06-27,0.06658333333333334,0.0055000000000000005,0.944,0.050499999999999996
2019-06-28,0.08170000000000001,0.024777777777777777,0.9104444444444444,0.06477777777777777
2019-07-01,0.24548571428571428,0.020857142857142855,0.807,0.17214285714285715
2019-07-02,-0.24225,0.272,0.6585,0.069
2019-07-03,0.0,0.0,1.0,0.0
2019-07-04,0.0,0.0,1.0,0.0
2019-07-05,0.3244666666666667,0.06666666666666667,0.67,0.26333333333333336
2019-07-08,-0.033472727272727265,0.1379090909090909,0.7550000000000001,0.10709090909090908
2019-07-09,0.0542125,0.05,0.8688750000000001,0.081125
2019-07-10,0.16424999999999998,0.0,0.8948333333333333,0.10516666666666667
2019-07-11,0.0806,0.031,0.8928333333333334,0.07616666666666667
2019-07-12,0.058899999999999994,0.06325,0.8495,0.08737500000000001
2019-07-15,0.044475,0.0,0.973,0.027
2019-07-16,-0.027980000000000005,0.1204,0.8046,0.075
2019-07-17,-0.0643,0.09079999999999999,0.8644000000000001,0.0448
2019-07-18,0.13468,0.0432,0.843,0.11379999999999998
2019-07-19,-0.23774999999999996,0.1195,0.8805000000000001,0.0
2019-07-22,0.1867125,0.019,0.8412499999999999,0.13975
2019-07-23,0.21194285714285716,0.04185714285714286,0.7858571428571428,0.17214285714285715
2019-07-24,0.05767499999999999,0.049,0.8875000000000001,0.0635
2019-07-25,0.18259999999999998,0.0,0.88,0.12
2019-07-26,-0.03125714285714286,0.03828571428571429,0.9362857142857143,0.02542857142857143
2019-07-28,0.0,0.0,1.0,0.0
2019-07-29,0.22569999999999996,0.0,0.8720000000000001,0.128
2019-07-30,0.03894285714285715,0.0115,0.9272142857142857,0.061285714285714284
2019-07-31,0.1386421052631579,0.04447368421052631,0.8606842105263157,0.09484210526315788
2019-08-01,0.0,0.0,1.0,0.0
2019-08-02,0.0404,0.07583333333333332,0.7716666666666666,0.15233333333333332
2019-08-04,-0.1695,0.25,0.75,0.0
2019-08-05,-0.22157142857142853,0.16242857142857142,0.8082857142857142,0.029285714285714283
2019-08-06,-0.082775,0.10350000000000001,0.80275,0.09375
2019-08-07,-0.15036666666666668,0.125,0.875,0.0
2019-08-08,0.013049999999999997,0.05683333333333334,0.9085000000000001,0.034666666666666665
2019-08-09,-0.1027,0.2,0.636,0.164
2019-08-12,-0.3013666666666666,0.18666666666666668,0.7786666666666666,0.034666666666666665
2019-08-13,-0.12645714285714285,0.10442857142857143,0.8454285714285714,0.05014285714285714
2019-08-14,-0.21889999999999998,0.163,0.837,0.0
2019-08-15,-0.032,0.02425,0.97575,0.0
2019-08-16,0.010844444444444446,0.08044444444444444,0.8365555555555555,0.083
2019-08-19,0.16369166666666668,0.011250000000000001,0.8875833333333333,0.10116666666666667
2019-08-20,0.07531818181818183,0.05781818181818182,0.8382727272727273,0.10390909090909091
2019-08-21,0.18548,0.0,0.9052,0.0948
2019-08-22,-0.016700000000000003,0.06420000000000001,0.8346,0.1012
2019-08-23,-0.04594285714285714,0.07928571428571428,0.8638571428571428,0.05685714285714286
2019-08-26,0.028183333333333328,0.02666666666666667,0.9201666666666667,0.05316666666666667
2019-08-27,0.0,0.0,1.0,0.0
2019-08-28,-0.016266666666666662,0.045500000000000006,0.9236666666666666,0.030833333333333334
2019-08-29,0.0048100000000000035,0.0474,0.9007,0.0519
2019-08-30,0.14191666666666666,0.036,0.8161666666666667,0.14783333333333334
2019-09-03,0.1147,0.0,0.93175,0.06825
2019-09-04,-0.1094111111111111,0.09166666666666667,0.8514444444444444,0.05688888888888889
2019-09-05,0.28082,0.0,0.7974,0.20259999999999997
2019-09-06,0.09545,0.0,0.93225,0.06775
2019-09-09,-0.28498,0.1706,0.8294,0.0
2019-09-10,0.19065,0.02475,0.84365,0.1316
2019-09-11,0.24171538461538458,0.02723076923076923,0.801076923076923,0.1716923076923077
2019-09-12,-0.03423333333333333,0.03766666666666667,0.9623333333333334,0.0
2019-09-13,-0.07971999999999999,0.18560000000000001,0.7424999999999999,0.07189999999999999
2019-09-16,-0.09545,0.04175,0.95825,0.0
2019-09-17,0.22618749999999999,0.052625,0.7482500000000001,0.199125
2019-09-18,0.01868333333333334,0.06566666666666666,0.8693333333333332,0.065
2019-09-19,-0.102525,0.08925,0.8594999999999999,0.05125
2019-09-20,0.0195,0.07057142857142858,0.8618571428571429,0.06757142857142857
2019-09-23,0.1564625,0.013375,0.8797499999999999,0.106875
2019-09-24,0.09176,0.0,0.9624,0.0376
2019-09-25,-0.15603333333333333,0.08800000000000001,0.8496666666666667,0.06233333333333333
2019-09-26,-0.04640000000000001,0.0856,0.8368,0.0776
2019-09-27,0.05303333333333333,0.0,0.9588333333333333,0.041166666666666664
2019-09-30,0.1524777777777778,0.057,0.7686666666666666,0.17433333333333334
2019-10-01,0.052766666666666656,0.1145,0.7758333333333333,0.10966666666666668
2019-10-02,-0.09055714285714286,0.10471428571428572,0.8551428571428572,0.04028571428571428
2019-10-03,0.0193,0.08575,0.8452500000000001,0.069
2019-10-04,0.1351857142857143,0.06307142857142857,0.8002142857142858,0.13678571428571432
2019-10-07,0.121,0.061714285714285715,0.8181428571428572,0.12014285714285713
2019-10-08,-0.005759999999999987,0.11179999999999998,0.78,0.1082
2019-10-09,0.19733,0.0125,0.8841000000000001,0.1034
2019-10-10,0.03712,0.0378,0.9246000000000001,0.0376
2019-10-11,0.30257142857142855,0.03214285714285714,0.7729999999999999,0.1947142857142857
2019-10-14,0.13901428571428576,0.12542857142857142,0.6775714285714286,0.197
2019-10-15,0.22036666666666668,0.0,0.872,0.128
2019-10-16,0.07833333333333334,0.106,0.7283333333333334,0.16533333333333333
2019-10-17,-0.017116666666666665,0.022500000000000003,0.9775,0.0
2019-10-18,0.18889999999999998,0.0,0.8853333333333334,0.11466666666666665
2019-10-21,0.2084625,0.0,0.89025,0.10974999999999999
2019-10-22,0.12858333333333333,0.043166666666666666,0.8471666666666667,0.10966666666666668
2019-10-23,-0.01022,0.0558,0.916,0.028199999999999996
2019-10-24,0.30235,0.0,0.85775,0.14225
2019-10-25,0.22345714285714285,0.02557142857142857,0.8688571428571429,0.10557142857142857
2019-10-28,0.24701052631578949,0.025578947368421052,0.8087894736842105,0.16563157894736838
2019-10-29,0.01964,0.06520000000000001,0.857,0.07780000000000001
2019-10-30,0.1615125,0.0076875,0.8998124999999999,0.0925
2019-10-31,0.11420769230769232,0.03553846153846154,0.8573461538461538,0.10715384615384617
2019-11-01,0.18932000000000002,0.0536,0.8150000000000001,0.13140000000000002
2019-11-04,-0.14496,0.089,0.8648,0.046
2019-11-05,0.37895,0.0,0.7855,0.2145
2019-11-06,0.11099999999999999,0.0366,0.8694,0.094
2019-11-07,0.11503333333333333,0.021666666666666667,0.8753333333333334,0.103
2019-11-08,-0.0138,0.0895,0.8255,0.085
2019-11-10,0.0,0.0,1.0,0.0
2019-11-11,0.14141428571428571,0.04742857142857143,0.8315714285714286,0.12085714285714286
2019-11-12,0.0847,0.079,0.8076666666666666,0.11333333333333333
2019-11-13,0.27655,0.009875,0.787875,0.202375
2019-11-14,0.09444166666666669,0.058750000000000004,0.8239166666666667,0.11733333333333333
2019-11-15,-0.025060000000000006,0.0925,0.8241000000000002,0.08349999999999999
2019-11-18,0.0978,0.019333333333333334,0.9068333333333333,0.07383333333333332
2019-11-19,0.2466,0.0,0.8442000000000001,0.1558
2019-11-20,0.06997,0.0484,0.8154,0.1363
2019-11-21,0.04702,0.0787,0.8074,0.1139
2019-11-22,0.20885999999999996,0.1026,0.708,0.1896
2019-11-25,0.16118333333333332,0.0,0.9248333333333333,0.07516666666666666
2019-11-26,0.072525,0.10075,0.7645,0.13449999999999998
2019-11-27,0.05274285714285713,0.06385714285714285,0.846,0.09
2019-11-29,-0.21839999999999998,0.15825,0.7905,0.05125
2019-12-02,0.00021111111111111254,0.05344444444444444,0.8887777777777779,0.05777777777777778
2019-12-03,-0.184925,0.1205,0.8795000000000001,0.0
2019-12-04,0.11881666666666668,0.0,0.9315000000000001,0.0685
2019-12-05,0.25657142857142856,0.043000000000000003,0.8201428571428571,0.1367142857142857
2019-12-06,0.18106666666666668,0.0,0.8620000000000001,0.13799999999999998
2019-12-09,0.10918181818181819,0.032,0.8873636363636362,0.08063636363636363
2019-12-10,0.212,0.01625,0.8534999999999999,0.13024999999999998
2019-12-11,0.42627499999999996,0.0,0.73675,0.26325
2019-12-12,0.2655857142857143,0.0,0.8341428571428571,0.16585714285714287
2019-12-13,0.3136363636363636,0.03827272727272728,0.7427272727272727,0.21899999999999997
2019-12-16,0.26182857142857147,0.02614285714285714,0.7455714285714284,0.2282857142857143
2019-12-17,-0.04228571428571428,0.01942857142857143,0.9805714285714285,0.0
2019-12-18,0.3990666666666667,0.0,0.6946666666666667,0.30533333333333335
2019-12-19,0.18095714285714284,0.0,0.9058571428571429,0.09414285714285715
2019-12-20,0.123475,0.0,0.913,0.087
2019-12-21,0.0,0.0,1.0,0.0
2019-12-23,0.16142499999999999,0.047,0.8347500000000001,0.11825000000000001
2019-12-24,0.2023,0.0,0.833,0.167
2019-12-26,0.5377,0.0,0.715,0.285
2019-12-27,-0.1147,0.06825,0.93175,0.0
2019-12-30,0.34838571428571424,0.0,0.7827142857142857,0.21728571428571428
2019-12-31,0.1292,0.036,0.8635,0.10049999999999999
2020-01-01,0.0,0.0,1.0,0.0
2020-01-02,0.10393636363636363,0.013,0.9134545454545454,0.07354545454545455
2020-01-03,0.43831,0.0184,0.7224,0.2592
2020-01-06,0.14176,0.0624,0.8001000000000001,0.1375
2020-01-07,0.17080454545454546,0.06386363636363637,0.7659545454545454,0.1701363636363636
2020-01-08,0.06730833333333332,0.03825,0.8765,0.08524999999999999
2020-01-09,0.19274489795918368,0.052469387755102036,0.8082857142857145,0.13924489795918368
2020-01-10,0.13076052631578947,0.03868421052631579,0.8369210526315789,0.12439473684210527
2020-01-11,0.09411428571428572,0.016142857142857143,0.9128571428571428,0.071
2020-01-12,0.16215,0.0,0.87125,0.12875
2020-01-13,0.10905000000000001,0.04552631578947369,0.8480526315789475,0.10639473684210526
2020-01-14,0.10754888888888889,0.06402222222222222,0.8011111111111112,0.1348444444444444
2020-01-15,0.1375464285714286,0.054392857142857146,0.811482142857143,0.13410714285714287
2020-01-16,0.20537454545454542,0.019363636363636364,0.8304727272727275,0.1501636363636363
2020-01-17,0.15487555555555557,0.03353333333333333,0.847622222222222,0.11884444444444446
2020-01-18,0.19156666666666666,0.03466666666666667,0.8458333333333333,0.1195
2020-01-19,0.25314,0.1072,0.6930000000000001,0.19979999999999998
2020-01-20,0.026455555555555548,0.065,0.8410000000000001,0.094
2020-01-21,0.07273333333333333,0.07312962962962963,0.8129629629629629,0.11392592592592592
2020-01-22,0.11389523809523812,0.06261904761904763,0.8042142857142858,0.13314285714285715
2020-01-23,0.14927291666666667,0.036708333333333336,0.8507083333333333,0.11256249999999997
2020-01-24,0.09214782608695656,0.07136956521739131,0.8180869565217391,0.11056521739130433
2020-01-25,0.34604545454545454,0.028545454545454544,0.7604545454545455,0.2109090909090909
2020-01-26,0.04046,0.0,0.9666,0.0334
2020-01-27,-0.048840677966101684,0.10584745762711861,0.8093559322033899,0.0848135593220339
2020-01-28,0.18863461538461537,0.03362820512820513,0.8116794871794869,0.15471794871794872
2020-01-29,0.12462149532710279,0.05349532710280373,0.8327757009345794,0.11376635514018693
2020-01-30,0.07920714285714285,0.0614107142857143,0.8265535714285716,0.11203571428571432
2020-01-31,0.04017179487179489,0.0976153846153846,0.7643846153846154,0.13802564102564102
2020-02-01,-0.1552111111111111,0.13422222222222221,0.8043333333333335,0.061222222222222226
2020-02-02,0.27175,0.0,0.8260000000000001,0.17400000000000002
2020-02-03,0.09171428571428569,0.06148979591836736,0.835469387755102,0.1030408163265306
2020-02-04,0.2032181818181818,0.05024999999999999,0.7689318181818181,0.18077272727272728
2020-02-05,0.009354285714285709,0.08102857142857144,0.8432000000000001,0.07585714285714286
2020-02-06,0.02151818181818182,0.08272727272727273,0.8188181818181818,0.09848484848484848
2020-02-07,0.09683243243243242,0.08224324324324325,0.7779729729729727,0.13981081081081081
2020-02-08,-0.09428571428571429,0.07042857142857142,0.8965714285714286,0.033
2020-02-09,0.1226125,0.06725,0.7828750000000001,0.15012499999999998
2020-02-10,-0.015553846153846158,0.09561538461538459,0.8284038461538462,0.07598076923076923
2020-02-11,0.06390476190476191,0.07152380952380953,0.8095714285714286,0.11890476190476192
2020-02-12,0.11836774193548391,0.0705483870967742,0.794032258064516,0.1354516129032258
2020-02-13,0.08085714285714285,0.04975,0.8499285714285715,0.10032142857142858
2020-02-14,0.067095,0.0503,0.85465,0.09505
2020-02-15,-0.038799999999999994,0.040600000000000004,0.9204000000000001,0.039
2020-02-16,-0.27597499999999997,0.16149999999999998,0.7949999999999999,0.0435
2020-02-17,-0.12510357142857145,0.14364285714285713,0.8172499999999998,0.03907142857142857
2020-02-18,-0.1871955555555555,0.1910666666666667,0.7348666666666666,0.07408148148148147
2020-02-19,0.12053962264150943,0.0669811320754717,0.8071698113207546,0.12583018867924528
2020-02-20,-0.024333333333333325,0.12,0.7885128205128203,0.09151282051282052
2020-02-21,-0.15391891891891893,0.13521621621621618,0.8169189189189188,0.04786486486486487
2020-02-22,0.22341875000000003,0.030750000000000003,0.8233124999999999,0.14593750000000003
2020-02-23,-0.05794999999999999,0.1235,0.7929999999999999,0.0835
2020-02-24,-0.05220476190476192,0.11790476190476187,0.7954920634920636,0.08658730158730157
2020-02-25,-0.23479999999999995,0.17892682926829265,0.7632195121951221,0.05787804878048781
2020-02-26,0.04220909090909091,0.07545454545454545,0.8310909090909092,0.0935
2020-02-27,-0.13627872340425531,0.15270212765957444,0.7668297872340426,0.08051063829787233
2020-02-28,0.0167,0.08712000000000002,0.7924,0.12052000000000002
2020-02-29,-0.28850000000000003,0.226,0.7243333333333334,0.049666666666666665
2020-03-01,-0.2083,0.05666666666666667,0.9433333333333334,0.0
2020-03-02,0.2720054545454545,0.03563636363636364,0.7780909090909093,0.18625454545454548
2020-03-03,-0.01374651162790697,0.10202325581395348,0.8097906976744186,0.08820930232558138
2020-03-04,0.10778285714285715,0.061257142857142864,0.8143428571428573,0.12437142857142856
2020-03-05,0.036309523809523805,0.056619047619047624,0.869952380952381,0.07342857142857144
2020-03-06,-0.06136060606060607,0.11654545454545456,0.8073333333333335,0.0761212121212121
2020-03-07,0.1603,0.028777777777777777,0.8794444444444445,0.09177777777777778
2020-03-08,-0.1200111111111111,0.138,0.7729999999999999,0.089
2020-03-09,-0.23260277777777782,0.18411111111111111,0.7557222222222223,0.06019444444444445
2020-03-10,0.14968571428571428,0.07433333333333333,0.7626904761904763,0.16300000000000003
2020-03-11,0.023581250000000022,0.11153125,0.7728750000000001,0.11559375000000001
2020-03-12,-0.06631176470588235,0.08520588235294117,0.8621470588235294,0.052647058823529415
2020-03-13,0.023174418604651165,0.0843953488372093,0.7924651162790698,0.12316279069767444
2020-03-14,-0.12773529411764706,0.10976470588235294,0.8548235294117648,0.03541176470588236
2020-03-15,-0.05758571428571429,0.13042857142857142,0.792,0.07742857142857142
2020-03-16,-0.05701636363636364,0.09534545454545454,0.8298363636363636,0.07487272727272729
2020-03-17,0.09925500000000001,0.05515000000000001,0.81595,0.12885
2020-03-18,0.06558125000000001,0.10881249999999999,0.7478125,0.14334375000000002
2020-03-19,-0.10270370370370371,0.1328518518518519,0.7852962962962964,0.08185185185185186
2020-03-20,-0.06456923076923078,0.09699999999999999,0.8261153846153846,0.07688461538461538
2020-03-21,0.17521428571428574,0.04842857142857143,0.8244285714285714,0.12714285714285714
2020-03-22,0.04472857142857143,0.06999999999999999,0.8211428571428571,0.1087142857142857
2020-03-23,-0.046147999999999995,0.13492,0.7735599999999999,0.09147999999999999
2020-03-24,0.012577419354838694,0.10038709677419355,0.8032580645161291,0.09638709677419355
2020-03-25,0.08330645161290322,0.07748387096774194,0.8131612903225804,0.10935483870967742
2020-03-26,0.1088133333333333,0.09900000000000002,0.7596000000000002,0.1414
2020-03-27,0.1357818181818182,0.05140909090909091,0.8332272727272727,0.11536363636363638
2020-03-28,-0.04152499999999999,0.22625,0.58425,0.18925
2020-03-29,-0.4075,0.238,0.762,0.0
2020-03-30,0.183,0.06820000000000001,0.7710666666666666,0.16069999999999998
2020-03-31,0.17974827586206896,0.057068965517241374,0.7709655172413794,0.17196551724137935
2020-04-01,-0.01602857142857144,0.10860714285714287,0.7920357142857143,0.09935714285714285
2020-04-02,-0.011981249999999995,0.0944375,0.8214999999999999,0.08406250000000001
2020-04-03,-0.07496451612903227,0.11477419354838711,0.8070967741935484,0.07809677419354838
2020-04-04,-0.03366666666666667,0.07766666666666668,0.8333333333333334,0.08900000000000001
2020-04-05,0.1066857142857143,0.06914285714285714,0.8149999999999998,0.11585714285714287
2020-04-06,0.04772962962962963,0.08940740740740741,0.8080740740740743,0.1025925925925926
