,date,em_tweets3_compound,em_tweets3_sentiment
0,2010-06-04,0.4939,1
1,2011-12-01,0.8932,1
2,2011-12-03,0.5994,1
3,2011-12-04,0.7346,1
4,2011-12-21,1.6115999999999997,1
5,2011-12-22,0.4019,1
6,2011-12-24,0.7695,1
7,2011-12-26,1.6001,1
8,2011-12-27,0.7579,1
9,2011-12-28,0.7485,1
10,2011-12-29,2.3767,1
11,2011-12-30,4.0647,1
12,2011-12-31,-0.8243,-1
13,2012-01-01,0.7739,1
14,2012-01-03,1.7167,1
15,2012-01-06,0.3182,1
16,2012-01-11,0.6616,1
17,2012-01-12,0.7353000000000001,1
18,2012-01-13,0.34,1
19,2012-01-14,-0.8027,-1
20,2012-01-17,0.3819,1
21,2012-01-18,-0.4939,-1
22,2012-01-22,0.0,-1
23,2012-01-23,0.6361,1
24,2012-01-24,0.17360000000000006,1
25,2012-01-27,0.5994,1
26,2012-01-28,0.2203,1
27,2012-01-31,0.079,1
28,2012-02-01,0.9537,1
29,2012-02-02,0.4576,1
30,2012-02-04,0.6369,1
31,2012-02-05,0.0,-1
32,2012-02-06,0.25,1
33,2012-02-07,0.6096,1
34,2012-02-08,0.7552,1
35,2012-02-09,0.5106,1
36,2012-02-10,0.7189,1
37,2012-02-12,0.5859,1
38,2012-02-14,0.3612,1
39,2012-02-17,0.2023,1
40,2012-02-21,0.4199,1
41,2012-02-22,0.128,1
42,2012-02-25,1.0263,1
43,2012-02-28,0.4588,1
44,2012-02-29,0.0,-1
45,2012-03-02,0.0,-1
46,2012-03-07,0.0,-1
47,2012-03-11,0.5719,1
48,2012-03-12,0.126,1
49,2012-03-13,0.6956,1
50,2012-03-14,0.0,-1
51,2012-03-15,0.7063,1
52,2012-03-20,0.8439,1
53,2012-03-22,0.6124,1
54,2012-03-28,0.0,-1
55,2012-03-31,0.937,1
56,2012-04-01,0.4019,1
57,2012-04-03,0.1027,1
58,2012-04-04,0.6369,1
59,2012-04-05,1.3818,1
60,2012-04-09,1.4243,1
61,2012-04-11,0.7506,1
62,2012-04-14,0.6249,1
63,2012-04-18,0.2263,1
64,2012-04-19,1.3889,1
65,2012-04-21,0.5994,1
66,2012-04-22,0.6588,1
67,2012-04-23,0.8679,1
68,2012-04-24,0.4588,1
69,2012-04-30,0.3007000000000001,1
70,2012-05-03,1.1203,1
71,2012-05-05,0.7322,1
72,2012-05-08,0.3612,1
73,2012-05-09,0.5562,1
74,2012-05-10,0.743,1
75,2012-05-11,-0.3698,-1
76,2012-05-14,-0.6597,-1
77,2012-05-19,0.3017,1
78,2012-05-20,0.6597,1
79,2012-05-22,4.0271,1
80,2012-05-23,0.0,-1
81,2012-05-24,0.6486,1
82,2012-05-25,0.6588,1
83,2012-05-31,0.318,1
84,2012-06-05,0.0,-1
85,2012-06-14,0.4404,1
86,2012-06-16,0.5994,1
87,2012-06-18,0.325,1
88,2012-06-20,0.4588,1
89,2012-06-22,0.0,-1
90,2012-06-27,0.8963,1
91,2012-06-28,0.0,-1
92,2012-06-30,0.5423,1
93,2012-07-01,0.8918,1
94,2012-07-05,0.2791,1
95,2012-07-07,0.0772,1
96,2012-07-12,0.6429,1
97,2012-07-14,-0.6597,-1
98,2012-07-15,0.6369,1
99,2012-07-17,0.902,1
100,2012-07-21,1.2955,1
101,2012-07-23,-0.8422,-1
102,2012-07-27,2.4688,1
103,2012-07-31,1.9521,1
104,2012-08-01,2.2315,1
105,2012-08-03,1.5894,1
106,2012-08-04,0.3506,1
107,2012-08-13,-0.6908,-1
108,2012-08-22,1.6086,1
109,2012-08-25,0.6486,1
110,2012-08-27,0.6846,1
111,2012-08-29,1.1474,1
112,2012-09-06,0.0,-1
113,2012-09-13,0.5859,1
114,2012-09-14,0.2263,1
115,2012-09-17,0.5697,1
116,2012-09-19,0.0,-1
117,2012-09-22,0.0,-1
118,2012-09-24,0.1604,1
119,2012-09-25,0.6369,1
120,2012-09-30,-0.0276,-1
121,2012-10-01,-0.128,-1
122,2012-10-02,0.0,-1
123,2012-10-03,-0.0772,-1
124,2012-10-04,0.0,-1
125,2012-10-07,0.0,-1
126,2012-10-08,0.4003,1
127,2012-10-11,0.0,-1
128,2012-10-22,0.0,-1
129,2012-10-28,1.9648,1
130,2012-11-03,0.0,-1
131,2012-11-06,0.4926,1
132,2012-11-07,0.0,-1
133,2012-11-12,0.6249,1
134,2012-11-13,0.6696,1
135,2012-11-16,0.9779,1
136,2012-11-19,0.6989,1
137,2012-11-20,-0.5617000000000001,-1
138,2012-11-21,0.7717,1
139,2012-11-22,0.9329,1
140,2012-11-23,0.7783,1
141,2012-11-24,0.0,-1
142,2012-11-25,0.0,-1
143,2012-11-27,0.6302000000000001,1
144,2012-11-28,0.6474,1
145,2012-11-29,0.4926,1
146,2012-12-02,0.2481,1
147,2012-12-04,0.8834,1
148,2012-12-05,0.3182,1
149,2012-12-09,0.5707,1
150,2012-12-11,0.75,1
151,2012-12-12,1.3554,1
152,2012-12-14,-0.4653,-1
153,2012-12-17,0.5994,1
154,2012-12-19,1.6609,1
155,2012-12-24,-0.29600000000000004,-1
156,2012-12-25,1.1796,1
157,2012-12-29,-0.6886000000000001,-1
158,2013-01-04,0.8365,1
159,2013-01-10,0.9819,1
160,2013-01-15,0.3612,1
161,2013-01-18,0.8625,1
162,2013-01-26,0.6597,1
163,2013-01-30,0.0,-1
164,2013-02-04,0.8120999999999999,1
165,2013-02-08,-0.507,-1
166,2013-02-09,-0.1759,-1
167,2013-02-10,0.0,-1
168,2013-02-11,2.7293,1
169,2013-02-14,0.0,-1
170,2013-02-15,0.6808,1
171,2013-02-16,-0.3818,-1
172,2013-02-18,0.8591,1
173,2013-02-19,0.69,1
174,2013-02-23,0.807,1
175,2013-02-25,0.9132,1
176,2013-02-26,0.5423,1
177,2013-02-27,0.35600000000000004,1
178,2013-03-01,5.5969000000000015,1
179,2013-03-02,0.0,-1
180,2013-03-06,0.3612,1
181,2013-03-08,2.4549,1
182,2013-03-09,-0.8207,-1
183,2013-03-10,0.0,-1
184,2013-03-17,0.35700000000000004,1
185,2013-03-19,0.4215,1
186,2013-03-20,0.802,1
187,2013-03-23,4.2551,1
188,2013-03-24,0.29600000000000004,1
189,2013-03-25,-0.1938,-1
190,2013-03-26,0.7576,1
191,2013-03-29,-0.04250000000000004,-1
192,2013-03-30,0.9228,1
193,2013-03-31,1.3764,1
194,2013-04-01,3.0479000000000003,1
195,2013-04-02,2.5575,1
196,2013-04-03,0.6249,1
197,2013-04-08,-0.10210000000000008,-1
198,2013-04-09,1.8386,1
199,2013-04-10,1.2721,1
200,2013-04-11,1.5436,1
201,2013-04-13,0.7096,1
202,2013-04-17,0.9213,1
203,2013-04-18,0.4019,1
204,2013-04-21,0.8398,1
205,2013-04-22,1.1857,1
206,2013-04-23,1.6291000000000002,1
207,2013-04-24,0.413,1
208,2013-04-25,2.176,1
209,2013-04-26,-0.10180000000000004,-1
210,2013-04-28,-0.6597,-1
211,2013-04-30,0.5707,1
212,2013-05-01,1.6264,1
213,2013-05-02,0.6662,1
214,2013-05-03,5.5635,1
215,2013-05-04,1.9736,1
216,2013-05-05,1.8651,1
217,2013-05-06,1.247,1
218,2013-05-07,0.01749999999999996,1
219,2013-05-08,1.1295,1
220,2013-05-09,0.7935,1
221,2013-05-12,2.4925,1
222,2013-05-13,1.6219999999999999,1
223,2013-05-14,0.6249,1
224,2013-05-15,0.0,-1
225,2013-05-18,0.6705,1
226,2013-05-19,-0.2085,-1
227,2013-05-20,0.5106,1
228,2013-05-22,0.0,-1
229,2013-05-23,-0.3336,-1
230,2013-05-24,-1.0001,-1
231,2013-05-25,6.640200000000001,1
232,2013-05-26,0.2081,1
233,2013-05-30,0.6486,1
234,2013-06-03,0.5342,1
235,2013-06-05,0.0,-1
236,2013-06-06,-0.6382,-1
237,2013-06-08,0.8413999999999999,1
238,2013-06-10,-0.34,-1
239,2013-06-12,0.6651,1
240,2013-06-18,0.1154,1
241,2013-06-19,0.0,-1
242,2013-06-20,0.0,-1
243,2013-06-21,-0.6369,-1
244,2013-06-24,0.0,-1
245,2013-06-25,0.3774,1
246,2013-06-28,1.4506,1
247,2013-06-29,0.0,-1
248,2013-06-30,0.6115,1
249,2013-07-02,0.795,1
250,2013-07-06,0.0,-1
251,2013-07-09,1.0539,1
252,2013-07-10,1.0354,1
253,2013-07-15,0.8962,1
254,2013-07-23,0.5562,1
255,2013-07-24,-0.0516,-1
256,2013-07-28,0.0,-1
257,2013-08-01,0.0,-1
258,2013-08-07,0.0,-1
259,2013-08-12,0.5873,1
260,2013-08-14,-0.1027,-1
261,2013-08-16,0.0,-1
262,2013-08-20,0.7906,1
263,2013-08-23,1.6699,1
264,2013-08-24,0.4926,1
265,2013-09-04,0.1531,1
266,2013-09-05,0.4939,1
267,2013-09-06,0.0,-1
268,2013-09-07,-0.34,-1
269,2013-09-10,0.433,1
270,2013-09-13,0.3541,1
271,2013-09-15,0.7251,1
272,2013-09-18,0.536,1
273,2013-09-19,0.765,1
274,2013-09-20,0.9799,1
275,2013-09-25,1.4004,1
276,2013-09-26,0.0,-1
277,2013-09-27,0.0,-1
278,2013-09-29,3.1211,1
279,2013-10-04,-0.34,-1
280,2013-10-12,0.4588,1
281,2013-10-26,0.0,-1
282,2013-10-30,0.5562,1
283,2013-11-02,0.7568,1
284,2013-11-10,-0.4767,-1
285,2013-11-12,0.0,-1
286,2013-11-14,-0.4404,-1
287,2013-11-19,-1.8519999999999999,-1
288,2013-11-21,0.4404,1
289,2013-11-23,1.2618999999999998,1
290,2013-11-24,0.4404,1
291,2013-11-26,0.8617,1
292,2013-11-28,3.1461,1
293,2013-11-29,0.0,-1
294,2013-11-30,0.9107,1
295,2013-12-02,0.9557,1
296,2013-12-03,3.7045,1
297,2013-12-04,0.0,-1
298,2013-12-05,0.7777,1
299,2013-12-10,-0.6114,-1
300,2013-12-19,0.4588,1
301,2013-12-21,0.7397,1
302,2013-12-22,0.8316,1
303,2013-12-25,0.5848,1
304,2013-12-26,0.5256,1
305,2014-01-06,1.3704999999999998,1
306,2014-01-07,-0.2732,-1
307,2014-01-23,0.0,-1
308,2014-01-26,0.5562,1
309,2014-01-30,0.4389,1
310,2014-02-02,-0.3802,-1
311,2014-02-07,0.743,1
312,2014-02-09,1.6854,1
313,2014-02-11,0.0258,1
314,2014-02-14,0.5093,1
315,2014-02-24,0.0,-1
316,2014-02-25,0.4404,1
317,2014-03-05,0.6597,1
318,2014-03-07,0.8461,1
319,2014-03-10,0.7845,1
320,2014-03-11,-0.038500000000000034,-1
321,2014-03-14,2.4979,1
322,2014-03-17,-0.7579,-1
323,2014-03-19,0.2732,1
324,2014-03-25,0.0,-1
325,2014-03-31,0.3382,1
326,2014-04-01,0.0,-1
327,2014-04-05,1.0282,1
328,2014-04-07,2.1629,1
329,2014-04-08,0.1027,1
330,2014-04-17,0.7783,1
331,2014-04-18,3.5326000000000004,1
332,2014-04-19,0.4668,1
333,2014-04-24,0.6808,1
334,2014-04-26,0.3818,1
335,2014-04-29,1.1183999999999998,1
336,2014-05-02,0.0,-1
337,2014-05-08,-0.1531,-1
338,2014-05-10,0.5411,1
339,2014-05-14,0.7506,1
340,2014-05-22,0.7845,1
341,2014-05-23,0.8531,1
342,2014-05-24,1.3587,1
343,2014-05-25,0.8687,1
344,2014-05-29,0.3596,1
345,2014-05-31,0.0,-1
346,2014-06-04,-0.631,-1
347,2014-06-11,0.3182,1
348,2014-06-12,0.3653,1
349,2014-06-17,0.25,1
350,2014-06-19,0.4404,1
351,2014-07-01,0.2023,1
352,2014-07-10,0.1779,1
353,2014-07-14,0.3986,1
354,2014-07-19,-0.0258,-1
355,2014-07-23,0.0,-1
356,2014-07-26,0.0,-1
357,2014-08-03,3.0307,1
358,2014-08-05,1.3689,1
359,2014-08-15,0.6751,1
360,2014-08-19,0.0,-1
361,2014-08-23,0.1857,1
362,2014-08-25,1.5815,1
363,2014-09-01,0.10099999999999999,1
364,2014-09-07,-0.2846,-1
365,2014-09-08,0.5719,1
366,2014-09-09,0.6542,1
367,2014-09-10,0.0,-1
368,2014-09-11,0.0,-1
369,2014-09-16,1.7872,1
370,2014-09-20,1.15,1
371,2014-09-29,0.1531,1
372,2014-10-02,0.8149,1
373,2014-10-09,0.0,-1
374,2014-10-11,0.0,-1
375,2014-10-16,0.0,-1
376,2014-10-17,0.0,-1
377,2014-10-18,0.0,-1
378,2014-10-26,0.0,-1
379,2014-10-28,1.5983999999999998,1
380,2014-10-31,0.3612,1
381,2014-11-04,0.0,-1
382,2014-11-07,0.34,1
383,2014-11-11,0.6142000000000001,1
384,2014-11-18,0.0,-1
385,2014-11-19,-0.22650000000000006,-1
386,2014-11-21,0.2023,1
387,2014-11-22,0.10859999999999996,1
388,2014-11-23,0.08810000000000001,1
389,2014-11-24,0.5093,1
390,2014-12-08,1.3704,1
391,2014-12-19,-0.0635,-1
392,2014-12-20,0.1759,1
393,2014-12-25,0.5848,1
394,2014-12-26,0.6846,1
395,2014-12-30,0.0,-1
396,2014-12-31,0.4767,1
397,2015-01-05,0.6808,1
398,2015-01-06,0.2023,1
399,2015-01-10,2.5402,1
400,2015-01-11,0.7717,1
401,2015-01-12,0.4588,1
402,2015-01-15,1.1457,1
403,2015-01-16,0.28319999999999995,1
404,2015-01-17,0.0,-1
405,2015-01-20,0.0,-1
406,2015-01-23,2.0116,1
407,2015-01-26,0.6277,1
408,2015-01-28,0.34,1
409,2015-01-29,0.26890000000000003,1
410,2015-01-30,0.3182,1
411,2015-02-08,0.5762999999999999,1
412,2015-02-10,0.8017,1
413,2015-02-11,2.5723000000000003,1
414,2015-02-12,0.0,-1
415,2015-02-24,0.6369,1
416,2015-02-26,0.8653,1
417,2015-03-02,0.3669,1
418,2015-03-07,0.0,-1
419,2015-03-08,-0.29600000000000004,-1
420,2015-03-11,-0.2263,-1
421,2015-03-12,0.5628,1
422,2015-03-13,0.6376,1
423,2015-03-14,0.4767,1
424,2015-03-15,0.0,-1
425,2015-03-16,-0.2554,-1
426,2015-03-17,2.1006,1
427,2015-03-18,0.6696,1
428,2015-03-21,0.5219,1
429,2015-03-22,0.5859,1
430,2015-03-23,-0.0414,-1
431,2015-03-24,-0.3020999999999999,-1
432,2015-03-30,0.0,-1
433,2015-03-31,0.7412000000000001,1
434,2015-04-01,0.5859,1
435,2015-04-04,-0.4588,-1
436,2015-04-06,1.0065,1
437,2015-04-09,0.0,-1
438,2015-04-11,1.1308,1
439,2015-04-12,0.4926,1
440,2015-04-13,1.1499,1
441,2015-04-14,0.4869,1
442,2015-04-15,-0.4277,-1
443,2015-04-18,0.7198,1
444,2015-04-19,1.1597,1
445,2015-04-23,0.4215,1
446,2015-04-27,1.1888999999999998,1
447,2015-04-29,0.4404,1
448,2015-04-30,0.8779,1
449,2015-05-01,0.6947,1
450,2015-05-02,0.0,-1
451,2015-05-03,0.8200000000000001,1
452,2015-05-04,0.4927,1
453,2015-05-05,-0.6597,-1
454,2015-05-06,0.2023,1
455,2015-05-12,1.0802999999999998,1
456,2015-05-19,0.0,-1
457,2015-05-22,1.0773,1
458,2015-05-27,0.34,1
459,2015-06-01,0.7906,1
460,2015-06-12,0.4926,1
461,2015-06-15,1.2128,1
462,2015-06-19,0.8398,1
463,2015-06-23,0.4939,1
464,2015-06-27,2.7551,1
465,2015-06-28,0.6125,1
466,2015-06-29,0.0,-1
467,2015-07-06,0.0258,1
468,2015-07-17,0.0,-1
469,2015-07-18,-0.3612,-1
470,2015-07-27,0.0,-1
471,2015-07-28,-0.3195000000000001,-1
472,2015-07-30,1.2022,1
473,2015-07-31,0.4731,1
474,2015-08-06,-0.022000000000000002,-1
475,2015-08-08,0.0,-1
476,2015-08-16,0.6249,1
477,2015-08-17,0.0,-1
478,2015-08-22,1.1154,1
479,2015-09-02,0.1531,1
480,2015-09-12,0.4926,1
481,2015-09-13,0.4588,1
482,2015-09-14,1.3167,1
483,2015-09-23,0.7783,1
484,2015-09-25,0.6369,1
485,2015-09-27,0.6249,1
486,2015-09-29,0.4588,1
487,2015-09-30,-0.3535,-1
488,2015-10-02,2.4127,1
489,2015-10-03,0.6369,1
490,2015-10-09,1.5125,1
491,2015-10-10,0.0,-1
492,2015-10-11,0.5597000000000001,1
493,2015-10-14,0.6808,1
494,2015-10-15,1.2855,1
495,2015-10-17,1.2966,1
496,2015-10-19,0.7906,1
497,2015-10-21,2.8893,1
498,2015-10-22,1.1311,1
499,2015-10-23,1.9091,1
500,2015-10-25,2.4159,1
501,2015-10-26,1.2077,1
502,2015-10-27,0.765,1
503,2015-10-29,-0.031000000000000024,-1
504,2015-10-30,0.8478,1
505,2015-11-01,0.0,-1
506,2015-11-02,0.3382,1
507,2015-11-04,0.0,-1
508,2015-11-08,0.4574,1
509,2015-11-20,1.5919,1
510,2015-11-24,2.6176,1
511,2015-12-02,0.0,-1
512,2015-12-03,0.4404,1
513,2015-12-04,0.4753,1
514,2015-12-06,0.8807,1
515,2015-12-09,0.5859,1
516,2015-12-10,0.4263,1
517,2015-12-11,0.0,-1
518,2015-12-17,0.0,-1
519,2015-12-18,1.0619999999999998,1
520,2015-12-19,1.2627000000000002,1
521,2015-12-20,0.743,1
522,2015-12-21,0.4588,1
523,2015-12-22,2.134,1
524,2016-01-01,0.4075,1
525,2016-01-02,0.0772,1
526,2016-01-10,0.2057,1
527,2016-01-11,-0.4404,-1
528,2016-01-12,1.1496,1
529,2016-01-16,0.0644,1
530,2016-01-17,2.395,1
531,2016-01-18,0.4404,1
532,2016-01-19,0.9246,1
533,2016-01-20,0.0,-1
534,2016-01-23,0.4019,1
535,2016-02-03,-0.128,-1
536,2016-02-05,-0.29600000000000004,-1
537,2016-02-10,0.6369,1
538,2016-02-11,0.32,1
539,2016-02-16,1.3974,1
540,2016-02-17,0.4019,1
541,2016-02-18,1.2986,1
542,2016-02-19,1.0269,1
543,2016-02-20,0.0,-1
544,2016-02-21,0.4682,1
545,2016-02-23,0.0,-1
546,2016-02-24,0.8402,1
547,2016-02-27,2.3476,1
548,2016-02-28,1.5316999999999998,1
549,2016-02-29,-0.4404,-1
550,2016-03-01,1.0009,1
551,2016-03-02,0.15230000000000002,1
552,2016-03-04,0.0,-1
553,2016-03-05,2.0429,1
554,2016-03-06,0.3124,1
555,2016-03-09,0.5479,1
556,2016-03-18,0.3182,1
557,2016-03-19,0.0,-1
558,2016-03-20,0.0,-1
559,2016-03-29,0.5859,1
560,2016-03-30,1.6705,1
561,2016-03-31,2.1659999999999995,1
562,2016-04-01,4.377,1
563,2016-04-02,2.2952,1
564,2016-04-03,9.4766,1
565,2016-04-04,2.9381,1
566,2016-04-05,0.0,-1
567,2016-04-06,-0.4417,-1
568,2016-04-07,-0.5691999999999999,-1
569,2016-04-08,3.0241,1
570,2016-04-09,1.6387,1
571,2016-04-10,-0.4552,-1
572,2016-04-11,1.3107,1
573,2016-04-14,0.6249,1
574,2016-04-17,0.2641,1
575,2016-04-18,0.4019,1
576,2016-04-20,1.1306,1
577,2016-04-24,0.5927,1
578,2016-04-27,0.3771,1
579,2016-04-29,-0.37799999999999995,-1
580,2016-04-30,3.7889999999999997,1
581,2016-05-01,1.8215,1
582,2016-05-02,0.9905,1
583,2016-05-05,0.9738,1
584,2016-05-06,2.2231,1
585,2016-05-07,1.6009,1
586,2016-05-10,0.0,-1
587,2016-05-12,0.7859,1
588,2016-05-14,0.893,1
589,2016-05-15,-0.0772,-1
590,2016-05-16,1.4409999999999998,1
591,2016-05-17,0.4201,1
592,2016-05-18,0.10390000000000003,1
593,2016-05-19,0.6249,1
594,2016-05-22,0.09,1
595,2016-05-25,0.8313,1
596,2016-05-26,0.4131,1
597,2016-05-27,1.1877,1
598,2016-05-28,-0.2574,-1
599,2016-05-29,0.4877,1
600,2016-05-30,0.4404,1
601,2016-06-01,0.4404,1
602,2016-06-02,0.6124,1
603,2016-06-03,1.6963,1
604,2016-06-04,0.1337,1
605,2016-06-05,1.6188,1
606,2016-06-06,0.0,-1
607,2016-06-07,0.0,-1
608,2016-06-08,0.7631,1
609,2016-06-09,-0.29600000000000004,-1
610,2016-06-10,0.5938999999999999,1
611,2016-06-11,0.29600000000000004,1
612,2016-06-12,-0.15320000000000006,-1
613,2016-06-15,1.7813,1
614,2016-06-17,0.6266,1
615,2016-06-19,0.8567,1
616,2016-06-20,1.4347,1
617,2016-06-22,-0.5994,-1
618,2016-06-27,0.8274999999999999,1
619,2016-06-28,0.8016,1
620,2016-06-29,0.6560999999999999,1
621,2016-06-30,-0.6878,-1
622,2016-07-05,-0.9502,-1
623,2016-07-06,0.9046,1
624,2016-07-08,-0.15339999999999998,-1
625,2016-07-09,0.6004,1
626,2016-07-10,0.8297,1
627,2016-07-12,0.8326,1
628,2016-07-13,0.4215,1
629,2016-07-14,-0.4742999999999999,-1
630,2016-07-15,2.2487,1
631,2016-07-16,2.9962,1
632,2016-07-17,6.6043,1
633,2016-07-18,2.4696,1
634,2016-07-19,0.0,-1
635,2016-07-20,-0.38299999999999995,-1
636,2016-07-21,1.4061,1
637,2016-07-22,0.4019,1
638,2016-07-23,0.3818,1
639,2016-07-25,0.4019,1
640,2016-07-26,0.4215,1
641,2016-07-27,1.2318,1
642,2016-07-28,0.4404,1
643,2016-07-29,1.1626,1
644,2016-07-30,1.8422,1
645,2016-07-31,0.0,-1
646,2016-08-01,0.2235,1
647,2016-08-07,0.1531,1
648,2016-08-09,1.5725,1
649,2016-08-10,0.0,-1
650,2016-08-11,0.8805,1
651,2016-08-14,0.4019,1
652,2016-08-15,0.0,-1
653,2016-08-22,-0.4588,-1
654,2016-08-23,0.0,-1
655,2016-08-28,1.0957,1
656,2016-08-30,0.6908,1
657,2016-08-31,1.2197,1
658,2016-09-01,-0.6348,-1
659,2016-09-09,0.6721999999999999,1
660,2016-09-10,-0.659,-1
661,2016-09-13,-0.16410000000000002,-1
662,2016-09-16,0.8849,1
663,2016-09-17,2.7977,1
664,2016-09-18,0.0,-1
665,2016-09-19,0.7845,1
666,2016-09-21,0.6681,1
667,2016-09-22,0.6904999999999999,1
668,2016-09-23,0.4404,1
669,2016-09-26,0.7056999999999998,1
670,2016-09-27,0.925,1
671,2016-09-28,0.8514,1
672,2016-10-01,0.4019,1
673,2016-10-02,2.9113,1
674,2016-10-04,1.0812,1
675,2016-10-05,0.9109,1
676,2016-10-06,0.0,-1
677,2016-10-07,-0.5994,-1
678,2016-10-09,0.5089,1
679,2016-10-10,0.08720000000000007,1
680,2016-10-13,-0.4767,-1
681,2016-10-16,0.4926,1
682,2016-10-18,0.0,-1
683,2016-10-19,-0.4019,-1
684,2016-10-20,2.8622,1
685,2016-10-22,0.0,-1
686,2016-10-23,0.0,-1
687,2016-10-24,0.743,1
688,2016-10-26,0.7783,1
689,2016-10-27,0.9176,1
690,2016-10-29,3.0809,1
691,2016-11-02,0.4019,1
692,2016-11-03,1.351,1
693,2016-11-04,6.1076,1
694,2016-11-05,2.2476,1
695,2016-11-06,0.7184,1
696,2016-11-07,0.8266,1
697,2016-11-15,0.6696,1
698,2016-11-16,2.9922,1
699,2016-11-17,0.7088,1
700,2016-11-18,0.0,-1
701,2016-11-19,0.9068,1
702,2016-11-22,0.8877,1
703,2016-11-23,0.4019,1
704,2016-11-27,0.0,-1
705,2016-12-01,0.0,-1
706,2016-12-07,0.7499,1
707,2016-12-08,0.2732,1
708,2016-12-09,0.0,-1
709,2016-12-11,0.4588,1
710,2016-12-17,-0.9775,-1
711,2016-12-18,0.0,-1
712,2016-12-21,0.0,-1
713,2016-12-22,1.1212,1
714,2016-12-23,3.3118,1
715,2016-12-24,0.9715999999999996,1
716,2016-12-30,0.0,-1
717,2016-12-31,1.0898,1
718,2017-01-05,0.1531,1
719,2017-01-06,0.0,-1
720,2017-01-07,0.6249,1
721,2017-01-08,0.758,1
722,2017-01-10,0.34,1
723,2017-01-11,0.17520000000000002,1
724,2017-01-12,2.4128000000000003,1
725,2017-01-14,0.6249,1
726,2017-01-15,0.0,-1
727,2017-01-16,0.4567999999999999,1
728,2017-01-18,0.4588,1
729,2017-01-19,1.9048,1
730,2017-01-21,1.3934,1
731,2017-01-22,1.6019,1
732,2017-01-23,0.7351,1
733,2017-01-24,3.2989,1
734,2017-01-25,1.7542999999999995,1
735,2017-01-27,1.1837,1
736,2017-01-28,-0.3468,-1
737,2017-01-29,-0.8942999999999999,-1
738,2017-01-30,3.6608,1
739,2017-01-31,-0.4019,-1
740,2017-02-02,0.4019,1
741,2017-02-03,0.0,-1
742,2017-02-04,2.4968,1
743,2017-02-05,7.7596,1
744,2017-02-07,1.528,1
745,2017-02-08,0.0,-1
746,2017-02-09,0.0,-1
747,2017-02-10,0.7769999999999999,1
748,2017-02-11,0.6597,1
749,2017-02-15,1.4214,1
750,2017-02-16,4.3389,1
751,2017-02-17,0.5687,1
752,2017-02-18,2.264,1
753,2017-02-19,-0.29600000000000004,-1
754,2017-02-23,0.5719,1
755,2017-02-24,2.7648,1
756,2017-02-25,0.6249,1
757,2017-02-27,0.29600000000000004,1
758,2017-02-28,-0.1798,-1
759,2017-03-02,0.9215,1
760,2017-03-06,0.4926,1
761,2017-03-10,0.6732,1
762,2017-03-11,0.9041,1
763,2017-03-12,4.8616,1
764,2017-03-13,0.29600000000000004,1
765,2017-03-14,0.365,1
766,2017-03-16,0.7269,1
767,2017-03-22,-0.29600000000000004,-1
768,2017-03-23,0.3612,1
769,2017-03-24,8.7058,1
770,2017-03-28,-0.5885999999999999,-1
771,2017-03-29,0.0,-1
772,2017-03-30,0.5697,1
773,2017-03-31,3.7166,1
774,2017-04-01,-0.9301,-1
775,2017-04-02,0.03069999999999995,1
776,2017-04-03,0.0,-1
777,2017-04-05,0.0,-1
778,2017-04-07,0.6486,1
779,2017-04-12,1.3979,1
780,2017-04-13,0.6705,1
781,2017-04-17,0.6282,1
782,2017-04-18,0.1779,1
783,2017-04-23,-0.29600000000000004,-1
784,2017-04-24,1.3657,1
785,2017-04-27,-0.2263,-1
786,2017-04-28,-0.9741,-1
787,2017-05-01,0.3490999999999999,1
788,2017-05-04,0.8312,1
789,2017-05-05,1.1529,1
790,2017-05-07,1.092,1
791,2017-05-09,-0.15900000000000006,-1
792,2017-05-10,2.3488,1
793,2017-05-11,0.9540000000000001,1
794,2017-05-12,-0.4537,-1
795,2017-05-13,0.29600000000000004,1
796,2017-05-14,1.0966,1
797,2017-05-16,0.0,-1
798,2017-05-17,-0.8074,-1
799,2017-05-19,0.95,1
800,2017-05-21,0.4019,1
801,2017-05-22,6.6748,1
802,2017-05-23,1.2482000000000002,1
803,2017-05-24,1.2866,1
804,2017-05-25,1.1857,1
805,2017-05-26,0.7419,1
806,2017-05-27,0.6960999999999999,1
807,2017-05-29,0.5023,1
808,2017-05-31,1.2107,1
809,2017-06-01,0.4412,1
810,2017-06-02,0.7096,1
811,2017-06-03,0.0,-1
812,2017-06-04,1.3386,1
813,2017-06-05,0.9496,1
814,2017-06-06,0.8162999999999999,1
815,2017-06-07,2.2509,1
816,2017-06-08,6.981500000000001,1
817,2017-06-09,-0.7368000000000001,-1
818,2017-06-10,1.3339,1
819,2017-06-11,0.8992,1
820,2017-06-13,1.9476,1
821,2017-06-14,0.4767,1
822,2017-06-16,1.2789,1
823,2017-06-17,0.9431,1
824,2017-06-18,0.7274999999999999,1
825,2017-06-19,-0.29600000000000004,-1
826,2017-06-20,0.7444999999999999,1
827,2017-06-21,-0.2201,-1
828,2017-06-22,0.4385999999999999,1
829,2017-06-23,1.0826,1
830,2017-06-24,0.0,-1
831,2017-06-25,1.3607999999999998,1
832,2017-06-26,0.09720000000000006,1
833,2017-06-28,-0.035,-1
834,2017-06-29,1.4265,1
835,2017-06-30,0.659,1
836,2017-07-02,1.8734,1
837,2017-07-03,1.2141,1
838,2017-07-04,0.4215,1
839,2017-07-05,0.8658,1
840,2017-07-06,1.2578,1
841,2017-07-07,0.0,-1
842,2017-07-08,-0.29600000000000004,-1
843,2017-07-09,-0.1027,-1
844,2017-07-11,4.0876,1
845,2017-07-12,0.2716,1
846,2017-07-13,1.9847,1
847,2017-07-14,4.8664,1
848,2017-07-15,0.6329,1
849,2017-07-17,-0.2499000000000001,-1
850,2017-07-19,0.1655,1
851,2017-07-20,4.0906,1
852,2017-07-21,2.5988,1
853,2017-07-22,0.5875,1
854,2017-07-25,1.4299,1
855,2017-07-26,0.19240000000000007,1
856,2017-07-27,0.0,-1
857,2017-07-28,1.0431,1
858,2017-07-29,2.9778,1
859,2017-07-30,-0.8203,-1
860,2017-07-31,1.2703,1
861,2017-08-01,0.6369,1
862,2017-08-02,2.1874,1
863,2017-08-03,0.0,-1
864,2017-08-04,0.0,-1
865,2017-08-05,1.7698,1
866,2017-08-06,0.7837999999999999,1
867,2017-08-10,0.3804,1
868,2017-08-11,2.1648,1
869,2017-08-12,2.9441999999999995,1
870,2017-08-13,0.4588,1
871,2017-08-14,3.2545,1
872,2017-08-18,-0.09950000000000003,-1
873,2017-08-19,2.1407,1
874,2017-08-20,0.1531,1
875,2017-08-21,1.3147,1
876,2017-08-22,0.2622,1
877,2017-08-23,2.211,1
878,2017-08-25,0.5532999999999999,1
879,2017-08-26,0.29600000000000004,1
880,2017-08-27,3.1013,1
881,2017-08-28,1.8162,1
882,2017-08-29,0.25,1
883,2017-08-30,0.6729999999999999,1
884,2017-08-31,0.5688,1
885,2017-09-04,-0.1181000000000002,-1
886,2017-09-08,0.0,-1
887,2017-09-12,0.4019,1
888,2017-09-13,0.2263,1
889,2017-09-14,0.5549999999999999,1
890,2017-09-15,0.4588,1
891,2017-09-16,0.1761,1
892,2017-09-19,0.3182,1
893,2017-09-20,0.4789,1
894,2017-09-24,0.6369,1
895,2017-09-25,0.9499,1
896,2017-09-26,1.7412999999999998,1
897,2017-09-27,0.2263,1
898,2017-09-28,1.2932,1
899,2017-09-29,1.4043,1
900,2017-10-02,0.2669,1
901,2017-10-04,0.0,-1
902,2017-10-05,3.8363,1
903,2017-10-06,1.0815,1
904,2017-10-07,-0.2584,-1
905,2017-10-08,-0.3112999999999999,-1
906,2017-10-09,0.0,-1
907,2017-10-11,-0.3566,-1
908,2017-10-12,2.0717,1
909,2017-10-14,0.0,-1
910,2017-10-15,0.5093,1
911,2017-10-16,0.8066,1
912,2017-10-18,-0.3804,-1
913,2017-10-19,3.0089,1
914,2017-10-20,0.9193,1
915,2017-10-21,0.9486,1
916,2017-10-24,0.4215,1
917,2017-10-26,-1.3049000000000002,-1
918,2017-10-28,0.0837,1
919,2017-11-07,0.0,-1
920,2017-11-08,0.0,-1
921,2017-11-09,-0.2263,-1
922,2017-11-10,0.3182,1
923,2017-11-12,0.126,1
924,2017-11-13,0.6249,1
925,2017-11-15,-0.9605,-1
926,2017-11-17,0.0,-1
927,2017-11-19,0.6645000000000001,1
928,2017-11-20,0.4404,1
929,2017-11-21,0.8073,1
930,2017-11-23,0.5612,1
931,2017-11-24,0.0,-1
932,2017-11-25,0.7717,1
933,2017-11-26,1.1857,1
934,2017-11-27,0.7351,1
935,2017-11-28,-0.3146,-1
936,2017-11-30,0.5513,1
937,2017-12-02,3.2417,1
938,2017-12-03,-0.2095,-1
939,2017-12-07,0.0,-1
940,2017-12-08,0.4019,1
941,2017-12-11,0.2771,1
942,2017-12-12,0.0,-1
943,2017-12-13,0.029599999999999963,1
944,2017-12-14,1.7134999999999998,1
945,2017-12-15,-1.7565000000000002,-1
946,2017-12-16,0.0,-1
947,2017-12-17,1.0013,1
948,2017-12-19,0.4926,1
949,2017-12-20,0.4396,1
950,2017-12-21,0.6111000000000002,1
951,2017-12-23,0.7107,1
952,2017-12-24,1.4034,1
953,2017-12-25,0.0,-1
954,2017-12-26,3.9668,1
955,2017-12-27,0.0,-1
956,2018-01-03,1.3273,1
957,2018-01-05,0.0,-1
958,2018-01-07,1.5497999999999998,1
959,2018-01-08,0.3818,1
960,2018-01-09,0.3182,1
961,2018-01-12,0.8705,1
962,2018-01-13,0.7088,1
963,2018-01-15,0.5789,1
964,2018-01-18,0.0,-1
965,2018-01-24,0.128,1
966,2018-01-27,0.4404,1
967,2018-01-28,5.033500000000001,1
968,2018-01-29,1.4878999999999998,1
969,2018-01-30,0.0,-1
970,2018-01-31,2.3935,1
971,2018-02-01,0.8712999999999999,1
972,2018-02-02,0.1059,1
973,2018-02-03,0.4134000000000001,1
974,2018-02-04,0.0,-1
975,2018-02-05,1.4352,1
976,2018-02-06,2.7101,1
977,2018-02-07,2.0243,1
978,2018-02-11,0.9981,1
979,2018-02-12,1.2014,1
980,2018-02-16,-0.5994,-1
981,2018-02-17,0.0,-1
982,2018-02-18,0.3182,1
983,2018-02-20,-0.0941,-1
984,2018-02-21,2.2102,1
985,2018-02-22,0.5170000000000001,1
986,2018-02-24,0.4201,1
987,2018-02-25,0.0,-1
988,2018-02-27,2.1675,1
989,2018-02-28,0.0,-1
990,2018-03-03,-0.3182,-1
991,2018-03-04,0.08809999999999996,1
992,2018-03-05,0.4588,1
993,2018-03-06,0.7773,1
994,2018-03-07,1.0658,1
995,2018-03-08,1.4612999999999998,1
996,2018-03-09,3.1967,1
997,2018-03-10,-0.2924,-1
998,2018-03-11,0.2663,1
999,2018-03-12,0.6588,1
1000,2018-03-14,0.8423,1
1001,2018-03-15,1.135,1
1002,2018-03-18,0.7088,1
1003,2018-03-19,0.0,-1
1004,2018-03-20,0.3612,1
1005,2018-03-21,-0.29600000000000004,-1
1006,2018-03-22,2.7423,1
1007,2018-03-23,4.1157,1
1008,2018-03-24,1.0229,1
1009,2018-03-25,-0.1531,-1
1010,2018-03-26,1.9592,1
1011,2018-03-27,0.4791,1
1012,2018-03-28,1.3693,1
1013,2018-03-30,-0.7877000000000001,-1
1014,2018-03-31,2.0826,1
1015,2018-04-01,0.8377000000000001,1
1016,2018-04-02,1.6145000000000005,1
1017,2018-04-04,0.4404,1
1018,2018-04-05,0.2263,1
1019,2018-04-06,0.5106,1
1020,2018-04-07,1.1956,1
1021,2018-04-08,0.7826000000000001,1
1022,2018-04-09,0.5106,1
1023,2018-04-10,-0.2975,-1
1024,2018-04-11,0.0,-1
1025,2018-04-12,1.2484000000000002,1
1026,2018-04-13,-0.4843,-1
1027,2018-04-15,0.5813999999999999,1
1028,2018-04-16,-0.6124,-1
1029,2018-04-17,0.9667,1
1030,2018-04-18,1.5716,1
1031,2018-04-23,0.0,-1
1032,2018-04-25,0.6249,1
1033,2018-04-26,0.0,-1
1034,2018-04-27,0.4779,1
1035,2018-04-28,0.1531,1
1036,2018-04-30,0.0,-1
1037,2018-05-01,0.29600000000000004,1
1038,2018-05-02,0.0772,1
1039,2018-05-03,0.5095,1
1040,2018-05-04,3.2799,1
1041,2018-05-05,2.6039,1
1042,2018-05-06,2.9731,1
1043,2018-05-07,-0.5719,-1
1044,2018-05-08,1.6161,1
1045,2018-05-09,1.7988,1
1046,2018-05-10,3.3629000000000007,1
1047,2018-05-11,2.9096,1
1048,2018-05-12,-0.18949999999999995,-1
1049,2018-05-13,0.8895,1
1050,2018-05-14,-0.992,-1
1051,2018-05-16,-0.2345,-1
1052,2018-05-17,0.7175,1
1053,2018-05-18,-0.5414,-1
1054,2018-05-19,0.5859,1
1055,2018-05-20,5.4557,1
1056,2018-05-21,3.6959,1
1057,2018-05-22,10.1293,1
1058,2018-05-23,2.5658,1
1059,2018-05-24,5.920400000000001,1
1060,2018-05-25,0.9013999999999998,1
1061,2018-05-26,3.9312,1
1062,2018-05-27,2.3325,1
1063,2018-05-28,3.8243,1
1064,2018-05-29,3.1365,1
1065,2018-05-30,4.2675,1
1066,2018-05-31,0.7105999999999999,1
1067,2018-06-01,4.1864,1
1068,2018-06-02,-0.10099999999999998,-1
1069,2018-06-03,2.6053,1
1070,2018-06-04,0.8744999999999999,1
1071,2018-06-05,0.9001,1
1072,2018-06-06,0.0,-1
1073,2018-06-07,0.4677000000000001,1
1074,2018-06-08,2.9336,1
1075,2018-06-09,3.2911,1
1076,2018-06-10,7.8704,1
1077,2018-06-11,0.0,-1
1078,2018-06-12,-0.04670000000000002,-1
1079,2018-06-13,1.0388,1
1080,2018-06-14,0.0,-1
1081,2018-06-15,3.1101,1
1082,2018-06-16,5.2081,1
1083,2018-06-17,8.913399999999998,1
1084,2018-06-18,0.7003,1
1085,2018-06-19,5.4898,1
1086,2018-06-20,2.1789,1
1087,2018-06-21,-0.424,-1
1088,2018-06-22,6.985100000000001,1
1089,2018-06-23,1.3611,1
1090,2018-06-24,1.0434,1
1091,2018-06-25,4.9925,1
1092,2018-06-26,1.7441,1
1093,2018-06-27,3.9499,1
1094,2018-06-28,3.4135,1
1095,2018-06-29,1.5425,1
1096,2018-06-30,0.0,-1
1097,2018-07-01,0.0,-1
1098,2018-07-02,0.13049999999999998,1
1099,2018-07-03,0.0,-1
1100,2018-07-04,3.8269,1
1101,2018-07-05,8.1119,1
1102,2018-07-06,2.3819,1
1103,2018-07-07,3.648,1
1104,2018-07-08,7.358500000000001,1
1105,2018-07-09,2.4181,1
1106,2018-07-10,3.5813999999999995,1
1107,2018-07-11,6.535100000000001,1
1108,2018-07-12,8.9752,1
1109,2018-07-13,2.7373,1
1110,2018-07-14,5.1682000000000015,1
1111,2018-07-15,1.2457,1
1112,2018-07-17,0.4404,1
1113,2018-07-18,0.8265999999999999,1
1114,2018-07-20,1.2938,1
1115,2018-07-21,5.3229999999999995,1
1116,2018-07-22,0.6486,1
1117,2018-07-23,3.5584,1
1118,2018-07-24,0.6588,1
1119,2018-07-25,1.0379,1
1120,2018-07-26,0.1531,1
1121,2018-07-27,0.4404,1
1122,2018-07-28,0.8393,1
1123,2018-07-29,0.4019,1
1124,2018-07-30,1.2595999999999998,1
1125,2018-07-31,2.4938,1
1126,2018-08-01,6.9254000000000016,1
1127,2018-08-02,0.0,-1
1128,2018-08-04,0.4215,1
1129,2018-08-05,3.4258,1
1130,2018-08-06,0.6249,1
1131,2018-08-07,2.841,1
1132,2018-08-08,0.028699999999999986,1
1133,2018-08-10,1.5349,1
1134,2018-08-11,3.4211000000000005,1
1135,2018-08-12,0.0,-1
1136,2018-08-13,0.7072,1
1137,2018-08-14,0.4404,1
1138,2018-08-16,0.6757000000000001,1
1139,2018-08-18,1.5490000000000002,1
1140,2018-08-19,-0.29600000000000004,-1
1141,2018-08-21,-0.5621,-1
1142,2018-08-22,1.3391,1
1143,2018-08-23,2.9746,1
1144,2018-08-24,1.3857,1
1145,2018-08-25,0.9196,1
1146,2018-08-26,0.9201,1
1147,2018-08-27,0.0772,1
1148,2018-08-28,1.7674,1
1149,2018-08-29,0.0,-1
1150,2018-08-30,0.0,-1
1151,2018-08-31,1.6261,1
1152,2018-09-03,0.8618,1
1153,2018-09-05,-0.0994,-1
1154,2018-09-06,0.0,-1
1155,2018-09-07,0.2022,1
1156,2018-09-08,0.23490000000000005,1
1157,2018-09-11,0.7866,1
1158,2018-09-12,1.0726,1
1159,2018-09-13,0.21410000000000007,1
1160,2018-09-14,2.4717,1
1161,2018-09-15,1.3216,1
1162,2018-09-16,0.5278,1
1163,2018-09-17,7.041800000000001,1
1164,2018-09-18,4.07,1
1165,2018-09-19,0.4668999999999999,1
1166,2018-09-20,4.841900000000001,1
1167,2018-09-21,0.0,-1
1168,2018-09-22,0.9719,1
1169,2018-09-24,-0.6009,-1
1170,2018-09-25,0.5146999999999999,1
1171,2018-09-26,1.3284,1
1172,2018-09-28,0.17880000000000007,1
1173,2018-09-29,0.5346,1
1174,2018-10-01,0.0,-1
1175,2018-10-02,0.10320000000000007,1
1176,2018-10-04,2.5052,1
1177,2018-10-05,1.1826999999999996,1
1178,2018-10-06,0.74,1
1179,2018-10-07,0.8519,1
1180,2018-10-08,1.6543,1
1181,2018-10-09,0.9838,1
1182,2018-10-10,0.7184,1
1183,2018-10-11,0.1876,1
1184,2018-10-12,3.5021000000000004,1
1185,2018-10-13,2.1473,1
1186,2018-10-14,3.0094,1
1187,2018-10-15,2.8819999999999997,1
1188,2018-10-16,2.1398,1
1189,2018-10-17,1.7778999999999998,1
1190,2018-10-18,2.661,1
1191,2018-10-19,0.9577,1
1192,2018-10-20,0.025999999999999968,1
1193,2018-10-21,0.2282,1
1194,2018-10-22,2.7075,1
1195,2018-10-23,1.8291,1
1196,2018-10-25,1.6606999999999998,1
1197,2018-10-26,3.637,1
1198,2018-10-27,6.578900000000003,1
1199,2018-10-29,0.6427,1
1200,2018-10-31,1.1267,1
1201,2018-11-01,3.1209,1
1202,2018-11-02,2.7055,1
1203,2018-11-03,5.0377,1
1204,2018-11-06,1.9118,1
1205,2018-11-07,0.009200000000000041,1
1206,2018-11-08,0.9042,1
1207,2018-11-09,2.4935,1
1208,2018-11-10,1.0329999999999997,1
1209,2018-11-11,-0.4706,-1
1210,2018-11-12,0.8555,1
1211,2018-11-14,2.5266,1
1212,2018-11-15,1.2273999999999998,1
1213,2018-11-16,1.8062,1
1214,2018-11-17,2.4039,1
1215,2018-11-19,4.8574,1
1216,2018-11-20,1.388,1
1217,2018-11-21,1.5275,1
1218,2018-11-22,0.0,-1
1219,2018-11-23,0.0772,1
1220,2018-11-25,0.0,-1
1221,2018-11-26,3.4663000000000004,1
1222,2018-11-27,0.8765,1
1223,2018-11-28,0.75,1
1224,2018-11-29,3.0891,1
1225,2018-11-30,0.1901,1
1226,2018-12-01,3.0205000000000006,1
1227,2018-12-02,-0.15849999999999995,-1
1228,2018-12-03,-0.4587000000000001,-1
1229,2018-12-04,0.0258,1
1230,2018-12-05,1.2386,1
1231,2018-12-07,0.3648,1
1232,2018-12-08,0.5095,1
1233,2018-12-09,4.7890000000000015,1
1234,2018-12-11,4.6184,1
1235,2018-12-12,0.4939,1
1236,2018-12-13,0.4767,1
1237,2018-12-14,0.3632,1
1238,2018-12-15,1.5146000000000002,1
1239,2018-12-16,0.6981999999999999,1
1240,2018-12-17,0.0,-1
1241,2018-12-18,0.6011,1
1242,2018-12-19,6.8029,1
1243,2018-12-20,1.4592,1
1244,2018-12-21,0.364,1
1245,2018-12-22,5.3358,1
1246,2018-12-23,3.4363,1
1247,2018-12-24,1.6868,1
1248,2018-12-25,1.9876,1
1249,2018-12-26,4.0149,1
1250,2018-12-27,2.9043,1
1251,2018-12-28,0.8943000000000001,1
1252,2018-12-30,0.5399,1
1253,2018-12-31,2.1538,1
1254,2019-01-01,2.079,1
1255,2019-01-03,2.4885,1
1256,2019-01-04,-0.1628,-1
1257,2019-01-05,1.4426,1
1258,2019-01-06,0.7512,1
1259,2019-01-07,1.4845000000000002,1
1260,2019-01-08,0.0,-1
1261,2019-01-09,2.2812,1
1262,2019-01-10,2.1518,1
1263,2019-01-11,2.4633,1
1264,2019-01-12,0.29600000000000004,1
1265,2019-01-13,0.6124,1
1266,2019-01-14,1.1196,1
1267,2019-01-15,0.6705,1
1268,2019-01-16,1.084,1
1269,2019-01-17,2.448,1
1270,2019-01-18,0.7263,1
1271,2019-01-19,0.7496,1
1272,2019-01-21,0.6282,1
1273,2019-01-22,1.8221,1
1274,2019-01-23,0.14860000000000012,1
1275,2019-01-25,6.87,1
1276,2019-01-26,-0.6486,-1
1277,2019-01-27,3.3173000000000004,1
1278,2019-01-28,1.4138000000000002,1
1279,2019-01-29,0.7003,1
1280,2019-01-30,-0.5579000000000001,-1
1281,2019-01-31,4.228600000000001,1
1282,2019-02-01,3.304,1
1283,2019-02-02,1.9219,1
1284,2019-02-03,0.4535,1
1285,2019-02-04,1.4506,1
1286,2019-02-05,0.6705,1
1287,2019-02-06,0.7202,1
1288,2019-02-07,2.2406,1
1289,2019-02-08,0.6756,1
1290,2019-02-09,1.7042,1
1291,2019-02-10,0.5267,1
1292,2019-02-11,6.9064000000000005,1
1293,2019-02-12,0.2732,1
1294,2019-02-13,1.4169,1
1295,2019-02-14,4.1038000000000014,1
1296,2019-02-15,0.6369,1
1297,2019-02-16,0.4019,1
1298,2019-02-17,1.5823,1
1299,2019-02-18,0.2732,1
1300,2019-02-19,0.3182,1
1301,2019-02-20,0.0,-1
1302,2019-02-21,6.0396,1
1303,2019-02-22,2.7305,1
1304,2019-02-23,0.0,-1
1305,2019-02-25,1.0678,1
1306,2019-02-26,4.5326,1
1307,2019-02-27,0.6732,1
1308,2019-02-28,1.0270000000000001,1
1309,2019-03-01,3.0998,1
1310,2019-03-02,6.3201,1
1311,2019-03-03,5.1831000000000005,1
1312,2019-03-04,-0.1841,-1
1313,2019-03-05,0.5763,1
1314,2019-03-06,0.29600000000000004,1
1315,2019-03-07,6.5562000000000005,1
1316,2019-03-08,2.3497000000000003,1
1317,2019-03-09,2.5314,1
1318,2019-03-11,2.2761,1
1319,2019-03-12,1.4670999999999998,1
1320,2019-03-13,0.0,-1
1321,2019-03-14,0.012199999999999964,1
1322,2019-03-15,0.3742,1
1323,2019-03-16,2.3256999999999994,1
1324,2019-03-17,2.2619,1
1325,2019-03-20,0.0,-1
1326,2019-03-21,1.5104,1
1327,2019-03-22,3.9388,1
1328,2019-03-24,1.7542,1
1329,2019-03-25,0.8646,1
1330,2019-03-26,4.3919,1
1331,2019-03-27,0.807,1
1332,2019-03-28,0.5326,1
1333,2019-03-29,4.2428,1
1334,2019-03-30,0.3856999999999998,1
1335,2019-03-31,0.9981,1
1336,2019-04-01,1.6836,1
1337,2019-04-02,0.8436999999999999,1
1338,2019-04-03,2.2356,1
1339,2019-04-04,3.5426,1
1340,2019-04-05,6.285900000000002,1
1341,2019-04-06,0.5030999999999999,1
1342,2019-04-07,3.4806,1
1343,2019-04-08,0.7365999999999999,1
1344,2019-04-09,1.6942,1
1345,2019-04-10,2.5248,1
1346,2019-04-11,1.7305,1
1347,2019-04-12,2.2046,1
1348,2019-04-13,4.8921,1
1349,2019-04-14,3.8264,1
1350,2019-04-15,2.7956000000000003,1
1351,2019-04-16,2.229,1
1352,2019-04-17,0.4404,1
1353,2019-04-18,0.3612,1
1354,2019-04-19,3.8121000000000014,1
1355,2019-04-20,0.05829999999999996,1
1356,2019-04-21,-0.9904,-1
1357,2019-04-22,1.281,1
1358,2019-04-23,-0.7008000000000002,-1
1359,2019-04-24,3.4761,1
1360,2019-04-25,0.4588,1
1361,2019-04-26,0.9103,1
1362,2019-04-27,0.08989999999999998,1
1363,2019-04-28,2.3055,1
1364,2019-04-29,2.3318,1
1365,2019-04-30,0.2117000000000001,1
1366,2019-05-01,0.5684,1
1367,2019-05-03,0.3218,1
1368,2019-05-04,2.2122,1
1369,2019-05-05,1.8479,1
1370,2019-05-06,1.515,1
1371,2019-05-07,0.88,1
1372,2019-05-08,1.9641,1
1373,2019-05-09,1.1067,1
1374,2019-05-10,0.7936000000000001,1
1375,2019-05-11,0.4019,1
1376,2019-05-12,2.1939,1
1377,2019-05-13,-0.3182,-1
1378,2019-05-14,0.8868,1
1379,2019-05-15,0.0,-1
1380,2019-05-16,3.2806,1
1381,2019-05-17,0.4396,1
1382,2019-05-18,1.117,1
1383,2019-05-19,4.1082,1
1384,2019-05-21,1.6884,1
1385,2019-05-22,-0.07350000000000001,-1
1386,2019-05-23,3.261,1
1387,2019-05-24,7.8645999999999985,1
1388,2019-05-25,4.7058,1
1389,2019-05-26,0.3182,1
1390,2019-05-27,3.0126,1
1391,2019-05-28,1.2629,1
1392,2019-05-29,-1.0437,-1
1393,2019-05-30,2.8581,1
1394,2019-05-31,0.8792,1
1395,2019-06-01,0.0,-1
1396,2019-06-02,0.0,-1
1397,2019-06-03,0.34,1
1398,2019-06-04,1.3936,1
1399,2019-06-05,0.0,-1
1400,2019-06-07,0.0,-1
1401,2019-06-09,0.4019,1
1402,2019-06-10,2.477,1
1403,2019-06-11,-1.1425,-1
1404,2019-06-12,0.9248,1
1405,2019-06-13,2.5164,1
1406,2019-06-14,0.904,1
1407,2019-06-15,1.7151,1
1408,2019-06-16,1.9015,1
1409,2019-06-17,-0.14220000000000002,-1
1410,2019-06-18,-0.29600000000000004,-1
1411,2019-06-19,-1.0298,-1
1412,2019-06-20,0.7958000000000001,1
1413,2019-06-21,1.9518,1
1414,2019-06-22,0.0,-1
1415,2019-06-23,0.6369,1
1416,2019-06-24,3.3484000000000003,1
1417,2019-06-25,5.5070000000000014,1
1418,2019-06-26,1.2655000000000003,1
1419,2019-06-27,1.0629,1
1420,2019-06-28,3.0897,1
1421,2019-06-29,1.5486,1
1422,2019-06-30,0.5794,1
1423,2019-07-01,1.0135,1
1424,2019-07-02,1.5620999999999998,1
1425,2019-07-03,2.9791,1
1426,2019-07-04,0.0,-1
1427,2019-07-06,0.4309,1
1428,2019-07-07,2.3369999999999997,1
1429,2019-07-08,3.8505,1
1430,2019-07-09,0.9737,1
1431,2019-07-10,0.9957,1
1432,2019-07-11,1.1695,1
1433,2019-07-12,1.5490000000000002,1
1434,2019-07-13,1.6496,1
1435,2019-07-14,0.4791,1
1436,2019-07-15,0.0,-1
1437,2019-07-16,2.9029,1
1438,2019-07-17,2.8165,1
1439,2019-07-18,1.9009,1
1440,2019-07-19,0.4019,1
1441,2019-07-20,0.8715999999999999,1
1442,2019-07-21,0.9176,1
1443,2019-07-22,2.1981,1
1444,2019-07-23,0.9626,1
1445,2019-07-24,0.3612,1
1446,2019-07-25,1.5012,1
1447,2019-07-26,1.7063,1
1448,2019-07-27,3.4658,1
1449,2019-07-28,5.2793,1
1450,2019-07-29,0.2732,1
1451,2019-07-30,0.7003,1
1452,2019-07-31,0.7677,1
1453,2019-08-01,1.5428000000000002,1
1454,2019-08-02,0.9955,1
1455,2019-08-03,-0.6166,-1
1456,2019-08-04,4.950799999999999,1
1457,2019-08-05,0.8461,1
1458,2019-08-06,2.5367,1
1459,2019-08-07,0.8825999999999998,1
1460,2019-08-08,2.8739999999999997,1
1461,2019-08-09,9.465800000000002,1
1462,2019-08-10,1.7858,1
1463,2019-08-11,0.8271999999999999,1
1464,2019-08-13,0.0,-1
1465,2019-08-14,0.2684,1
1466,2019-08-15,1.1814999999999998,1
1467,2019-08-16,1.0917,1
1468,2019-08-17,-1.0048,-1
1469,2019-08-18,3.9656,1
1470,2019-08-19,0.0,-1
1471,2019-08-20,5.0704,1
1472,2019-08-21,1.2564,1
1473,2019-08-23,0.29600000000000004,1
1474,2019-08-24,4.4194,1
1475,2019-08-25,0.4005,1
1476,2019-08-26,0.9559,1
1477,2019-08-27,1.9492,1
1478,2019-08-28,0.3817999999999999,1
1479,2019-08-29,0.34569999999999995,1
1480,2019-08-30,1.2403,1
1481,2019-09-03,1.8828,1
1482,2019-09-04,-0.9379,-1
1483,2019-09-05,1.2749,1
1484,2019-09-06,0.4626,1
1485,2019-09-07,4.7734,1
1486,2019-09-08,0.0,-1
1487,2019-09-09,1.6941,1
1488,2019-09-10,2.6354,1
1489,2019-09-11,1.7975,1
1490,2019-09-12,3.2599000000000005,1
1491,2019-09-13,1.9935,1
1492,2019-09-14,4.1501,1
1493,2019-09-15,2.8455000000000004,1
1494,2019-09-16,2.8752000000000004,1
1495,2019-09-17,3.7637,1
1496,2019-09-18,1.0124,1
1497,2019-09-19,3.1227000000000005,1
1498,2019-09-20,0.7365999999999999,1
1499,2019-09-21,0.29039999999999994,1
1500,2019-09-22,1.825,1
1501,2019-09-23,1.7560000000000002,1
1502,2019-09-24,5.3469000000000015,1
1503,2019-09-25,0.0,-1
1504,2019-09-26,5.3839,1
1505,2019-09-27,2.015,1
1506,2019-09-28,0.3034,1
1507,2019-09-29,0.0,-1
1508,2019-09-30,0.7804,1
1509,2019-10-01,3.5622,1
1510,2019-10-02,1.5075,1
1511,2019-10-03,1.3854000000000002,1
1512,2019-10-04,1.0003,1
1513,2019-10-05,1.3018,1
1514,2019-10-06,1.3624999999999998,1
1515,2019-10-07,0.2869000000000001,1
1516,2019-10-08,2.4523,1
1517,2019-10-09,1.8482,1
1518,2019-10-10,1.3048,1
1519,2019-10-11,0.4019,1
1520,2019-10-12,5.444800000000001,1
1521,2019-10-13,2.6875,1
1522,2019-10-14,5.9495000000000005,1
1523,2019-10-15,1.8368,1
1524,2019-10-16,0.91,1
1525,2019-10-17,-0.4855,-1
1526,2019-10-21,0.9582,1
1527,2019-10-22,-0.4588,-1
1528,2019-10-23,3.0795,1
1529,2019-10-24,0.8210999999999999,1
1530,2019-10-25,1.59,1
1531,2019-10-26,1.2658,1
1532,2019-10-27,1.5562,1
1533,2019-10-28,-0.27540000000000003,-1
1534,2019-10-29,0.0,-1
1535,2019-10-30,6.8285,1
1536,2019-10-31,-0.4396,-1
1537,2019-11-01,1.3644,1
1538,2019-11-04,2.0099,1
1539,2019-11-05,1.2233,1
1540,2019-11-06,0.9666,1
1541,2019-11-07,2.3481,1
1542,2019-11-08,2.5502,1
1543,2019-11-09,0.012299999999999978,1
1544,2019-11-10,0.8607,1
1545,2019-11-11,0.0,-1
1546,2019-11-12,0.636,1
1547,2019-11-13,1.9505,1
1548,2019-11-14,0.05170000000000002,1
1549,2019-11-15,0.14069999999999994,1
1550,2019-11-16,0.6342,1
1551,2019-11-18,0.32319999999999993,1
1552,2019-11-19,2.536,1
1553,2019-11-20,-0.3359,-1
1554,2019-11-21,1.3676,1
1555,2019-11-22,1.9693,1
1556,2019-11-23,2.275,1
1557,2019-11-24,4.6525,1
1558,2019-11-25,0.9918,1
1559,2019-11-26,1.7488,1
1560,2019-11-27,1.673,1
1561,2019-11-29,0.0,-1
1562,2019-12-01,1.0266000000000002,1
1563,2019-12-02,0.6124,1
1564,2019-12-03,-0.19640000000000007,-1
1565,2019-12-04,0.0,-1
1566,2019-12-07,6.1872,1
1567,2019-12-08,-0.5422,-1
1568,2019-12-09,0.6696,1
1569,2019-12-10,1.1199,1
1570,2019-12-11,0.0,-1
1571,2019-12-12,0.28679999999999994,1
1572,2019-12-13,0.9934,1
1573,2019-12-14,2.1457,1
1574,2019-12-17,0.5184,1
1575,2019-12-18,1.3609,1
1576,2019-12-19,1.7727,1
1577,2019-12-20,1.9703,1
1578,2019-12-21,3.2822,1
1579,2019-12-22,3.2208,1
1580,2019-12-23,0.4728,1
1581,2019-12-24,1.3794,1
1582,2019-12-26,4.2849,1
1583,2019-12-27,-0.4054,-1
1584,2019-12-28,3.2591,1
1585,2019-12-29,5.609000000000003,1
1586,2019-12-30,8.694500000000001,1
1587,2019-12-31,0.3833,1
1588,2020-01-01,0.5030999999999999,1
1589,2020-01-04,1.4261,1
1590,2020-01-05,0.9102,1
1591,2020-01-06,0.0,-1
1592,2020-01-07,2.1536,1
1593,2020-01-08,0.8011,1
1594,2020-01-09,0.4588,1
1595,2020-01-10,2.3744000000000005,1
1596,2020-01-11,0.1641999999999999,1
1597,2020-01-12,-0.9533,-1
1598,2020-01-13,0.8718,1
1599,2020-01-14,2.2295,1
1600,2020-01-15,0.6486,1
1601,2020-01-16,-0.18760000000000004,-1
1602,2020-01-17,3.9189,1
1603,2020-01-18,0.4019,1
1604,2020-01-19,0.25649999999999995,1
1605,2020-01-20,1.5275,1
1606,2020-01-21,2.0614,1
1607,2020-01-22,2.4336,1
1608,2020-01-23,2.351,1
1609,2020-01-24,0.0,-1
1610,2020-01-25,1.7819999999999998,1
1611,2020-01-26,0.4926,1
1612,2020-01-27,0.0015999999999999905,1
1613,2020-01-28,0.7703,1
1614,2020-01-29,1.8079,1
1615,2020-01-30,-0.6554,-1
1616,2020-01-31,1.2004,1
1617,2020-02-01,-0.7771000000000001,-1
1618,2020-02-02,4.073099999999998,1
1619,2020-02-03,4.784200000000001,1
1620,2020-02-04,1.7538,1
1621,2020-02-05,1.978,1
1622,2020-02-06,3.5445,1
1623,2020-02-07,4.2001,1
1624,2020-02-08,2.0702000000000003,1
1625,2020-02-09,0.8858,1
1626,2020-02-10,6.783199999999999,1
1627,2020-02-12,1.1746,1
1628,2020-02-13,-0.536,-1
1629,2020-02-14,1.6374,1
1630,2020-02-15,4.671,1
1631,2020-02-16,1.2992,1
1632,2020-02-17,1.0157,1
1633,2020-02-18,1.3365,1
1634,2020-02-19,1.602,1
1635,2020-02-20,2.108,1
1636,2020-02-21,0.9997,1
1637,2020-02-22,1.9441,1
1638,2020-02-25,1.4673000000000005,1
1639,2020-02-26,3.6043,1
1640,2020-02-27,0.2263,1
1641,2020-02-28,0.3812,1
1642,2020-03-02,1.7633,1
1643,2020-03-03,2.5406,1
1644,2020-03-04,1.4374,1
1645,2020-03-05,0.0,-1
1646,2020-03-06,-0.765,-1
1647,2020-03-07,0.14239999999999986,1
1648,2020-03-08,0.8641000000000001,1
1649,2020-03-09,0.299,1
1650,2020-03-10,3.5852999999999997,1
1651,2020-03-11,2.2873,1
1652,2020-03-12,0.1027,1
1653,2020-03-14,2.2731,1
1654,2020-03-15,0.1421,1
1655,2020-03-16,1.0983,1
1656,2020-03-17,2.2637,1
1657,2020-03-18,1.6469999999999998,1
1658,2020-03-19,1.3057,1
1659,2020-03-20,1.9797,1
1660,2020-03-21,2.8822,1
1661,2020-03-22,-1.5612,-1
1662,2020-03-23,3.4105,1
1663,2020-03-24,4.3899,1
1664,2020-03-25,1.5612999999999997,1
1665,2020-03-26,1.8328,1
1666,2020-03-27,3.0977,1
1667,2020-03-28,0.4226,1
1668,2020-03-30,1.6506,1
1669,2020-03-31,1.4449,1
1670,2020-04-01,2.2357,1
1671,2020-04-02,-0.13049999999999984,-1
1672,2020-04-03,3.7229,1
1673,2020-04-04,0.4421,1
1674,2020-04-05,4.299899999999999,1
1675,2020-04-06,2.4479000000000006,1
1676,2020-04-07,1.9727,1
1677,2020-04-08,2.1741,1
1678,2020-04-09,-0.5095999999999999,-1
1679,2020-04-10,0.4177,1
1680,2020-04-11,2.2592,1
1681,2020-04-12,2.0419,1
1682,2020-04-13,0.9724,1
1683,2020-04-14,1.4127,1
1684,2020-04-15,0.6369,1
1685,2020-04-16,7.3339,1
