,date,tsla_compound,tsla_sentiment
0,2014-11-13,0.0,-1
1,2014-11-14,0.0,-1
2,2014-11-19,-0.4404,-1
3,2014-11-24,0.0,-1
4,2014-11-28,0.0,-1
5,2014-12-01,-0.4588,-1
6,2014-12-02,0.4404,1
7,2014-12-03,-0.2732,-1
8,2014-12-08,0.0,-1
9,2014-12-09,-0.3818,-1
10,2014-12-12,0.0,-1
11,2014-12-16,0.0,-1
12,2014-12-17,0.0772,1
13,2014-12-19,-0.14359999999999998,-1
14,2014-12-23,0.2732,1
15,2014-12-26,0.4019,1
16,2014-12-28,0.0,-1
17,2014-12-30,0.128,1
18,2014-12-31,-0.34,-1
19,2015-01-02,0.0,-1
20,2015-01-06,-0.29600000000000004,-1
21,2015-01-07,0.0,-1
22,2015-01-08,0.0,-1
23,2015-01-10,0.0,-1
24,2015-01-12,0.34,1
25,2015-01-13,-0.7998999999999999,-1
26,2015-01-14,-0.5267,-1
27,2015-01-15,0.4019,1
28,2015-01-20,0.0,-1
29,2015-01-21,0.3182,1
30,2015-01-26,0.0,-1
31,2015-01-29,0.0,-1
32,2015-01-31,0.0,-1
33,2015-02-02,0.7184,1
34,2015-02-03,0.0,-1
35,2015-02-06,-0.2732,-1
36,2015-02-10,0.01960000000000001,1
37,2015-02-11,-0.14289999999999994,-1
38,2015-02-12,-0.9062,-1
39,2015-02-13,0.0,-1
40,2015-02-14,-0.2188,-1
41,2015-02-17,-0.128,-1
42,2015-02-19,0.0,-1
43,2015-02-23,0.0,-1
44,2015-02-24,0.5859,1
45,2015-02-26,0.0,-1
46,2015-03-02,-0.29600000000000004,-1
47,2015-03-03,0.0,-1
48,2015-03-04,0.0,-1
49,2015-03-06,-0.3182,-1
50,2015-03-09,-0.2732,-1
51,2015-03-10,0.4019,1
52,2015-03-12,0.0,-1
53,2015-03-13,0.0,-1
54,2015-03-14,0.0,-1
55,2015-03-16,0.0,-1
56,2015-03-17,0.0,-1
57,2015-03-18,0.0,-1
58,2015-03-19,0.0,-1
59,2015-03-20,0.0,-1
60,2015-03-24,0.7845,1
61,2015-03-25,0.0,-1
62,2015-03-27,0.3182,1
63,2015-03-30,0.0,-1
64,2015-04-01,0.0,-1
65,2015-04-02,0.6932,1
66,2015-04-03,0.0,-1
67,2015-04-06,0.0,-1
68,2015-04-08,0.1531,1
69,2015-04-14,-0.29600000000000004,-1
70,2015-04-18,-0.5994,-1
71,2015-04-20,0.4588,1
72,2015-04-21,0.0,-1
73,2015-04-22,0.2732,1
74,2015-04-23,0.5991,1
75,2015-04-27,0.2732,1
76,2015-04-30,0.0,-1
77,2015-05-01,2.1591,1
78,2015-05-04,0.2732,1
79,2015-05-05,0.0,-1
80,2015-05-06,0.4697,1
81,2015-05-07,0.0,-1
82,2015-05-08,0.0,-1
83,2015-05-09,-0.3182,-1
84,2015-05-12,0.4019,1
85,2015-05-13,0.0,-1
86,2015-05-18,-0.2263,-1
87,2015-05-21,0.25,1
88,2015-05-27,0.1979,1
89,2015-06-01,0.6705,1
90,2015-06-05,-0.128,-1
91,2015-06-06,0.1027,1
92,2015-06-08,0.4767,1
93,2015-06-09,0.0,-1
94,2015-06-12,0.3818,1
95,2015-06-15,0.3818,1
96,2015-06-16,0.6369,1
97,2015-06-17,0.5574,1
98,2015-06-22,1.0582,1
99,2015-06-24,-0.0258,-1
100,2015-06-25,0.7964,1
101,2015-06-26,0.0,-1
102,2015-06-29,0.7351,1
103,2015-07-02,0.0,-1
104,2015-07-07,0.2263,1
105,2015-07-08,0.4588,1
106,2015-07-09,-0.0258,-1
107,2015-07-10,0.0,-1
108,2015-07-15,0.3182,1
109,2015-07-16,0.843,1
110,2015-07-17,0.0,-1
111,2015-07-19,-0.1779,-1
112,2015-07-20,0.4767,1
113,2015-07-21,0.0,-1
114,2015-07-27,0.0,-1
115,2015-07-29,0.4767,1
116,2015-07-31,0.4767,1
117,2015-08-05,0.0,-1
118,2015-08-06,-1.0206,-1
119,2015-08-07,-0.16610000000000005,-1
120,2015-08-10,-0.3182,-1
121,2015-08-13,0.0,-1
122,2015-08-14,0.0,-1
123,2015-08-17,-0.12479999999999995,-1
124,2015-08-24,-0.5106,-1
125,2015-08-25,0.4588,1
126,2015-08-27,-0.2023,-1
127,2015-08-28,0.0,-1
128,2015-08-31,-0.4215,-1
129,2015-09-01,0.0,-1
130,2015-09-02,0.0,-1
131,2015-09-05,0.0,-1
132,2015-09-10,0.09369999999999998,1
133,2015-09-11,0.3612,1
134,2015-09-15,0.0772,1
135,2015-09-17,0.4215,1
136,2015-09-18,0.4019,1
137,2015-09-21,0.1628,1
138,2015-09-22,-0.0258,-1
139,2015-09-24,0.0,-1
140,2015-09-25,0.6249,1
141,2015-09-29,1.0957,1
142,2015-09-30,0.7547999999999999,1
143,2015-10-01,0.6597,1
144,2015-10-02,1.2094,1
145,2015-10-06,-0.8533999999999999,-1
146,2015-10-07,-0.08579999999999999,-1
147,2015-10-08,0.0,-1
148,2015-10-09,-0.7608999999999999,-1
149,2015-10-12,1.2667,1
150,2015-10-14,0.6227999999999999,1
151,2015-10-15,0.0,-1
152,2015-10-16,0.29600000000000004,1
153,2015-10-19,-0.4588,-1
154,2015-10-20,-0.546,-1
155,2015-10-21,0.7096,1
156,2015-10-22,0.4588,1
157,2015-10-23,0.0,-1
158,2015-10-26,0.4404,1
159,2015-10-27,-0.0258,-1
160,2015-10-28,0.0,-1
161,2015-10-30,-0.9649,-1
162,2015-10-31,-0.3612,-1
163,2015-11-02,0.0,-1
164,2015-11-03,1.1724,1
165,2015-11-04,0.1910000000000001,1
166,2015-11-06,0.29600000000000004,1
167,2015-11-10,-1.3763999999999998,-1
168,2015-11-13,0.0,-1
169,2015-11-17,0.0,-1
170,2015-11-18,-0.4588,-1
171,2015-11-19,0.1933,1
172,2015-11-20,-0.2899,-1
173,2015-11-23,0.29600000000000004,1
174,2015-11-24,-0.4588,-1
175,2015-11-25,0.8726,1
176,2015-12-01,0.0,-1
177,2015-12-02,-0.2263,-1
178,2015-12-03,-0.0993,-1
179,2015-12-04,0.0,-1
180,2015-12-07,0.4019,1
181,2015-12-08,0.0,-1
182,2015-12-09,0.4784,1
183,2015-12-10,0.5096,1
184,2015-12-14,0.34,1
185,2015-12-16,1.1187,1
186,2015-12-17,0.0,-1
187,2015-12-18,0.0,-1
188,2015-12-21,-0.2732,-1
189,2015-12-29,1.1185,1
190,2015-12-30,0.0,-1
191,2015-12-31,0.0,-1
192,2016-01-03,-0.2732,-1
193,2016-01-04,-0.9431,-1
194,2016-01-05,0.0,-1
195,2016-01-07,0.25,1
196,2016-01-10,0.0,-1
197,2016-01-11,-0.29600000000000004,-1
198,2016-01-12,0.29600000000000004,1
199,2016-01-14,0.8225,1
200,2016-01-19,0.0,-1
201,2016-01-20,0.0,-1
202,2016-01-22,0.5106,1
203,2016-01-25,0.4404,1
204,2016-01-26,0.0,-1
205,2016-01-31,0.4588,1
206,2016-02-01,-0.7764,-1
207,2016-02-02,-0.2592,-1
208,2016-02-03,-0.3816,-1
209,2016-02-08,1.0939,1
210,2016-02-09,0.5024000000000001,1
211,2016-02-10,0.732,1
212,2016-02-11,0.10829999999999997,1
213,2016-02-12,0.4588,1
214,2016-02-16,1.0979999999999999,1
215,2016-02-17,1.827,1
216,2016-02-20,0.0,-1
217,2016-02-23,0.6369,1
218,2016-02-24,0.29600000000000004,1
219,2016-02-25,0.0,-1
220,2016-02-29,0.0,-1
221,2016-03-01,0.29600000000000004,1
222,2016-03-03,-0.4404,-1
223,2016-03-04,0.03760000000000008,1
224,2016-03-08,0.0,-1
225,2016-03-11,-0.4019,-1
226,2016-03-14,0.6611,1
227,2016-03-16,0.29600000000000004,1
228,2016-03-18,0.8755999999999999,1
229,2016-03-21,0.6369,1
230,2016-03-22,0.027000000000000024,1
231,2016-03-23,-0.4739,-1
232,2016-03-25,0.1779,1
233,2016-03-28,-0.6611,-1
234,2016-03-29,0.2672,1
235,2016-03-31,2.1956,1
236,2016-04-01,2.3520000000000003,1
237,2016-04-02,0.0,-1
238,2016-04-03,0.4588,1
239,2016-04-04,-0.9224,-1
240,2016-04-05,0.3818,1
241,2016-04-06,0.0,-1
242,2016-04-07,0.0,-1
243,2016-04-11,-0.5859,-1
244,2016-04-12,0.5106,1
245,2016-04-13,0.2023,1
246,2016-04-14,0.0,-1
247,2016-04-17,0.0,-1
248,2016-04-18,0.0,-1
249,2016-04-19,0.0,-1
250,2016-04-20,0.3561,1
251,2016-04-21,0.0,-1
252,2016-04-22,0.0,-1
253,2016-04-25,0.0,-1
254,2016-04-26,0.2023,1
255,2016-05-02,0.2732,1
256,2016-05-03,-0.1483,-1
257,2016-05-04,-1.5743,-1
258,2016-05-05,1.9210000000000005,1
259,2016-05-09,-0.2732,-1
260,2016-05-11,-0.2732,-1
261,2016-05-12,0.732,1
262,2016-05-13,0.0,-1
263,2016-05-16,-0.4588,-1
264,2016-05-17,-0.9176,-1
265,2016-05-18,0.4346,1
266,2016-05-19,0.8978999999999999,1
267,2016-05-20,1.2003,1
268,2016-05-23,0.4588,1
269,2016-05-24,0.3818,1
270,2016-05-25,-0.29600000000000004,-1
271,2016-05-26,-0.01839999999999997,-1
272,2016-06-01,0.2585,1
273,2016-06-02,-0.4019,-1
274,2016-06-03,1.3594,1
275,2016-06-06,0.7547999999999999,1
276,2016-06-07,0.7293999999999999,1
277,2016-06-08,0.4123000000000001,1
278,2016-06-09,-0.2324,-1
279,2016-06-10,0.6909,1
280,2016-06-11,0.0,-1
281,2016-06-13,0.0,-1
282,2016-06-14,0.0,-1
283,2016-06-16,0.0,-1
284,2016-06-17,0.3182,1
285,2016-06-20,1.0955,1
286,2016-06-21,-0.3639,-1
287,2016-06-22,-1.3948999999999998,-1
288,2016-06-23,-0.2599,-1
289,2016-06-24,-0.1628,-1
290,2016-06-26,0.0,-1
291,2016-06-27,0.6634,1
292,2016-06-28,1.4051999999999998,1
293,2016-06-29,1.3177,1
294,2016-06-30,-2.958,-1
295,2016-07-01,0.5489999999999999,1
296,2016-07-03,-0.4588,-1
297,2016-07-04,-0.4019,-1
298,2016-07-05,-1.9674,-1
299,2016-07-06,-2.7688,-1
300,2016-07-07,-0.4019,-1
301,2016-07-08,-0.45899999999999996,-1
302,2016-07-10,0.5859,1
303,2016-07-11,0.2993000000000001,1
304,2016-07-12,-0.29600000000000004,-1
305,2016-07-13,-1.3634,-1
306,2016-07-14,-0.7218,-1
307,2016-07-15,-1.0311,-1
308,2016-07-18,0.4404,1
309,2016-07-19,0.0,-1
310,2016-07-20,0.8494,1
311,2016-07-21,0.7769999999999999,1
312,2016-07-22,-0.6705,-1
313,2016-07-23,0.0,-1
314,2016-07-25,1.227,1
315,2016-07-26,-0.8805,-1
316,2016-07-27,0.5431,1
317,2016-07-29,0.0,-1
318,2016-08-01,0.32309999999999994,1
319,2016-08-02,0.0,-1
320,2016-08-03,-0.4404,-1
321,2016-08-04,0.044999999999999984,1
322,2016-08-05,0.0,-1
323,2016-08-06,0.0,-1
324,2016-08-08,0.8009,1
325,2016-08-09,-0.17659999999999998,-1
326,2016-08-10,-0.4019,-1
327,2016-08-11,0.2023,1
328,2016-08-13,0.5106,1
329,2016-08-15,-0.1059,-1
330,2016-08-16,-0.6947,-1
331,2016-08-17,0.0,-1
332,2016-08-18,0.0,-1
333,2016-08-22,0.0,-1
334,2016-08-23,0.25349999999999995,1
335,2016-08-24,0.4703,1
336,2016-08-25,1.6162999999999998,1
337,2016-08-27,0.0,-1
338,2016-08-29,0.0,-1
339,2016-08-30,0.0,-1
340,2016-08-31,-0.1027,-1
341,2016-09-01,-0.4882,-1
342,2016-09-02,0.4588,1
343,2016-09-06,0.4939,1
344,2016-09-07,-1.2978,-1
345,2016-09-08,0.2210999999999999,1
346,2016-09-09,-0.9735,-1
347,2016-09-10,0.0,-1
348,2016-09-11,-0.7579,-1
349,2016-09-12,0.09189999999999998,1
350,2016-09-13,-0.22120000000000006,-1
351,2016-09-14,-1.8075,-1
352,2016-09-15,3.0805,1
353,2016-09-16,-1.5330000000000001,-1
354,2016-09-19,-0.3188,-1
355,2016-09-20,-0.5343,-1
356,2016-09-21,0.0,-1
357,2016-09-22,-1.179,-1
358,2016-09-23,0.0,-1
359,2016-09-26,0.1952,1
360,2016-09-27,0.0,-1
361,2016-09-28,-0.4404,-1
362,2016-09-29,-0.8259,-1
363,2016-09-30,-0.0918,-1
364,2016-10-02,0.0,-1
365,2016-10-03,0.0258,1
366,2016-10-04,0.2732,1
367,2016-10-05,0.0,-1
368,2016-10-06,0.1027,1
369,2016-10-07,0.0,-1
370,2016-10-08,0.0,-1
371,2016-10-10,-0.6355,-1
372,2016-10-11,0.0,-1
373,2016-10-12,0.8038,1
374,2016-10-13,0.0,-1
375,2016-10-16,0.0,-1
376,2016-10-17,0.07300000000000001,1
377,2016-10-18,0.3251,1
378,2016-10-19,0.6369,1
379,2016-10-20,0.0,-1
380,2016-10-22,0.0,-1
381,2016-10-24,0.0516,1
382,2016-10-25,0.0,-1
383,2016-10-26,0.6829,1
384,2016-10-27,2.1196,1
385,2016-10-28,0.0,-1
386,2016-10-30,0.0,-1
387,2016-10-31,0.4588,1
388,2016-11-01,-0.3182,-1
389,2016-11-02,0.0,-1
390,2016-11-03,-0.4588,-1
391,2016-11-04,0.8254999999999999,1
392,2016-11-05,-0.4404,-1
393,2016-11-07,0.7365000000000002,1
394,2016-11-08,0.7096,1
395,2016-11-09,-0.038500000000000034,-1
396,2016-11-10,0.3818,1
397,2016-11-11,-0.4019,-1
398,2016-11-14,0.0,-1
399,2016-11-15,1.1288,1
400,2016-11-16,-0.4939,-1
401,2016-11-17,0.5574,1
402,2016-11-18,0.1975,1
403,2016-11-20,0.0,-1
404,2016-11-23,0.9997,1
405,2016-11-25,0.0,-1
406,2016-11-28,-0.34,-1
407,2016-11-29,0.0,-1
408,2016-12-01,-1.3763999999999998,-1
409,2016-12-02,-0.196,-1
410,2016-12-03,0.0,-1
411,2016-12-05,0.0,-1
412,2016-12-06,0.8371,1
413,2016-12-07,0.07700000000000001,1
414,2016-12-08,0.3818,1
415,2016-12-09,0.0772,1
416,2016-12-11,-0.2732,-1
417,2016-12-12,0.6771,1
418,2016-12-13,0.0,-1
419,2016-12-14,-0.4588,-1
420,2016-12-15,0.0,-1
421,2016-12-17,0.0,-1
422,2016-12-20,0.0,-1
423,2016-12-21,0.8126,1
424,2016-12-22,0.6444,1
425,2016-12-23,0.0,-1
426,2016-12-27,0.5920000000000001,1
427,2016-12-28,1.1014,1
428,2016-12-30,-0.9051,-1
429,2017-01-03,0.6197,1
430,2017-01-04,1.511,1
431,2017-01-05,0.2997000000000001,1
432,2017-01-06,0.0,-1
433,2017-01-09,0.0,-1
434,2017-01-10,-0.2263,-1
435,2017-01-11,0.0,-1
436,2017-01-12,0.3308,1
437,2017-01-13,0.6369,1
438,2017-01-17,0.2263,1
439,2017-01-18,0.7769999999999999,1
440,2017-01-19,0.04179999999999984,1
441,2017-01-20,0.0,-1
442,2017-01-24,-0.25,-1
443,2017-01-25,0.0,-1
444,2017-01-26,0.3656999999999999,1
445,2017-01-27,0.4588,1
446,2017-01-30,-0.2263,-1
447,2017-01-31,0.4019,1
448,2017-02-01,0.8351999999999999,1
449,2017-02-02,0.8607,1
450,2017-02-06,0.0772,1
451,2017-02-07,-0.1027,-1
452,2017-02-08,0.7003,1
453,2017-02-09,0.2809,1
454,2017-02-10,0.23189999999999994,1
455,2017-02-13,0.6487,1
456,2017-02-14,0.4588,1
457,2017-02-15,0.34,1
458,2017-02-16,0.0,-1
459,2017-02-17,0.128,1
460,2017-02-21,0.0,-1
461,2017-02-22,0.04300000000000004,1
462,2017-02-23,0.6486,1
463,2017-02-24,0.4588,1
464,2017-02-27,-0.6760999999999998,-1
465,2017-02-28,0.2023,1
466,2017-03-01,0.25,1
467,2017-03-02,-0.2732,-1
468,2017-03-03,0.7190999999999999,1
469,2017-03-04,0.128,1
470,2017-03-06,0.0772,1
471,2017-03-07,-0.128,-1
472,2017-03-08,0.0,-1
473,2017-03-09,0.0,-1
474,2017-03-10,-0.2263,-1
475,2017-03-11,0.0,-1
476,2017-03-13,0.0,-1
477,2017-03-14,0.0,-1
478,2017-03-15,0.4653,1
479,2017-03-16,0.0,-1
480,2017-03-17,0.0,-1
481,2017-03-18,-0.29600000000000004,-1
482,2017-03-20,0.5574,1
483,2017-03-21,-0.128,-1
484,2017-03-23,-0.0772,-1
485,2017-03-24,0.0,-1
486,2017-03-25,0.3612,1
487,2017-03-27,0.25649999999999995,1
488,2017-03-28,-0.3109,-1
489,2017-03-29,0.5574,1
490,2017-03-31,0.0,-1
491,2017-04-01,0.128,1
492,2017-04-02,-0.4588,-1
493,2017-04-03,-1.289,-1
494,2017-04-04,1.8679,1
495,2017-04-05,0.0,-1
496,2017-04-06,0.0,-1
497,2017-04-07,0.0,-1
498,2017-04-09,0.0,-1
499,2017-04-10,1.4174,1
500,2017-04-11,-0.2732,-1
501,2017-04-12,1.2169,1
502,2017-04-13,0.8549000000000001,1
503,2017-04-14,0.0,-1
504,2017-04-15,0.0,-1
505,2017-04-17,0.4119,1
506,2017-04-18,0.5465,1
507,2017-04-19,0.3816,1
508,2017-04-20,0.0,-1
509,2017-04-21,0.0,-1
510,2017-04-22,-0.2263,-1
511,2017-04-24,0.8169000000000001,1
512,2017-04-25,-0.2732,-1
513,2017-04-26,0.79,1
514,2017-04-27,0.4588,1
515,2017-04-28,0.0,-1
516,2017-04-29,0.0,-1
517,2017-05-01,0.6436999999999999,1
518,2017-05-02,0.0,-1
519,2017-05-03,0.6895999999999999,1
520,2017-05-04,-0.2877,-1
521,2017-05-05,0.0,-1
522,2017-05-08,0.6718,1
523,2017-05-09,0.6588,1
524,2017-05-10,0.0,-1
525,2017-05-15,1.3671,1
526,2017-05-16,0.0516,1
527,2017-05-17,0.0,-1
528,2017-05-18,0.4473,1
529,2017-05-19,0.0,-1
530,2017-05-20,0.0258,1
531,2017-05-22,0.2325,1
532,2017-05-23,0.29600000000000004,1
533,2017-05-24,-0.5098,-1
534,2017-05-25,0.0,-1
535,2017-05-26,1.0582,1
536,2017-05-30,-0.2039,-1
537,2017-05-31,0.0,-1
538,2017-06-01,0.8066,1
539,2017-06-02,-1.1026,-1
540,2017-06-03,-0.29600000000000004,-1
541,2017-06-04,-0.1027,-1
542,2017-06-05,-0.7884,-1
543,2017-06-06,0.7769999999999999,1
544,2017-06-07,-0.6751,-1
545,2017-06-08,0.2732,1
546,2017-06-09,0.0,-1
547,2017-06-10,0.0,-1
548,2017-06-12,0.0,-1
549,2017-06-13,1.252,1
550,2017-06-14,1.2620999999999998,1
551,2017-06-15,0.4588,1
552,2017-06-19,0.2732,1
553,2017-06-20,0.1537,1
554,2017-06-21,0.4767,1
555,2017-06-22,0.0,-1
556,2017-06-26,0.2023,1
557,2017-06-27,0.12120000000000004,1
558,2017-06-28,-0.3818,-1
559,2017-06-30,0.0,-1
560,2017-07-01,0.0,-1
561,2017-07-03,1.3763999999999998,1
562,2017-07-05,-1.2089999999999996,-1
563,2017-07-06,-0.09989999999999988,-1
564,2017-07-07,0.061700000000000026,1
565,2017-07-08,0.0,-1
566,2017-07-09,0.0,-1
567,2017-07-10,2.1282,1
568,2017-07-11,0.5574,1
569,2017-07-12,-0.8157,-1
570,2017-07-13,0.4224000000000001,1
571,2017-07-14,-0.3182,-1
572,2017-07-17,-1.3334,-1
573,2017-07-18,-0.0516,-1
574,2017-07-19,0.4423,1
575,2017-07-20,0.2035,1
576,2017-07-21,0.4588,1
577,2017-07-24,0.0,-1
578,2017-07-25,0.0,-1
579,2017-07-27,0.0,-1
580,2017-07-28,0.0,-1
581,2017-07-29,0.0,-1
582,2017-07-31,2.1359,1
583,2017-08-01,0.4588,1
584,2017-08-02,0.5089,1
585,2017-08-03,0.031300000000000106,1
586,2017-08-04,-0.4755,-1
587,2017-08-05,0.0,-1
588,2017-08-07,0.0,-1
589,2017-08-08,0.4588,1
590,2017-08-09,1.1219,1
591,2017-08-10,0.0,-1
592,2017-08-11,-0.7547999999999999,-1
593,2017-08-14,0.3182,1
594,2017-08-15,0.0,-1
595,2017-08-17,0.0258,1
596,2017-08-18,0.0,-1
597,2017-08-19,0.0,-1
598,2017-08-22,-0.4019,-1
599,2017-08-23,0.4939,1
600,2017-08-24,0.0,-1
601,2017-08-25,0.8379000000000001,1
602,2017-08-26,0.0,-1
603,2017-08-29,-0.29600000000000004,-1
604,2017-08-30,0.6204,1
605,2017-08-31,0.0,-1
606,2017-09-01,0.3456,1
607,2017-09-02,0.0,-1
608,2017-09-05,0.0,-1
609,2017-09-06,0.6908,1
610,2017-09-07,0.0,-1
611,2017-09-10,-0.5574,-1
612,2017-09-11,-0.2109,-1
613,2017-09-12,0.4404,1
614,2017-09-13,-0.34589999999999993,-1
615,2017-09-14,0.0,-1
616,2017-09-15,0.0,-1
617,2017-09-17,0.0,-1
618,2017-09-18,0.7003,1
619,2017-09-19,-0.3182,-1
620,2017-09-20,1.5773,1
621,2017-09-21,0.5739000000000001,1
622,2017-09-22,0.4077,1
623,2017-09-23,0.2263,1
624,2017-09-25,0.0,-1
625,2017-09-26,0.4588,1
626,2017-09-27,-0.5574,-1
627,2017-09-28,0.0,-1
628,2017-09-29,1.6685,1
629,2017-10-02,1.3095,1
630,2017-10-03,1.525,1
631,2017-10-04,0.8232999999999999,1
632,2017-10-05,0.3818,1
633,2017-10-06,0.4019,1
634,2017-10-07,0.6486,1
635,2017-10-09,0.3657,1
636,2017-10-10,2.48,1
637,2017-10-11,0.02280000000000004,1
638,2017-10-12,0.0,-1
639,2017-10-14,-0.5574,-1
640,2017-10-16,-1.1849,-1
641,2017-10-17,0.256,1
642,2017-10-18,-0.128,-1
643,2017-10-19,0.06469999999999998,1
644,2017-10-20,0.09820000000000008,1
645,2017-10-22,0.0,-1
646,2017-10-23,0.29789999999999994,1
647,2017-10-24,0.6733999999999999,1
648,2017-10-25,1.0203,1
649,2017-10-26,-0.6955,-1
650,2017-10-27,0.7775999999999998,1
651,2017-10-28,-0.25,-1
652,2017-10-29,0.0,-1
653,2017-10-30,-0.05570000000000008,-1
654,2017-10-31,0.7351,1
655,2017-11-01,0.8208,1
656,2017-11-02,-1.2629,-1
657,2017-11-03,0.454,1
658,2017-11-05,0.0,-1
659,2017-11-07,1.087,1
660,2017-11-08,0.06680000000000003,1
661,2017-11-09,1.2787000000000002,1
662,2017-11-10,0.4588,1
663,2017-11-11,0.0,-1
664,2017-11-13,-0.2263,-1
665,2017-11-14,-1.1107,-1
666,2017-11-15,0.0,-1
667,2017-11-16,-0.128,-1
668,2017-11-17,1.9621,1
669,2017-11-18,0.0,-1
670,2017-11-20,-0.2771,-1
671,2017-11-21,0.8732,1
672,2017-11-22,-0.29600000000000004,-1
673,2017-11-23,0.0,-1
674,2017-11-24,-0.2732,-1
675,2017-11-27,0.0,-1
676,2017-11-28,1.0678999999999998,1
677,2017-11-29,-0.39459999999999984,-1
678,2017-12-01,0.21050000000000008,1
679,2017-12-04,0.6124,1
680,2017-12-06,0.4019,1
681,2017-12-07,0.8126,1
682,2017-12-08,0.0,-1
683,2017-12-11,0.0,-1
684,2017-12-12,1.0162,1
685,2017-12-14,0.0,-1
686,2017-12-15,0.4588,1
687,2017-12-18,0.5719,1
688,2017-12-19,0.8803,1
689,2017-12-20,0.3818,1
690,2017-12-21,0.4588,1
691,2017-12-23,0.0,-1
692,2017-12-26,0.0222,1
693,2017-12-27,0.5328000000000002,1
694,2017-12-29,0.0,-1
695,2017-12-30,0.0,-1
696,2018-01-02,-0.1531,-1
697,2018-01-03,-0.1281,-1
698,2018-01-04,-0.128,-1
699,2018-01-07,0.0,-1
700,2018-01-08,0.743,1
701,2018-01-09,0.0,-1
702,2018-01-10,0.3818,1
703,2018-01-11,0.0,-1
704,2018-01-12,0.0,-1
705,2018-01-16,0.0,-1
706,2018-01-19,0.0,-1
707,2018-01-23,1.9619999999999995,1
708,2018-01-24,0.7299,1
709,2018-01-25,0.1484000000000001,1
710,2018-01-26,-0.4215,-1
711,2018-01-29,0.34,1
712,2018-01-30,0.2023,1
713,2018-02-01,0.6815,1
714,2018-02-02,0.4846,1
715,2018-02-05,0.3818,1
716,2018-02-06,0.0,-1
717,2018-02-07,-0.10619999999999996,-1
718,2018-02-08,-0.5427,-1
719,2018-02-11,0.0,-1
720,2018-02-13,0.5574,1
721,2018-02-14,-0.25,-1
722,2018-02-15,0.3182,1
723,2018-02-16,-0.5106,-1
724,2018-02-17,0.0,-1
725,2018-02-21,-0.7419,-1
726,2018-02-22,0.2023,1
727,2018-02-23,-0.128,-1
728,2018-02-26,0.7088,1
729,2018-02-27,0.0,-1
730,2018-02-28,-0.3182,-1
731,2018-03-01,0.0,-1
732,2018-03-05,0.3182,1
733,2018-03-06,0.6867000000000001,1
734,2018-03-07,0.0,-1
735,2018-03-08,-0.17049999999999998,-1
736,2018-03-09,0.06359999999999999,1
737,2018-03-12,1.1095000000000002,1
738,2018-03-13,0.2732,1
739,2018-03-14,1.2544,1
740,2018-03-15,0.2023,1
741,2018-03-16,0.3612,1
742,2018-03-19,-1.4181,-1
743,2018-03-20,-0.5464,-1
744,2018-03-21,1.9796,1
745,2018-03-22,0.4143,1
746,2018-03-23,0.8200000000000001,1
747,2018-03-24,0.0,-1
748,2018-03-26,0.8121,1
749,2018-03-27,-2.0912,-1
750,2018-03-28,-0.6814,-1
751,2018-03-29,-0.4372,-1
752,2018-03-31,-1.4702,-1
753,2018-04-02,-2.7785,-1
754,2018-04-03,1.7204000000000002,1
755,2018-04-04,-0.020000000000000132,-1
756,2018-04-05,-0.34,-1
757,2018-04-06,-0.6486,-1
758,2018-04-09,0.29600000000000004,1
759,2018-04-10,-0.7924999999999999,-1
760,2018-04-11,-0.6249,-1
761,2018-04-12,-0.7351,-1
762,2018-04-13,2.1502,1
763,2018-04-16,1.0339,1
764,2018-04-17,1.5232,1
765,2018-04-18,-0.2732,-1
766,2018-04-19,0.0,-1
767,2018-04-20,-0.4215,-1
768,2018-04-24,0.4209,1
769,2018-04-25,0.5859,1
770,2018-04-26,0.4215,1
771,2018-04-30,0.0,-1
772,2018-05-01,-0.03970000000000001,-1
773,2018-05-02,-0.9564,-1
774,2018-05-03,-1.8838999999999997,-1
775,2018-05-04,-0.5848,-1
776,2018-05-07,0.6369,1
777,2018-05-08,1.0187,1
778,2018-05-09,-1.5001,-1
779,2018-05-10,-1.0143,-1
780,2018-05-11,0.8008,1
781,2018-05-13,0.0,-1
782,2018-05-14,1.8538,1
783,2018-05-15,0.7425999999999999,1
784,2018-05-16,0.02579999999999999,1
785,2018-05-17,-0.6111,-1
786,2018-05-18,0.0,-1
787,2018-05-20,0.4588,1
788,2018-05-21,1.7039999999999995,1
789,2018-05-22,-0.3528,-1
790,2018-05-23,-0.645,-1
791,2018-05-24,-0.8922,-1
792,2018-05-25,0.13490000000000002,1
793,2018-05-30,0.1138,1
794,2018-05-31,-0.4215,-1
795,2018-06-01,0.3182,1
796,2018-06-04,0.1779,1
797,2018-06-05,-0.7201,-1
798,2018-06-06,3.6604,1
799,2018-06-07,0.08490000000000003,1
800,2018-06-08,0.0,-1
801,2018-06-11,0.8225,1
802,2018-06-12,-1.7251,-1
803,2018-06-13,1.3982,1
804,2018-06-14,-0.5913999999999999,-1
805,2018-06-17,0.0,-1
806,2018-06-18,-1.8649,-1
807,2018-06-19,-1.3866999999999998,-1
808,2018-06-20,-0.5719,-1
809,2018-06-21,0.0,-1
810,2018-06-22,-1.2251,-1
811,2018-06-26,-1.1963,-1
812,2018-06-28,-0.3062,-1
813,2018-06-29,-0.2263,-1
814,2018-07-01,0.0,-1
815,2018-07-02,-0.4121,-1
816,2018-07-03,0.4245999999999999,1
817,2018-07-05,1.2721,1
818,2018-07-06,0.5106,1
819,2018-07-08,0.0,-1
820,2018-07-09,-0.5994,-1
821,2018-07-10,1.4443,1
822,2018-07-11,0.1628,1
823,2018-07-12,1.7154999999999998,1
824,2018-07-13,-0.6294,-1
825,2018-07-16,1.3659,1
826,2018-07-17,0.4927,1
827,2018-07-18,0.7124000000000001,1
828,2018-07-19,-0.6947,-1
829,2018-07-20,0.5900000000000001,1
830,2018-07-22,0.2732,1
831,2018-07-23,1.7998999999999996,1
832,2018-07-24,-0.14869999999999986,-1
833,2018-07-25,0.8502000000000001,1
834,2018-07-27,0.3612,1
835,2018-07-30,0.0,-1
836,2018-07-31,0.4767,1
837,2018-08-01,0.8148,1
838,2018-08-02,1.9409,1
839,2018-08-03,-0.3818,-1
840,2018-08-06,0.0,-1
841,2018-08-07,3.7269,1
842,2018-08-08,1.0489,1
843,2018-08-09,1.7027,1
844,2018-08-10,-0.23199999999999996,-1
845,2018-08-13,2.2299,1
846,2018-08-14,0.9018999999999996,1
847,2018-08-15,0.198,1
848,2018-08-16,-0.2738000000000001,-1
849,2018-08-17,-0.21219999999999994,-1
850,2018-08-18,0.0,-1
851,2018-08-19,0.0,-1
852,2018-08-20,0.4719,1
853,2018-08-21,0.7384000000000001,1
854,2018-08-22,0.7397,1
855,2018-08-23,0.8957999999999999,1
856,2018-08-24,1.1948,1
857,2018-08-26,0.0,-1
858,2018-08-27,1.4251999999999998,1
859,2018-08-28,1.1249999999999998,1
860,2018-08-29,0.08000000000000017,1
861,2018-08-30,0.5424,1
862,2018-08-31,0.3989,1
863,2018-09-02,0.4588,1
864,2018-09-03,0.0492,1
865,2018-09-04,-0.6645,-1
866,2018-09-05,0.9176,1
867,2018-09-06,0.06119999999999998,1
868,2018-09-07,-0.3109999999999999,-1
869,2018-09-09,0.0,-1
870,2018-09-10,0.0,-1
871,2018-09-11,0.4526,1
872,2018-09-12,-0.6904,-1
873,2018-09-13,0.399,1
874,2018-09-14,-0.628,-1
875,2018-09-16,0.0,-1
876,2018-09-17,-1.2249,-1
877,2018-09-18,0.9909000000000004,1
878,2018-09-19,0.0,-1
879,2018-09-20,0.20409999999999995,1
880,2018-09-21,-0.5197,-1
881,2018-09-23,0.1856,1
882,2018-09-24,0.17559999999999998,1
883,2018-09-25,0.8607,1
884,2018-09-26,0.478,1
885,2018-09-27,-0.6715,-1
886,2018-09-28,-0.7404999999999999,-1
887,2018-09-29,0.0,-1
888,2018-09-30,0.3321,1
889,2018-10-01,3.5921,1
890,2018-10-02,0.1421,1
891,2018-10-03,0.1059,1
892,2018-10-04,0.10200000000000008,1
893,2018-10-05,-2.3594,-1
894,2018-10-07,0.0,-1
895,2018-10-08,1.2422,1
896,2018-10-09,0.8992,1
897,2018-10-10,2.1512,1
898,2018-10-11,-0.5203,-1
899,2018-10-12,2.1821,1
900,2018-10-16,0.7337,1
901,2018-10-17,2.0361,1
902,2018-10-18,0.0,-1
903,2018-10-19,-0.3243999999999999,-1
904,2018-10-21,-0.2263,-1
905,2018-10-22,0.0,-1
906,2018-10-23,0.2805000000000001,1
907,2018-10-24,1.6239,1
908,2018-10-25,3.2557,1
909,2018-10-26,0.4588,1
910,2018-10-28,0.2263,1
911,2018-10-29,0.6477999999999999,1
912,2018-10-30,0.0,-1
913,2018-10-31,0.0,-1
914,2018-11-01,-0.128,-1
915,2018-11-02,0.4588,1
916,2018-11-05,0.4019,1
917,2018-11-06,0.0,-1
918,2018-11-07,0.4215,1
919,2018-11-08,0.4588,1
920,2018-11-12,-0.29169999999999985,-1
921,2018-11-13,0.0,-1
922,2018-11-14,0.4215,1
923,2018-11-15,0.26280000000000003,1
924,2018-11-16,-0.29600000000000004,-1
925,2018-11-19,0.9318,1
926,2018-11-20,-0.4588,-1
927,2018-11-21,0.0,-1
928,2018-11-22,-0.7184,-1
929,2018-11-23,-0.8981,-1
930,2018-11-26,-0.5574,-1
931,2018-11-27,0.034700000000000064,1
932,2018-11-28,0.34,1
933,2018-11-29,0.5899,1
934,2018-11-30,0.536,1
935,2018-12-03,0.943,1
936,2018-12-04,0.0,-1
937,2018-12-05,0.4588,1
938,2018-12-06,0.08629999999999992,1
939,2018-12-07,1.3763999999999998,1
940,2018-12-09,0.34,1
941,2018-12-10,0.10970000000000008,1
942,2018-12-11,0.09249999999999996,1
943,2018-12-12,0.0,-1
944,2018-12-13,-0.222,-1
945,2018-12-14,-0.8645999999999999,-1
946,2018-12-17,0.2224,1
947,2018-12-18,0.29600000000000004,1
948,2018-12-19,-0.34,-1
949,2018-12-20,0.4588,1
950,2018-12-21,0.0,-1
951,2018-12-24,-0.5096999999999999,-1
952,2018-12-26,1.4006,1
953,2018-12-27,0.1219,1
954,2018-12-28,-0.07940000000000003,-1
955,2018-12-31,0.0,-1
956,2019-01-02,-2.3669,-1
957,2019-01-03,0.4539,1
958,2019-01-04,0.3818,1
959,2019-01-05,0.4767,1
960,2019-01-07,0.25,1
961,2019-01-08,1.8077,1
962,2019-01-09,-1.4619,-1
963,2019-01-10,-0.29600000000000004,-1
964,2019-01-11,1.67,1
965,2019-01-14,0.1531,1
966,2019-01-15,0.4215,1
967,2019-01-17,-0.29600000000000004,-1
968,2019-01-18,2.1241,1
969,2019-01-19,0.4404,1
970,2019-01-21,0.0,-1
971,2019-01-22,-0.8235000000000001,-1
972,2019-01-23,-0.8514,-1
973,2019-01-24,0.0,-1
974,2019-01-25,0.6369,1
975,2019-01-26,0.0,-1
976,2019-01-28,0.35079999999999995,1
977,2019-01-29,-0.4654,-1
978,2019-01-30,-0.08340000000000003,-1
979,2019-01-31,1.1399,1
980,2019-02-01,0.4588,1
981,2019-02-04,3.6655,1
982,2019-02-05,1.5347999999999995,1
983,2019-02-06,-0.2292,-1
984,2019-02-07,-0.5984,-1
985,2019-02-08,1.1364,1
986,2019-02-09,-0.2732,-1
987,2019-02-11,0.615,1
988,2019-02-12,0.1779,1
989,2019-02-13,0.8818999999999999,1
990,2019-02-14,0.25,1
991,2019-02-17,-0.34,-1
992,2019-02-19,2.0023,1
993,2019-02-20,0.23600000000000002,1
994,2019-02-21,0.4417,1
995,2019-02-22,0.743,1
996,2019-02-24,0.0,-1
997,2019-02-25,-0.027899999999999925,-1
998,2019-02-26,-1.7125,-1
999,2019-02-27,0.8818999999999999,1
1000,2019-02-28,0.8975000000000001,1
1001,2019-03-01,1.6607,1
1002,2019-03-02,0.0,-1
1003,2019-03-04,-0.5367,-1
1004,2019-03-05,-1.5882000000000005,-1
1005,2019-03-06,0.4714,1
1006,2019-03-07,1.8955,1
1007,2019-03-08,1.9287,1
1008,2019-03-11,0.26030000000000003,1
1009,2019-03-12,-0.918,-1
1010,2019-03-13,0.128,1
1011,2019-03-14,0.0772,1
1012,2019-03-15,2.115,1
1013,2019-03-18,0.0,-1
1014,2019-03-19,-0.299,-1
1015,2019-03-20,0.0,-1
1016,2019-03-21,-0.3695999999999999,-1
1017,2019-03-22,0.022799999999999987,1
1018,2019-03-24,0.0,-1
1019,2019-03-25,-1.8207,-1
1020,2019-03-26,-0.5106,-1
1021,2019-03-27,-0.7269,-1
1022,2019-03-28,0.0,-1
1023,2019-03-29,0.2673,1
1024,2019-04-01,0.4588,1
1025,2019-04-02,-0.9916,-1
1026,2019-04-03,-1.1074,-1
1027,2019-04-04,-3.7636,-1
1028,2019-04-05,0.2023,1
1029,2019-04-07,-0.177,-1
1030,2019-04-08,-1.7906,-1
1031,2019-04-09,-0.3182,-1
1032,2019-04-10,1.6816,1
1033,2019-04-11,1.4648,1
1034,2019-04-12,0.2307,1
1035,2019-04-13,0.0,-1
1036,2019-04-14,0.0,-1
1037,2019-04-15,0.4215,1
1038,2019-04-16,0.5324000000000001,1
1039,2019-04-17,-0.2732,-1
1040,2019-04-18,-0.2732,-1
1041,2019-04-19,0.0,-1
1042,2019-04-20,-0.1531,-1
1043,2019-04-21,0.0,-1
1044,2019-04-22,-0.29600000000000004,-1
1045,2019-04-23,1.7205,1
1046,2019-04-24,-1.1842,-1
1047,2019-04-25,-0.2778,-1
1048,2019-04-26,-0.5186999999999999,-1
1049,2019-04-28,-0.4019,-1
1050,2019-04-29,0.3818,1
1051,2019-04-30,-0.9639,-1
1052,2019-05-01,0.7387999999999999,1
1053,2019-05-02,1.2668,1
1054,2019-05-03,-0.9724,-1
1055,2019-05-05,-0.951,-1
1056,2019-05-06,-1.5531,-1
1057,2019-05-08,-0.3612,-1
1058,2019-05-10,0.2263,1
1059,2019-05-13,-0.34,-1
1060,2019-05-14,0.0,-1
1061,2019-05-15,-1.6005,-1
1062,2019-05-16,-1.6826,-1
1063,2019-05-17,-1.1259,-1
1064,2019-05-20,-2.7102,-1
1065,2019-05-21,-1.7900999999999996,-1
1066,2019-05-22,-0.8595,-1
1067,2019-05-23,-0.3471000000000001,-1
1068,2019-05-24,0.0,-1
1069,2019-05-28,0.0,-1
1070,2019-05-29,0.5023,1
1071,2019-05-30,0.2374000000000001,1
1072,2019-05-31,-0.4751,-1
1073,2019-06-03,0.3818,1
1074,2019-06-04,0.7579,1
1075,2019-06-05,-0.6808,-1
1076,2019-06-06,0.3004,1
1077,2019-06-07,0.0,-1
1078,2019-06-10,1.025,1
1079,2019-06-11,0.4588,1
1080,2019-06-12,0.06290000000000008,1
1081,2019-06-13,-0.5908,-1
1082,2019-06-14,-0.3182,-1
1083,2019-06-17,0.4215,1
1084,2019-06-18,0.6787000000000001,1
1085,2019-06-19,0.4961,1
1086,2019-06-20,-1.2381000000000002,-1
1087,2019-06-21,-0.5226999999999999,-1
1088,2019-06-24,0.9471,1
1089,2019-06-25,0.4717,1
1090,2019-06-26,-0.0511,-1
1091,2019-06-27,0.7636,1
1092,2019-06-28,-1.5223,-1
1093,2019-07-01,0.0,-1
1094,2019-07-02,-0.007499999999999951,-1
1095,2019-07-03,1.2531,1
1096,2019-07-04,0.0,-1
1097,2019-07-05,0.4511,1
1098,2019-07-08,-0.2307,-1
1099,2019-07-09,0.1059,1
1100,2019-07-10,1.0011,1
1101,2019-07-11,0.6486,1
1102,2019-07-12,0.0,-1
1103,2019-07-15,0.0,-1
1104,2019-07-16,-0.29600000000000004,-1
1105,2019-07-17,0.0,-1
1106,2019-07-18,0.0,-1
1107,2019-07-22,-0.03510000000000002,-1
1108,2019-07-23,0.2181,1
1109,2019-07-24,-0.9953,-1
1110,2019-07-25,-3.8933,-1
1111,2019-07-29,0.0,-1
1112,2019-07-31,0.2732,1
1113,2019-08-02,0.0,-1
1114,2019-08-05,-1.8555,-1
1115,2019-08-07,0.3957,1
1116,2019-08-08,-0.5719,-1
1117,2019-08-09,-0.2023,-1
1118,2019-08-11,-0.6249,-1
1119,2019-08-12,-1.176,-1
1120,2019-08-13,0.3612,1
1121,2019-08-14,0.0,-1
1122,2019-08-16,-0.06819999999999997,-1
1123,2019-08-19,0.0,-1
1124,2019-08-20,-0.68,-1
1125,2019-08-21,0.4692,1
1126,2019-08-22,-0.029999999999999968,-1
1127,2019-08-23,-1.2559,-1
1128,2019-08-26,0.7482,1
1129,2019-08-28,-0.34,-1
1130,2019-08-29,-0.5106,-1
1131,2019-08-30,0.9268999999999998,1
1132,2019-09-03,0.0,-1
1133,2019-09-04,0.128,1
1134,2019-09-05,-0.6249,-1
1135,2019-09-06,0.0,-1
1136,2019-09-09,-0.5267,-1
1137,2019-09-10,0.0,-1
1138,2019-09-11,0.4588,1
1139,2019-09-13,0.5574,1
1140,2019-09-16,0.9878,1
1141,2019-09-18,-0.8631,-1
1142,2019-09-19,1.1148,1
1143,2019-09-20,0.0,-1
1144,2019-09-22,-0.1027,-1
1145,2019-09-23,0.3003,1
1146,2019-09-24,-0.128,-1
1147,2019-09-26,0.4588,1
1148,2019-09-27,-0.2467,-1
1149,2019-09-30,-0.5267,-1
1150,2019-10-01,0.2023,1
1151,2019-10-02,0.6197999999999999,1
1152,2019-10-03,0.4156000000000001,1
1153,2019-10-04,0.33030000000000004,1
1154,2019-10-07,0.3836,1
1155,2019-10-08,0.0,-1
1156,2019-10-09,0.7009,1
1157,2019-10-10,-0.802,-1
1158,2019-10-12,0.0,-1
1159,2019-10-15,0.9855,1
1160,2019-10-17,0.1027,1
1161,2019-10-18,0.06789999999999996,1
1162,2019-10-22,0.0,-1
1163,2019-10-23,0.9405000000000002,1
1164,2019-10-24,2.3835,1
1165,2019-10-25,0.7184,1
1166,2019-10-28,0.6808,1
1167,2019-10-29,-0.19559999999999989,-1
1168,2019-10-30,0.0,-1
1169,2019-10-31,0.0,-1
1170,2019-11-01,0.0,-1
1171,2019-11-04,0.4844000000000001,1
1172,2019-11-05,0.4215,1
1173,2019-11-06,0.5994,1
1174,2019-11-08,0.3844,1
1175,2019-11-11,0.9176,1
1176,2019-11-12,0.0,-1
1177,2019-11-13,0.0,-1
1178,2019-11-14,0.8606,1
1179,2019-11-15,0.2023,1
1180,2019-11-18,0.0,-1
1181,2019-11-19,0.6042,1
1182,2019-11-20,0.0,-1
1183,2019-11-21,1.2813,1
1184,2019-11-22,1.9297,1
1185,2019-11-24,0.0,-1
1186,2019-11-25,0.0,-1
1187,2019-11-26,0.4985,1
1188,2019-11-27,0.3698,1
1189,2019-11-28,0.0,-1
1190,2019-11-29,0.0,-1
1191,2019-12-03,-0.3612,-1
1192,2019-12-04,1.1012,1
1193,2019-12-05,0.2035,1
1194,2019-12-06,2.7316000000000003,1
1195,2019-12-10,0.0,-1
1196,2019-12-11,0.3182,1
1197,2019-12-12,0.5859,1
1198,2019-12-13,0.0,-1
1199,2019-12-16,0.765,1
1200,2019-12-17,0.0,-1
1201,2019-12-18,-0.5464,-1
1202,2019-12-19,-0.7845,-1
1203,2019-12-20,0.0,-1
1204,2019-12-23,1.6733999999999998,1
1205,2019-12-24,-0.2732,-1
1206,2019-12-26,4.382,1
1207,2019-12-27,1.418,1
1208,2019-12-29,0.9355,1
1209,2019-12-30,-1.7052,-1
1210,2019-12-31,-0.0276,-1
1211,2020-01-01,-1.4368,-1
1212,2020-01-02,0.17849999999999988,1
1213,2020-01-03,-0.5548,-1
1214,2020-01-06,0.0,-1
1215,2020-01-07,6.3832,1
1216,2020-01-08,4.572800000000001,1
1217,2020-01-09,4.6815,1
1218,2020-01-10,4.6998,1
1219,2020-01-11,0.8803,1
1220,2020-01-12,-0.4767,-1
1221,2020-01-13,3.7852,1
1222,2020-01-14,2.3926,1
1223,2020-01-15,2.5481000000000003,1
1224,2020-01-16,4.8645,1
1225,2020-01-17,-1.0176000000000005,-1
1226,2020-01-18,-1.4495999999999998,-1
1227,2020-01-19,0.7769999999999999,1
1228,2020-01-20,1.0756,1
1229,2020-01-21,8.2623,1
1230,2020-01-22,10.636699999999998,1
1231,2020-01-23,-2.0358,-1
1232,2020-01-24,-2.1186,-1
1233,2020-01-25,0.2908,1
1234,2020-01-26,0.7662,1
1235,2020-01-27,-2.3389999999999995,-1
1236,2020-01-28,2.6730000000000005,1
1237,2020-01-29,5.6682,1
1238,2020-01-30,1.8823999999999983,1
1239,2020-01-31,-0.04729999999999995,-1
1240,2020-02-01,0.11869999999999994,1
1241,2020-02-02,0.9878,1
1242,2020-02-03,9.6465,1
1243,2020-02-04,11.7644,1
1244,2020-02-05,6.359200000000002,1
1245,2020-02-06,2.0273,1
1246,2020-02-07,3.5153,1
1247,2020-02-08,-0.09200000000000004,-1
1248,2020-02-09,0.3816,1
1249,2020-02-10,5.7170000000000005,1
1250,2020-02-11,-1.0619999999999998,-1
1251,2020-02-12,-0.5226999999999999,-1
1252,2020-02-13,0.3187000000000001,1
1253,2020-02-14,2.5733999999999995,1
1254,2020-02-15,-0.1027,-1
1255,2020-02-16,-0.16410000000000002,-1
1256,2020-02-17,-0.4404,-1
1257,2020-02-18,3.8286,1
1258,2020-02-19,6.874100000000001,1
1259,2020-02-20,6.187900000000001,1
1260,2020-02-21,3.099400000000001,1
1261,2020-02-22,1.9896,1
1262,2020-02-23,1.6878000000000002,1
1263,2020-02-24,-1.3996000000000002,-1
1264,2020-02-25,-1.6431000000000004,-1
1265,2020-02-26,-0.5881999999999998,-1
1266,2020-02-27,-2.0751,-1
1267,2020-02-28,1.7541,1
1268,2020-02-29,-0.5267,-1
1269,2020-03-01,-0.1856,-1
1270,2020-03-02,1.8595,1
1271,2020-03-03,1.6384999999999996,1
1272,2020-03-04,1.8116,1
1273,2020-03-05,0.9146999999999996,1
1274,2020-03-06,-2.3243,-1
1275,2020-03-07,0.7383,1
1276,2020-03-08,-0.7037000000000001,-1
1277,2020-03-09,-2.5063999999999997,-1
1278,2020-03-10,0.21729999999999985,1
1279,2020-03-11,2.7965,1
1280,2020-03-12,-2.2573000000000003,-1
1281,2020-03-13,0.0869,1
1282,2020-03-14,0.15989999999999993,1
1283,2020-03-16,-2.9076,-1
1284,2020-03-17,0.6117999999999998,1
1285,2020-03-18,-2.8835,-1
1286,2020-03-19,-6.4708999999999985,-1
1287,2020-03-20,1.5516,1
1288,2020-03-21,-0.7769999999999999,-1
1289,2020-03-22,-1.4628,-1
1290,2020-03-23,2.1519999999999997,1
1291,2020-03-24,-3.0652000000000004,-1
1292,2020-03-25,2.282,1
1293,2020-03-26,4.0275,1
1294,2020-03-27,-1.247,-1
1295,2020-03-28,0.5598,1
1296,2020-03-29,0.0,-1
1297,2020-03-30,0.5175000000000001,1
1298,2020-03-31,0.21419999999999995,1
1299,2020-04-01,0.9672,1
1300,2020-04-02,2.8352,1
1301,2020-04-03,4.702400000000002,1
1302,2020-04-04,0.25349999999999995,1
1303,2020-04-05,0.4931,1
1304,2020-04-06,3.139,1
