Date,Open,High,Low,Close,Adj Close,Volume
4/28/2017,17.80,19.33,17.73,18.10,18.10,14871500
5/1/2017,18.97,19.09,18.16,18.19,18.19,1728700
5/2/2017,18.37,18.49,18.10,18.39,18.39,720200
5/3/2017,18.31,20.12,18.21,20.12,20.12,1520100
5/4/2017,21.10,22.02,19.25,19.58,19.58,3256400
5/5/2017,20.05,20.66,19.32,19.97,19.97,1055100
5/8/2017,20.26,20.28,19.54,19.59,19.59,781600
5/9/2017,19.65,20.23,19.63,20.05,20.05,624300
5/10/2017,20.17,20.50,19.85,19.99,19.99,730900
5/11/2017,20.01,20.08,19.53,19.94,19.94,494600
5/12/2017,19.88,20.88,19.65,20.80,20.80,672500
5/15/2017,21.00,21.50,20.50,21.35,21.35,1189500
5/16/2017,21.65,23.08,20.84,20.97,20.97,1445800
5/17/2017,20.79,20.82,19.80,20.10,20.10,985700
5/18/2017,20.10,20.88,19.91,20.11,20.11,687000
5/19/2017,20.12,20.35,19.65,20.01,20.01,689800
5/22/2017,20.02,21.15,19.82,20.91,20.91,726000
5/23/2017,21.04,21.80,20.96,21.59,21.59,912800
5/24/2017,21.55,23.35,21.45,22.55,22.55,1185400
5/25/2017,22.63,23.02,21.90,22.36,22.36,590900
5/26/2017,22.39,22.50,22.12,22.29,22.29,267900
5/30/2017,22.39,22.58,21.50,21.51,21.51,446800
5/31/2017,21.55,21.63,20.32,20.75,20.75,679300
6/1/2017,20.84,21.90,20.55,21.86,21.86,501400
6/2/2017,21.95,23.00,21.85,22.87,22.87,769800
6/5/2017,22.67,23.16,22.40,22.56,22.56,467500
6/6/2017,22.50,23.32,22.39,22.57,22.57,923900
6/7/2017,22.78,23.00,22.40,22.61,22.61,833900
6/8/2017,22.80,23.11,22.48,22.99,22.99,1975500
6/9/2017,20.00,20.50,19.06,19.41,19.41,7658900
6/12/2017,19.53,19.53,18.31,18.48,18.48,1915000
6/13/2017,18.69,19.07,17.75,17.81,17.81,1876300
6/14/2017,17.93,17.99,16.75,16.88,16.88,2122200
6/15/2017,16.36,16.74,15.86,16.11,16.11,1458800
6/16/2017,16.07,17.41,16.00,17.40,17.40,2319700
6/19/2017,17.70,17.78,17.04,17.47,17.47,1607400
6/20/2017,17.50,17.63,17.16,17.31,17.31,1026900
6/21/2017,17.36,17.46,16.86,17.02,17.02,962000
6/22/2017,17.01,17.13,16.35,16.72,16.72,1150000
6/23/2017,16.59,16.69,16.16,16.35,16.35,2390600
6/26/2017,16.28,16.71,16.22,16.23,16.23,733500
6/27/2017,16.32,16.42,15.90,16.00,16.00,721800
6/28/2017,16.05,16.20,15.81,15.84,15.84,627700
6/29/2017,15.93,15.93,15.40,15.68,15.68,744000
6/30/2017,15.59,16.20,15.56,16.02,16.02,703700
7/3/2017,16.02,16.20,15.82,15.84,15.84,230000
7/5/2017,15.90,16.05,15.79,15.88,15.88,668500
7/6/2017,15.85,16.86,15.85,16.47,16.47,661800
7/7/2017,16.59,16.70,16.21,16.66,16.66,405400
7/10/2017,16.63,16.85,16.27,16.39,16.39,402300
7/11/2017,16.25,16.50,16.02,16.34,16.34,756200
7/12/2017,16.50,16.77,16.42,16.49,16.49,423900
7/13/2017,16.59,16.74,16.16,16.53,16.53,342400
7/14/2017,16.38,17.15,16.38,17.01,17.01,576400
7/17/2017,17.07,18.15,17.04,18.02,18.02,552600
7/18/2017,17.93,18.34,17.58,18.25,18.25,649700
7/19/2017,18.35,19.25,18.16,18.78,18.78,982500
7/20/2017,18.74,19.10,18.67,18.80,18.80,564200
7/21/2017,18.80,18.87,17.96,18.25,18.25,724400
7/24/2017,18.24,18.90,18.10,18.75,18.75,550800
7/25/2017,18.85,19.09,18.77,18.95,18.95,380000
7/26/2017,18.99,19.04,18.38,18.60,18.60,1006800
7/27/2017,18.51,18.65,17.13,17.80,17.80,1408500
7/28/2017,17.73,18.33,17.26,18.13,18.13,990000
7/31/2017,18.20,18.21,17.20,17.25,17.25,667500
8/1/2017,17.50,17.50,16.44,17.06,17.06,605600
8/2/2017,17.05,17.28,16.77,17.21,17.21,461500
8/3/2017,17.20,17.37,17.00,17.26,17.26,297600
8/4/2017,17.34,17.35,17.08,17.27,17.27,274400
8/7/2017,17.30,17.52,17.02,17.31,17.31,223400
8/8/2017,17.40,17.59,17.15,17.30,17.30,205400
8/9/2017,17.10,17.31,17.00,17.29,17.29,275500
8/10/2017,17.14,17.30,16.85,16.89,16.89,422100
8/11/2017,16.68,17.19,16.65,17.13,17.13,225300
8/14/2017,17.23,18.14,17.23,17.85,17.85,515900
8/15/2017,17.94,18.10,17.64,17.64,17.64,345700
8/16/2017,17.70,18.03,17.53,17.90,17.90,245600
8/17/2017,17.77,17.95,17.54,17.55,17.55,166700
8/18/2017,17.46,17.69,17.24,17.48,17.48,264100
8/21/2017,17.47,17.47,17.00,17.23,17.23,216800
8/22/2017,17.32,17.74,17.30,17.66,17.66,290600
8/23/2017,17.50,17.78,17.50,17.60,17.60,178300
8/24/2017,17.70,18.31,17.60,18.20,18.20,391400
8/25/2017,18.20,18.39,18.20,18.30,18.30,241400
8/28/2017,18.50,18.67,18.18,18.56,18.56,210300
8/29/2017,18.22,18.63,18.18,18.52,18.52,264300
8/30/2017,18.50,18.65,18.32,18.54,18.54,281300
8/31/2017,18.62,19.60,18.53,19.40,19.40,492400
9/1/2017,19.34,19.60,18.83,19.23,19.23,532000
9/5/2017,19.10,20.14,19.10,20.04,20.04,762300
9/6/2017,19.94,21.51,19.74,21.05,21.05,1199900
9/7/2017,21.00,21.44,20.40,21.41,21.41,1676600
9/8/2017,22.03,22.40,20.31,20.99,20.99,2442900
9/11/2017,21.39,21.39,18.69,18.80,18.80,1975500
9/12/2017,19.00,19.16,18.25,18.88,18.88,895800
9/13/2017,19.06,19.44,18.80,19.08,19.08,785400
9/14/2017,19.00,19.15,18.79,18.90,18.90,719300
9/15/2017,18.83,18.93,18.23,18.38,18.38,755700
9/18/2017,18.00,18.03,16.86,17.32,17.32,1580600
9/19/2017,17.45,17.45,17.00,17.13,17.13,702900
9/20/2017,17.20,17.43,17.08,17.17,17.17,768900
9/21/2017,17.19,17.49,17.07,17.29,17.29,472900
9/22/2017,17.33,17.45,16.71,16.91,16.91,864800
9/25/2017,16.95,17.09,16.06,16.08,16.08,813800
9/26/2017,16.36,16.97,16.30,16.46,16.46,806100
9/27/2017,16.63,16.89,16.40,16.59,16.59,991100
9/28/2017,17.35,17.72,16.76,17.02,17.02,8309300
9/29/2017,16.93,17.13,16.52,16.62,16.62,1966100
10/2/2017,16.50,16.87,16.26,16.54,16.54,1469200
10/3/2017,16.42,17.20,16.34,17.17,17.17,1272200
10/4/2017,17.00,17.56,16.99,17.39,17.39,1336500
10/5/2017,17.40,17.70,17.03,17.50,17.50,1229400
10/6/2017,17.32,17.46,16.70,16.80,16.80,3181100
10/9/2017,16.86,17.02,16.68,16.80,16.80,792600
10/10/2017,16.80,16.81,16.21,16.31,16.31,1138300
10/11/2017,16.31,16.35,15.72,15.78,15.78,1689300
10/12/2017,15.80,16.21,15.63,16.21,16.21,1319200
10/13/2017,16.24,16.24,15.68,15.72,15.72,1148900
10/16/2017,15.75,15.80,15.13,15.38,15.38,1673100
10/17/2017,15.30,15.77,15.17,15.51,15.51,1124700
10/18/2017,15.58,15.59,15.23,15.48,15.48,865700
10/19/2017,15.31,15.62,15.15,15.61,15.61,844800
10/20/2017,15.64,16.32,15.46,16.25,16.25,1743000
10/23/2017,16.35,16.38,16.07,16.32,16.32,780100
10/24/2017,16.34,16.39,16.02,16.15,16.15,1004700
10/25/2017,15.55,15.81,14.91,15.22,15.22,4558900
10/26/2017,15.29,15.29,14.62,14.63,14.63,1765200
10/27/2017,14.55,15.00,14.50,14.90,14.90,2417800
10/30/2017,15.05,15.40,14.93,15.15,15.15,3182800
10/31/2017,15.15,15.24,14.90,15.13,15.13,1179500
11/1/2017,15.31,15.41,15.08,15.26,15.26,1240700
11/2/2017,15.26,15.49,15.17,15.48,15.48,1536700
11/3/2017,15.45,15.75,14.85,15.71,15.71,1701200
11/6/2017,15.69,15.87,15.45,15.59,15.59,1301200
11/7/2017,15.31,15.45,15.10,15.17,15.17,1631800
11/8/2017,15.05,15.54,15.05,15.53,15.53,1701700
11/9/2017,15.35,15.38,14.94,15.17,15.17,766500
11/10/2017,15.13,15.48,15.09,15.47,15.47,1040000
11/13/2017,15.35,15.59,15.28,15.38,15.38,582200
11/14/2017,15.29,15.34,14.89,15.25,15.25,680600
11/15/2017,15.08,15.21,14.96,15.12,15.12,809500
11/16/2017,15.13,15.45,15.08,15.11,15.11,986500
11/17/2017,15.00,15.32,15.00,15.29,15.29,1409300
11/20/2017,15.20,15.70,15.18,15.64,15.64,1945300
11/21/2017,15.65,16.03,15.58,15.83,15.83,1869400
11/22/2017,15.87,16.09,15.50,15.94,15.94,981700
11/24/2017,15.99,16.49,15.89,16.23,16.23,1064800
11/27/2017,16.20,16.41,16.06,16.35,16.35,1783600
11/28/2017,16.34,16.67,16.27,16.49,16.49,1308500
11/29/2017,15.43,16.67,15.31,15.61,15.61,2186100
11/30/2017,15.72,16.00,15.56,15.83,15.83,1293000
12/1/2017,15.74,16.22,15.65,15.92,15.92,1147300
12/4/2017,16.02,16.38,15.52,15.57,15.57,1230300
12/5/2017,15.56,16.40,15.54,15.99,15.99,1522300
12/6/2017,15.92,16.17,15.62,15.73,15.73,1233600
12/7/2017,15.78,16.30,15.75,16.00,16.00,3057800
12/8/2017,17.16,17.80,16.65,16.84,16.84,10016600
12/11/2017,16.84,17.25,16.34,16.92,16.92,2948800
12/12/2017,16.64,17.24,16.05,16.40,16.40,6319000
12/13/2017,16.42,16.99,16.42,16.83,16.83,2577300
12/14/2017,16.82,17.50,16.74,17.42,17.42,5175800
12/15/2017,17.47,17.68,17.30,17.51,17.51,11560000
12/18/2017,17.50,17.51,17.17,17.42,17.42,2464600
12/19/2017,17.34,17.41,16.97,17.05,17.05,2507900
12/20/2017,17.30,17.37,16.59,17.28,17.28,1701500
12/21/2017,17.23,17.55,17.23,17.42,17.42,1537900
12/22/2017,17.36,17.48,17.07,17.43,17.43,1071600
12/26/2017,17.32,17.37,16.75,16.76,16.76,1202800
12/27/2017,16.71,16.99,16.43,16.81,16.81,905800
12/28/2017,16.76,16.89,16.61,16.67,16.67,587300
12/29/2017,16.64,16.72,16.35,16.52,16.52,1023900
1/2/2018,16.42,17.41,16.36,17.39,17.39,1602900
1/3/2018,17.30,17.62,17.30,17.53,17.53,868100
1/4/2018,17.51,17.70,17.16,17.25,17.25,904100
1/5/2018,17.25,17.41,17.18,17.25,17.25,626200
1/8/2018,17.20,17.21,16.70,17.15,17.15,866200
1/9/2018,17.12,17.28,16.94,17.18,17.18,844100
1/10/2018,17.74,18.48,17.52,18.28,18.28,3977000
1/11/2018,18.38,18.44,17.86,17.91,17.91,1685800
1/12/2018,18.10,18.68,18.00,18.14,18.14,2226000
1/16/2018,18.36,18.38,17.41,17.44,17.44,2469500
1/17/2018,17.58,17.91,17.47,17.88,17.88,1164700
1/18/2018,17.87,19.11,17.36,18.68,18.68,3476300
1/19/2018,18.82,18.88,18.43,18.45,18.45,999000
1/22/2018,18.50,18.62,18.11,18.35,18.35,1287000
1/23/2018,18.20,18.58,18.18,18.55,18.55,1281200
1/24/2018,18.55,19.06,18.51,18.59,18.59,1084800
1/25/2018,18.84,19.07,18.51,18.52,18.52,820700
1/26/2018,18.57,18.83,18.48,18.74,18.74,748400
1/29/2018,18.69,18.94,18.50,18.53,18.53,1117600
1/30/2018,18.43,19.04,18.30,18.45,18.45,1661500
1/31/2018,18.55,18.85,18.51,18.72,18.72,758600
2/1/2018,18.68,18.92,18.55,18.77,18.77,767900
2/2/2018,18.64,18.92,17.95,18.12,18.12,1001300
2/5/2018,17.93,18.05,17.08,17.11,17.11,1385500
2/6/2018,16.80,17.81,16.70,17.71,17.71,1381900
2/7/2018,17.71,17.99,17.50,17.88,17.88,992100
2/8/2018,18.02,18.19,17.51,17.51,17.51,1223100
2/9/2018,17.65,17.78,16.52,17.15,17.15,1060100
2/12/2018,17.25,17.72,17.02,17.69,17.69,674000
2/13/2018,17.30,17.78,17.30,17.66,17.66,471000
2/14/2018,17.56,18.17,17.45,18.10,18.10,613800
2/15/2018,18.24,18.27,17.50,17.98,17.98,769200
2/16/2018,17.96,18.20,17.81,17.82,17.82,625200
2/20/2018,17.79,18.49,17.79,18.32,18.32,1063900
2/21/2018,18.33,18.91,18.27,18.45,18.45,830700
2/22/2018,18.56,18.98,18.44,18.61,18.61,796500
2/23/2018,18.76,18.79,18.29,18.44,18.44,355700
2/26/2018,18.44,19.06,18.44,18.91,18.91,673800
2/27/2018,18.95,19.27,18.75,19.10,19.10,838400
2/28/2018,19.16,19.32,18.89,19.05,19.05,681200
3/1/2018,19.08,19.15,17.97,18.42,18.42,924700
3/2/2018,18.21,18.74,18.13,18.71,18.71,908500
3/5/2018,18.62,19.34,18.50,19.23,19.23,984100
3/6/2018,19.28,19.74,19.13,19.60,19.60,942600
3/7/2018,19.42,20.05,19.42,19.72,19.72,930100
3/8/2018,19.76,20.00,19.76,19.98,19.98,347200
3/9/2018,20.09,20.10,19.68,19.96,19.96,785600
3/12/2018,20.00,20.55,19.76,20.23,20.23,1212600
3/13/2018,20.33,20.52,20.02,20.14,20.14,824700
3/14/2018,20.17,20.37,19.91,20.34,20.34,535300
3/15/2018,20.25,20.40,19.60,19.82,19.82,1289600
3/16/2018,19.80,19.80,19.33,19.61,19.61,1981000
3/19/2018,19.51,19.65,19.24,19.33,19.33,1748800
3/20/2018,19.54,20.31,19.45,20.26,20.26,1477400
3/21/2018,20.33,20.50,19.96,20.07,20.07,1135500
3/22/2018,19.90,20.95,19.84,20.49,20.49,2298900
3/23/2018,20.45,20.71,20.06,20.29,20.29,1379600
3/26/2018,20.59,21.63,20.17,21.59,21.59,2080000
3/27/2018,21.66,22.22,21.07,21.25,21.25,2443200
3/28/2018,21.24,21.42,20.12,20.93,20.93,1408500
3/29/2018,21.13,22.03,20.65,21.58,21.58,1439500
4/2/2018,21.58,22.42,21.06,21.23,21.23,1522400
4/3/2018,21.59,22.25,21.37,22.24,22.24,4614200
4/4/2018,14.05,14.38,13.20,13.29,13.29,27926700
4/5/2018,13.76,14.06,13.42,13.71,13.71,8545000
4/6/2018,13.53,13.55,12.90,12.98,12.98,7115600
4/9/2018,13.10,13.17,12.72,12.74,12.74,4485500
4/10/2018,12.86,12.98,12.57,12.76,12.76,2952800
4/11/2018,12.73,13.28,12.63,13.13,13.13,3347500
4/12/2018,13.48,14.35,13.38,13.89,13.89,9611900
4/13/2018,14.02,14.16,13.25,13.91,13.91,5450000
4/16/2018,13.92,14.15,13.75,14.02,14.02,2008300
4/17/2018,14.04,14.45,14.02,14.37,14.37,2777400
4/18/2018,14.38,14.97,14.35,14.91,14.91,2243700
4/19/2018,14.95,15.12,14.50,14.60,14.60,2465400
4/20/2018,14.60,14.86,14.50,14.74,14.74,1607100
4/23/2018,14.80,15.24,14.77,14.90,14.90,2429500
4/24/2018,14.91,15.18,14.41,14.47,14.47,2696900
4/25/2018,14.45,14.50,14.03,14.06,14.06,2087600
4/26/2018,14.18,14.30,14.02,14.16,14.16,1265100
4/27/2018,14.16,14.25,13.96,14.19,14.19,1006900
4/30/2018,14.17,14.38,14.02,14.25,14.25,924700
5/1/2018,14.22,14.44,14.02,14.42,14.42,1537100
5/2/2018,14.40,14.96,14.27,14.66,14.66,1545400
5/3/2018,14.61,15.14,14.46,15.05,15.05,1222900
5/4/2018,14.98,15.23,14.90,15.04,15.04,1055300
5/7/2018,15.37,16.02,15.29,15.63,15.63,2307000
5/8/2018,15.58,15.98,15.41,15.90,15.90,1171500
5/9/2018,15.97,16.10,15.75,15.87,15.87,2245700
5/10/2018,15.95,16.54,15.94,16.41,16.41,1464800
5/11/2018,16.51,16.55,15.90,15.96,15.96,1083200
5/14/2018,16.01,16.30,15.65,15.73,15.73,1010100
5/15/2018,15.58,15.73,15.39,15.59,15.59,1339200
5/16/2018,15.59,16.07,15.51,16.00,16.00,1662900
5/17/2018,16.00,16.47,15.75,15.85,15.85,1224400
5/18/2018,15.85,16.16,15.81,16.10,16.10,968400
5/21/2018,16.21,16.51,16.11,16.25,16.25,1082200
5/22/2018,16.30,16.66,16.13,16.20,16.20,2276200
5/23/2018,16.10,16.34,16.00,16.10,16.10,1480400
5/24/2018,16.11,16.16,15.92,15.93,15.93,1294600
5/25/2018,15.97,15.97,15.79,15.88,15.88,1408600
5/29/2018,15.75,15.95,15.70,15.86,15.86,1465600
5/30/2018,15.89,16.18,15.84,16.03,16.03,2539800
5/31/2018,16.00,16.29,15.93,16.22,16.22,2592300
6/1/2018,16.38,16.74,16.28,16.63,16.63,1503800
6/4/2018,16.75,16.95,16.52,16.91,16.91,1733900
6/5/2018,16.92,17.19,16.67,17.10,17.10,1600700
6/6/2018,17.09,17.34,16.94,17.18,17.18,2940100
6/7/2018,16.60,16.69,15.66,16.03,16.03,6608500
6/8/2018,16.02,16.53,16.02,16.14,16.14,3403600
6/11/2018,16.00,16.00,15.41,15.51,15.51,4048100
6/12/2018,15.48,15.69,15.20,15.50,15.50,3618500
6/13/2018,15.55,15.60,15.33,15.47,15.47,2455200
6/14/2018,15.50,15.69,15.37,15.60,15.60,2458700
6/15/2018,15.14,15.26,14.95,15.16,15.16,3720000
6/18/2018,15.07,15.75,15.06,15.48,15.48,2383100
6/19/2018,15.28,15.46,15.01,15.41,15.41,1476300
6/20/2018,15.50,15.68,15.39,15.48,15.48,1259200
6/21/2018,15.45,15.58,15.12,15.18,15.18,1198900
6/22/2018,15.28,15.35,14.46,14.54,14.54,2756400
6/25/2018,14.40,14.57,13.61,13.71,13.71,2540900
6/26/2018,13.84,13.87,13.32,13.67,13.67,2714500
6/27/2018,13.69,13.73,13.11,13.15,13.15,1857600
6/28/2018,13.09,13.57,12.95,13.45,13.45,2170000
6/29/2018,13.59,13.79,13.50,13.64,13.64,1420000
7/2/2018,13.50,13.79,13.42,13.76,13.76,1405400
7/3/2018,13.83,13.95,13.71,13.86,13.86,603000
7/5/2018,13.99,14.08,13.67,14.05,14.05,1260900
7/6/2018,14.10,14.69,14.10,14.62,14.62,1604400
7/9/2018,14.70,14.73,14.20,14.71,14.71,1630900
7/10/2018,14.71,14.90,14.60,14.79,14.79,1840900
7/11/2018,14.60,14.89,14.52,14.70,14.70,1089900
7/12/2018,14.82,15.08,14.69,15.03,15.03,1810100
7/13/2018,15.01,15.06,14.66,14.77,14.77,1539200
7/16/2018,14.87,14.95,14.61,14.83,14.83,862300
7/17/2018,14.72,15.03,14.68,14.91,14.91,1004900
7/18/2018,14.90,14.92,14.60,14.79,14.79,1266500
7/19/2018,14.70,15.00,14.70,14.82,14.82,1259500
7/20/2018,14.83,14.90,14.57,14.57,14.57,778300
7/23/2018,14.58,14.74,14.23,14.68,14.68,850200
7/24/2018,14.81,14.82,14.25,14.29,14.29,876400
7/25/2018,14.35,14.66,14.26,14.62,14.62,785400
7/26/2018,14.50,14.75,14.29,14.61,14.61,748600
7/27/2018,14.61,14.64,13.88,14.13,14.13,1110400
7/30/2018,14.09,14.15,13.42,13.45,13.45,1359900
7/31/2018,13.47,13.73,13.18,13.39,13.39,1513100
8/1/2018,13.39,14.00,13.39,13.94,13.94,1213300
8/2/2018,13.85,14.20,13.81,13.94,13.94,814400
8/3/2018,13.94,13.96,13.56,13.58,13.58,936700
8/6/2018,13.56,13.77,13.45,13.65,13.65,992800
8/7/2018,13.69,13.87,13.60,13.69,13.69,626400
8/8/2018,13.80,13.89,13.37,13.49,13.49,1593500
8/9/2018,13.55,14.40,13.55,14.03,14.03,2775500
8/10/2018,13.92,14.49,13.85,14.06,14.06,2726800
8/13/2018,14.05,14.24,13.85,13.97,13.97,1269600
8/14/2018,14.00,14.18,13.93,13.96,13.96,1052500
8/15/2018,13.89,14.00,13.49,13.75,13.75,1104700
8/16/2018,13.85,13.99,13.67,13.73,13.73,924400
8/17/2018,13.72,13.79,13.37,13.59,13.59,678200
8/20/2018,13.56,13.84,13.43,13.60,13.60,797000
8/21/2018,13.62,13.94,13.61,13.70,13.70,914500
8/22/2018,13.70,13.89,13.65,13.81,13.81,621500
8/23/2018,13.80,13.99,13.68,13.70,13.70,1091900
8/24/2018,13.77,14.06,13.71,14.05,14.05,1653500
8/27/2018,14.13,14.17,13.94,13.99,13.99,1654000
8/28/2018,14.03,14.19,13.93,14.00,14.00,1981300
8/29/2018,14.03,15.00,14.01,14.94,14.94,2999700
8/30/2018,14.90,15.08,14.74,14.90,14.90,2285000
8/31/2018,14.82,15.16,14.80,15.01,15.01,1875200
9/4/2018,15.05,15.10,14.54,15.07,15.07,1912600
9/5/2018,15.10,15.13,14.03,14.41,14.41,4928400
9/6/2018,16.26,18.07,16.20,17.93,17.93,20728600
9/7/2018,17.65,18.54,17.10,17.56,17.56,6805200
9/10/2018,18.01,18.12,16.60,17.43,17.43,5359600
9/11/2018,17.04,18.00,16.81,17.90,17.90,4675700
9/12/2018,18.10,18.49,17.59,18.41,18.41,4619900
9/13/2018,18.37,18.69,18.05,18.21,18.21,2265200
9/14/2018,18.17,18.79,17.90,18.57,18.57,2202200
9/17/2018,18.51,18.54,17.41,17.66,17.66,2693300
9/18/2018,17.67,18.11,17.67,17.84,17.84,1384100
9/19/2018,17.87,18.00,17.38,17.55,17.55,1684800
9/20/2018,17.62,17.85,17.33,17.78,17.78,1344700
9/21/2018,17.87,17.93,17.52,17.61,17.61,3270200
9/24/2018,17.43,17.79,17.23,17.43,17.43,1939000
9/25/2018,17.50,17.94,17.31,17.84,17.84,2162800
9/26/2018,17.95,18.17,17.71,17.85,17.85,2416600
9/27/2018,17.91,18.00,17.34,17.57,17.57,2021700
9/28/2018,17.48,17.79,17.33,17.65,17.65,2018700
10/1/2018,17.72,17.93,17.09,17.19,17.19,1485700
10/2/2018,17.15,17.20,16.69,16.90,16.90,1755600
10/3/2018,16.95,17.26,16.73,17.08,17.08,2205500
10/4/2018,19.84,20.18,18.57,19.05,19.05,25220300
10/5/2018,19.02,19.30,17.85,17.90,17.90,6005600
10/8/2018,17.64,18.44,17.48,17.50,17.50,6709700
10/9/2018,17.40,17.78,16.97,17.37,17.37,3658300
10/10/2018,17.22,17.29,15.32,15.49,15.49,8593300
10/11/2018,15.44,15.82,14.70,15.04,15.04,6082000
10/12/2018,15.36,15.78,15.19,15.51,15.51,5102300
10/15/2018,15.33,15.46,14.79,15.24,15.24,3531200
10/16/2018,15.45,15.84,15.07,15.79,15.79,3182300
10/17/2018,15.82,15.82,15.34,15.35,15.35,2368700
10/18/2018,15.24,15.40,14.69,14.78,14.78,2615200
10/19/2018,14.81,15.00,13.86,13.88,13.88,3261000
10/22/2018,13.99,14.37,13.74,14.23,14.23,2367000
10/23/2018,13.87,14.46,13.58,14.31,14.31,2358300
10/24/2018,14.23,14.37,13.07,13.08,13.08,2764800
10/25/2018,13.23,13.59,12.90,13.49,13.49,3317600
10/26/2018,13.14,13.52,12.72,13.12,13.12,2936300
10/29/2018,13.72,13.93,12.63,12.88,12.88,3689300
10/30/2018,12.83,13.33,12.74,13.24,13.24,2302200
10/31/2018,13.70,13.84,13.51,13.76,13.76,3809100
11/1/2018,13.79,14.23,13.51,14.17,14.17,2262600
11/2/2018,14.24,14.62,13.93,14.25,14.25,1986400
11/5/2018,15.08,15.11,13.92,14.54,14.54,3728700
11/6/2018,14.49,14.57,13.78,14.00,14.00,2265200
11/7/2018,14.14,14.98,13.98,14.71,14.71,2992200
11/8/2018,14.62,14.72,13.99,14.15,14.15,2776200
11/9/2018,14.38,14.38,12.69,12.79,12.79,5471900
11/12/2018,12.72,12.74,12.01,12.26,12.26,4368900
11/13/2018,12.29,12.57,11.76,11.93,11.93,4370900
11/14/2018,12.11,12.29,11.73,11.85,11.85,3159900
11/15/2018,11.81,12.19,11.67,12.15,12.15,2492500
11/16/2018,12.03,12.32,11.82,12.15,12.15,2482800
11/19/2018,12.16,12.18,11.16,11.23,11.23,3728900
11/20/2018,10.78,11.20,10.50,10.69,10.69,6116900
11/21/2018,10.92,11.53,10.74,11.40,11.40,2685900
11/23/2018,11.30,11.66,11.24,11.33,11.33,729200
11/26/2018,11.50,11.93,11.44,11.88,11.88,1830600
11/27/2018,11.68,11.82,11.46,11.66,11.66,1170100
11/28/2018,11.92,12.48,11.71,12.44,12.44,3457900
11/29/2018,12.40,12.56,12.14,12.35,12.35,1973100
11/30/2018,12.38,12.53,12.17,12.34,12.34,1820100
12/3/2018,12.70,12.75,11.99,12.31,12.31,2958700
12/4/2018,12.18,12.25,11.56,11.59,11.59,3533900
12/6/2018,11.69,13.24,11.42,13.01,13.01,9270900
12/7/2018,13.05,13.13,12.15,12.25,12.25,4766200
12/10/2018,12.21,12.84,12.11,12.73,12.73,4111200
12/11/2018,12.93,13.07,12.14,12.32,12.32,4236100
12/12/2018,12.51,12.97,12.41,12.64,12.64,2241100
12/13/2018,12.65,12.84,12.23,12.39,12.39,1758200
12/14/2018,12.22,12.91,12.05,12.34,12.34,2979700
12/17/2018,12.20,12.20,11.30,11.36,11.36,4131200
12/18/2018,11.50,11.78,11.41,11.66,11.66,2866700
12/19/2018,11.70,11.90,10.96,11.18,11.18,3426200
12/20/2018,11.14,11.42,10.75,11.10,11.10,3734600
12/21/2018,11.00,11.11,10.25,10.36,10.36,4243400
12/24/2018,10.07,10.76,10.07,10.37,10.37,1274900
12/26/2018,10.46,11.00,10.41,11.00,11.00,3034200
12/27/2018,10.79,11.05,10.36,10.95,10.95,2421100
12/28/2018,10.98,11.06,10.70,10.88,10.88,2287400
12/31/2018,11.00,11.13,10.84,11.06,11.06,1713400
1/2/2019,10.83,11.40,10.66,11.25,11.25,2515600
1/3/2019,11.01,11.16,10.13,10.37,10.37,6185200
1/4/2019,10.52,11.07,10.39,11.01,11.01,4080400
1/7/2019,10.99,11.31,10.94,11.21,11.21,4233400
1/8/2019,11.35,11.58,10.90,11.51,11.51,4291000
1/9/2019,11.78,11.92,11.41,11.59,11.59,5074100
1/10/2019,11.35,12.04,11.20,11.92,11.92,5063400
1/11/2019,11.80,11.80,11.38,11.61,11.61,3433900
1/14/2019,11.38,11.74,11.28,11.59,11.59,2918000
1/15/2019,11.63,12.03,11.59,11.92,11.92,2260200
1/16/2019,11.96,12.24,11.67,11.89,11.89,3817700
1/17/2019,11.88,12.52,11.74,12.34,12.34,3667800
1/18/2019,12.59,12.96,12.39,12.84,12.84,4300300
1/22/2019,12.68,12.87,12.52,12.79,12.79,3494800
1/23/2019,13.07,13.20,12.63,12.83,12.83,3089100
1/24/2019,12.83,13.15,12.83,13.06,13.06,2066800
1/25/2019,13.19,13.38,13.01,13.38,13.38,2775800
1/28/2019,13.11,13.19,12.86,13.19,13.19,3872000
1/29/2019,13.19,13.19,12.87,12.93,12.93,2517500
1/30/2019,13.09,13.23,12.85,13.16,13.16,2013700
1/31/2019,13.18,13.67,13.06,13.50,13.50,3470600
2/1/2019,13.53,13.67,13.41,13.61,13.61,2314700
2/4/2019,13.75,14.08,13.70,13.84,13.84,3779000
2/5/2019,13.98,14.17,13.83,14.00,14.00,3289600
2/6/2019,14.00,14.08,13.61,13.69,13.69,2797500
2/7/2019,13.50,13.61,13.10,13.55,13.55,3170800
2/8/2019,13.45,13.57,13.22,13.55,13.55,2062700
2/11/2019,13.67,13.76,13.43,13.66,13.66,2326600
2/12/2019,13.76,13.93,13.64,13.85,13.85,1485400
2/13/2019,13.92,14.05,13.64,13.73,13.73,2164800
2/14/2019,13.60,13.85,13.49,13.75,13.75,2046500
2/15/2019,13.86,13.90,13.59,13.82,13.82,2275500
2/19/2019,13.81,13.89,13.58,13.82,13.82,2541800
2/20/2019,13.87,13.95,13.56,13.73,13.73,1761600
2/21/2019,13.64,13.77,13.52,13.56,13.56,2280500
2/22/2019,13.65,13.85,13.61,13.84,13.84,2214700
2/25/2019,14.00,14.23,13.87,13.87,13.87,2266100
2/26/2019,13.83,14.14,13.76,14.06,14.06,2044900
2/27/2019,14.04,14.68,14.03,14.64,14.64,3505800
2/28/2019,14.65,14.65,14.30,14.57,14.57,3699000
3/1/2019,14.76,15.18,14.69,15.15,15.15,4886900
3/4/2019,15.35,15.43,14.47,14.63,14.63,5634100
3/5/2019,14.60,14.86,14.51,14.64,14.64,2709900
3/6/2019,14.62,14.73,14.09,14.14,14.14,2744300
3/7/2019,14.23,14.39,13.88,14.07,14.07,2893200
3/8/2019,13.73,13.87,13.40,13.83,13.83,2316100
3/11/2019,14.24,14.47,14.02,14.28,14.28,4181800
3/12/2019,14.52,14.55,13.96,14.36,14.36,4678600
3/13/2019,14.60,14.65,14.28,14.61,14.61,10030400
3/14/2019,12.99,13.10,11.55,11.71,11.71,37719200
3/15/2019,11.94,11.94,11.30,11.67,11.67,14190600
3/18/2019,11.60,11.81,11.45,11.80,11.80,9809800
3/19/2019,11.81,12.18,11.75,11.85,11.85,7815900
3/20/2019,11.78,11.82,11.32,11.46,11.46,6946700
3/21/2019,11.35,11.67,11.26,11.63,11.63,5957900
3/22/2019,11.67,11.67,11.03,11.07,11.07,7032300
3/25/2019,11.00,11.28,10.91,11.04,11.04,4706700
3/26/2019,11.14,11.21,10.77,10.95,10.95,4656700
3/27/2019,11.01,11.08,10.50,10.67,10.67,6076900
3/28/2019,10.71,10.91,10.57,10.71,10.71,5681800
3/29/2019,10.80,10.97,10.73,10.94,10.94,3272400
4/1/2019,11.12,11.26,10.89,11.04,11.04,3556300
4/2/2019,10.99,11.32,10.97,11.31,11.31,4799200
4/3/2019,11.31,11.44,11.21,11.40,11.40,3863100
4/4/2019,11.36,11.39,10.88,11.04,11.04,3437300
4/5/2019,11.07,11.18,10.97,11.11,11.11,3211400
4/8/2019,11.26,11.68,11.21,11.66,11.66,6136800
4/9/2019,11.56,11.73,11.42,11.57,11.57,5343900
4/10/2019,11.58,11.67,11.48,11.63,11.63,3955000
4/11/2019,11.68,11.68,11.40,11.44,11.44,3027300
4/12/2019,11.54,11.62,11.40,11.55,11.55,2695900
4/15/2019,11.52,11.63,11.36,11.45,11.45,2063700
4/16/2019,11.50,11.52,11.35,11.43,11.43,2436200
4/17/2019,11.50,11.52,10.92,11.00,11.00,3941600
4/18/2019,10.93,11.01,10.66,10.80,10.80,3463700
4/22/2019,10.76,10.84,10.69,10.81,10.81,2089300
4/23/2019,10.85,10.96,10.63,10.94,10.94,5440800
4/24/2019,11.00,11.05,10.80,10.84,10.84,2196900
4/25/2019,10.95,10.96,10.67,10.83,10.83,3180900
4/26/2019,10.83,10.90,10.71,10.83,10.83,2106800
4/29/2019,10.85,11.37,10.85,11.20,11.20,4141200
4/30/2019,11.18,11.30,10.83,11.13,11.13,3066700
5/1/2019,11.20,11.23,10.92,11.00,11.00,2470900
5/2/2019,11.00,11.13,10.87,11.02,11.02,2538700
5/3/2019,11.17,11.19,10.95,11.14,11.14,2609500
5/6/2019,10.80,11.22,10.80,11.18,11.18,2531700
5/7/2019,11.01,11.10,10.64,10.77,10.77,3569100
5/8/2019,10.72,10.83,10.63,10.70,10.70,2229300
5/9/2019,10.54,10.71,10.32,10.60,10.60,3641300
5/10/2019,10.50,10.65,10.22,10.55,10.55,3152500
5/13/2019,10.20,10.30,9.96,10.00,10.00,6478000
5/14/2019,10.10,10.36,9.94,10.29,10.29,2681100
5/15/2019,10.13,10.65,10.10,10.61,10.61,3334600
5/16/2019,10.63,10.89,10.60,10.83,10.83,2842000
5/17/2019,10.63,10.84,10.51,10.67,10.67,2664300
5/20/2019,10.45,10.46,10.23,10.32,10.32,3354700
5/21/2019,10.53,10.73,10.51,10.64,10.64,1853200
5/22/2019,10.55,10.76,10.54,10.75,10.75,1732000
5/23/2019,10.20,10.28,9.60,9.78,9.78,11205200
5/24/2019,9.85,9.95,9.54,9.57,9.57,4666500
5/28/2019,9.61,9.77,9.54,9.55,9.55,3249800
5/29/2019,9.42,9.47,9.21,9.41,9.41,3551100
5/30/2019,9.41,9.50,9.20,9.33,9.33,2926500
5/31/2019,9.07,9.30,9.03,9.17,9.17,3455600
6/3/2019,9.20,9.24,8.62,8.73,8.73,5996800
6/4/2019,8.83,9.11,8.68,9.11,9.11,5458900
6/5/2019,9.20,9.25,8.52,8.80,8.80,17656500
6/6/2019,5.41,5.89,4.95,5.21,5.21,57916600
6/7/2019,5.27,5.36,4.95,5.10,5.10,22741000
6/10/2019,5.23,5.41,5.08,5.18,5.18,16134600
6/11/2019,5.20,5.29,4.89,5.09,5.09,17800000
6/12/2019,5.25,5.33,5.00,5.05,5.05,10510700
6/13/2019,5.11,5.46,5.04,5.36,5.36,10339600
6/14/2019,5.34,5.36,5.06,5.29,5.29,11018000
6/17/2019,5.35,6.00,5.33,5.76,5.76,16288700
6/18/2019,5.81,6.04,5.74,5.75,5.75,11714400
6/19/2019,5.80,5.85,5.66,5.73,5.73,4933300
6/20/2019,5.80,5.92,5.67,5.73,5.73,4853400
6/21/2019,5.96,6.01,5.68,5.77,5.77,17291200
6/24/2019,5.78,5.83,5.42,5.53,5.53,8187600
6/25/2019,5.52,5.79,5.36,5.39,5.39,8613900
6/26/2019,5.45,5.50,5.26,5.28,5.28,7799700
6/27/2019,5.22,5.37,5.20,5.32,5.32,4141000
6/28/2019,5.32,5.39,5.24,5.26,5.26,16343300
7/1/2019,5.34,5.47,5.25,5.31,5.31,5095900
7/2/2019,5.33,5.37,5.13,5.17,5.17,4487400
7/3/2019,5.23,5.34,5.15,5.23,5.23,3810600
7/5/2019,5.22,5.28,5.15,5.24,5.24,3306500
7/8/2019,5.21,5.25,5.05,5.10,5.10,5364400
7/9/2019,5.06,5.14,5.03,5.11,5.11,4618500
7/10/2019,5.15,5.28,5.10,5.15,5.15,5717600
7/11/2019,5.16,5.21,5.12,5.18,5.18,7104200
7/12/2019,5.20,5.26,5.15,5.25,5.25,7378300
7/15/2019,5.24,5.28,5.20,5.25,5.25,6100100
7/16/2019,5.25,5.41,5.24,5.38,5.38,14284100
7/17/2019,5.40,5.78,5.38,5.48,5.48,10625400
7/18/2019,5.51,5.67,5.42,5.55,5.55,10244100
7/19/2019,5.55,5.77,5.48,5.66,5.66,7374100
7/22/2019,5.67,5.88,5.63,5.85,5.85,7745900
7/23/2019,5.95,6.00,5.70,5.81,5.81,6218300
7/24/2019,5.79,5.91,5.76,5.88,5.88,3268600
7/25/2019,5.86,5.90,5.68,5.79,5.79,5288400
7/26/2019,5.83,6.06,5.79,6.01,6.01,5111000
7/29/2019,6.02,6.10,5.78,5.99,5.99,7574200
7/30/2019,5.87,6.04,5.86,6.00,6.00,4431100
7/31/2019,6.01,6.12,5.90,5.98,5.98,6512100
8/1/2019,5.98,6.38,5.96,6.35,6.35,21810100
8/2/2019,7.25,7.25,6.41,6.60,6.60,30206300
8/5/2019,6.50,6.71,6.39,6.48,6.48,13193100
8/6/2019,6.60,6.76,6.16,6.42,6.42,11490100
8/7/2019,6.31,6.76,6.30,6.73,6.73,13277800
8/8/2019,6.95,7.10,6.73,7.01,7.01,27138700
8/9/2019,6.97,7.13,6.90,7.00,7.00,12171900
8/12/2019,7.10,7.19,6.60,6.69,6.69,14080100
8/13/2019,6.66,6.85,6.64,6.76,6.76,7400900
8/14/2019,6.60,6.61,6.32,6.51,6.51,7102700
8/15/2019,6.62,6.67,6.40,6.46,6.46,4205100
8/16/2019,6.51,6.80,6.51,6.68,6.68,6088400
8/19/2019,6.78,6.84,6.56,6.70,6.70,5605800
8/20/2019,6.69,6.83,6.62,6.79,6.79,3025500
8/21/2019,6.84,6.95,6.75,6.83,6.83,6461500
8/22/2019,6.83,6.90,6.65,6.86,6.86,6417200
8/23/2019,6.85,6.97,6.65,6.67,6.67,6994300
8/26/2019,6.78,6.88,6.70,6.87,6.87,4160500
8/27/2019,6.90,7.01,6.68,6.80,6.80,5012100
8/28/2019,6.78,6.93,6.70,6.76,6.76,4065000
8/29/2019,6.80,7.06,6.80,7.02,7.02,5940900
8/30/2019,7.07,7.22,7.01,7.14,7.14,5967700
9/3/2019,7.05,7.24,7.02,7.18,7.18,9055200
9/4/2019,7.30,7.48,7.13,7.21,7.21,19469800
9/5/2019,8.16,8.54,7.79,8.28,8.28,51450400
9/6/2019,8.34,8.95,8.31,8.80,8.80,18406200
9/9/2019,8.81,8.91,8.43,8.76,8.76,20039400
9/10/2019,8.75,9.15,8.72,9.04,9.04,17427500
9/11/2019,9.08,9.46,9.05,9.44,9.44,13023300
9/12/2019,9.44,9.59,9.13,9.20,9.20,14342800
9/13/2019,9.20,9.24,8.82,8.92,8.92,8691200
9/16/2019,8.73,9.18,8.55,8.99,8.99,7284800
9/17/2019,8.90,9.02,8.72,8.91,8.91,5372700
9/18/2019,8.84,8.89,8.53,8.74,8.74,10230500
9/19/2019,8.70,8.79,8.56,8.68,8.68,5695000
9/20/2019,8.67,9.08,8.64,9.01,9.01,7619500
9/23/2019,8.96,9.05,8.78,9.05,9.05,4625600
9/24/2019,9.11,9.33,8.85,9.00,9.00,6159500
9/25/2019,9.03,9.13,8.81,9.09,9.09,4421400
9/26/2019,9.04,9.12,8.89,8.96,8.96,3190600
9/27/2019,8.95,9.12,8.72,8.79,8.79,10586000
9/30/2019,8.81,8.92,8.51,8.86,8.86,3534800
10/1/2019,8.90,8.98,8.73,8.74,8.74,3530300
10/2/2019,8.68,8.68,8.02,8.15,8.15,8468300
10/3/2019,8.08,8.37,7.83,8.35,8.35,5394700
10/4/2019,8.42,8.62,8.29,8.59,8.59,3433500
10/7/2019,8.56,8.82,8.51,8.74,8.74,3755000
10/8/2019,8.60,8.79,8.47,8.55,8.55,3450900
10/9/2019,8.66,8.72,8.52,8.56,8.56,2597400
10/10/2019,8.55,8.68,8.32,8.36,8.36,4133900
10/11/2019,8.50,8.75,8.49,8.50,8.50,4145300
10/14/2019,8.48,8.59,8.37,8.58,8.58,1896900
10/15/2019,8.58,8.91,8.57,8.81,8.81,3607700
10/16/2019,8.80,8.97,8.64,8.93,8.93,3633800
10/17/2019,8.95,9.00,8.77,8.95,8.95,3398300
10/18/2019,8.89,8.98,8.51,8.67,8.67,3488100
10/21/2019,8.76,9.03,8.65,8.96,8.96,3153800
10/22/2019,8.97,9.08,8.86,8.89,8.89,2628400
10/23/2019,8.90,9.07,8.80,8.85,8.85,2598300
10/24/2019,8.89,9.01,8.81,8.91,8.91,2286100
10/25/2019,8.88,8.95,8.79,8.89,8.89,2522300
10/28/2019,8.97,9.05,8.79,8.84,8.84,3577900
10/29/2019,8.80,8.91,8.56,8.76,8.76,2917300
10/30/2019,8.74,8.81,8.61,8.67,8.67,1971100
10/31/2019,8.67,8.68,8.32,8.48,8.48,3257200
11/1/2019,8.56,8.71,8.43,8.64,8.64,3275700
11/4/2019,8.77,9.03,8.68,9.00,9.00,4986000
11/5/2019,9.01,9.04,8.83,8.91,8.91,2972700
11/6/2019,8.90,8.90,8.60,8.72,8.72,2846600
11/7/2019,8.79,8.85,8.63,8.66,8.66,2262300
11/8/2019,8.62,8.81,8.50,8.75,8.75,2228900
11/11/2019,8.70,8.78,8.58,8.74,8.74,1819900
11/12/2019,8.73,8.89,8.65,8.67,8.67,2680500
11/13/2019,8.61,8.64,8.42,8.48,8.48,2679900
11/14/2019,8.45,8.54,8.37,8.54,8.54,3056100
11/15/2019,8.62,8.88,8.56,8.76,8.76,4411600
11/18/2019,8.75,8.88,8.63,8.87,8.87,3226200
11/19/2019,8.87,8.97,8.71,8.93,8.93,3394900
11/20/2019,8.86,9.50,8.79,9.39,9.39,7088200
11/21/2019,9.44,9.50,9.11,9.15,9.15,5116100
11/22/2019,9.24,9.45,9.19,9.44,9.44,3899400
11/25/2019,9.44,9.72,9.34,9.60,9.60,4175400
11/26/2019,9.61,9.86,9.57,9.76,9.76,4736000
11/27/2019,9.80,9.96,9.77,9.95,9.95,4080400
11/29/2019,9.91,9.93,9.67,9.88,9.88,2621400
12/2/2019,9.92,9.95,9.53,9.78,9.78,6098800
12/3/2019,9.57,10.00,9.42,9.98,9.98,6087200
12/4/2019,10.11,10.14,9.63,9.85,9.85,5926200
12/5/2019,9.88,10.07,9.85,10.01,10.01,6528500
12/6/2019,10.67,11.21,10.58,10.88,10.88,20835800
12/9/2019,10.85,11.45,10.81,11.31,11.31,10134600
12/10/2019,11.14,11.44,11.01,11.06,11.06,8323600
12/11/2019,11.04,11.10,10.73,10.87,10.87,4775400
12/12/2019,10.85,10.98,10.72,10.96,10.96,3644400
12/13/2019,11.00,11.24,10.98,11.04,11.04,4722000
12/16/2019,11.05,11.31,11.00,11.27,11.27,6240800
12/17/2019,11.24,11.27,11.11,11.16,11.16,4541800
12/18/2019,11.15,11.34,11.08,11.24,11.24,6237900
12/19/2019,11.23,11.33,11.05,11.21,11.21,6137700
12/20/2019,11.26,11.39,11.11,11.37,11.37,7100900
12/23/2019,11.27,12.00,11.22,11.89,11.89,7040000
12/24/2019,11.89,11.99,11.78,11.90,11.90,1684800
12/26/2019,11.94,12.04,11.90,11.97,11.97,2975400
12/27/2019,11.99,11.99,11.61,11.77,11.77,5573000
12/30/2019,11.79,11.81,11.36,11.44,11.44,3245800
12/31/2019,11.44,11.75,11.37,11.63,11.63,3019800
1/2/2020,11.73,11.79,11.51,11.60,11.60,3340100
1/3/2020,11.40,11.52,11.27,11.31,11.31,3578500
1/6/2020,11.13,11.55,10.90,11.50,11.50,3458200
1/7/2020,11.66,11.86,11.50,11.52,11.52,3660400
1/8/2020,11.55,12.17,11.52,11.98,11.98,6028800
1/9/2020,12.10,12.22,11.81,11.93,11.93,4120900
1/10/2020,11.99,11.99,11.66,11.81,11.81,3613300
1/13/2020,11.77,11.90,11.70,11.74,11.74,4340500
1/14/2020,11.97,12.08,11.03,11.58,11.58,12512200
1/15/2020,11.57,11.78,11.43,11.52,11.52,4924800
1/16/2020,11.61,11.76,11.46,11.63,11.63,3507400
1/17/2020,11.71,11.75,11.48,11.56,11.56,3192500
1/21/2020,11.48,11.57,11.28,11.31,11.31,4408700
1/22/2020,11.34,11.57,11.30,11.41,11.41,2342700
1/23/2020,11.38,11.50,11.22,11.44,11.44,3516800
1/24/2020,11.55,11.61,11.25,11.38,11.38,3233400
1/27/2020,10.94,11.20,10.85,11.03,11.03,2581300
1/28/2020,11.14,11.23,11.02,11.20,11.20,2063200
1/29/2020,11.24,11.35,10.99,11.02,11.02,2252800
1/30/2020,10.89,11.00,10.58,10.73,10.73,3605800
1/31/2020,10.68,10.70,10.05,10.29,10.29,6076200
2/3/2020,10.36,10.61,10.27,10.54,10.54,3490500
2/4/2020,10.74,10.88,10.57,10.61,10.61,3795900
2/5/2020,10.75,10.84,10.41,10.59,10.59,2186600
2/6/2020,10.65,10.96,10.64,10.76,10.76,2926300
2/7/2020,10.75,10.76,10.54,10.65,10.65,1580600
2/10/2020,10.60,10.71,10.47,10.51,10.51,2380000
2/11/2020,10.58,10.74,10.51,10.61,10.61,3346000
2/12/2020,10.65,10.97,10.50,10.95,10.95,4016300
2/13/2020,10.82,11.02,10.77,10.91,10.91,2850300
2/14/2020,10.94,11.07,10.84,10.93,10.93,3233600
2/18/2020,10.84,10.94,10.76,10.77,10.77,2031900
2/19/2020,10.85,11.12,10.85,11.06,11.06,2177800
2/20/2020,11.03,11.11,10.72,11.06,11.06,2921600
2/21/2020,11.05,11.12,10.77,10.85,10.85,3057500
2/24/2020,10.27,10.49,10.03,10.20,10.20,4263900
2/25/2020,10.28,10.43,9.64,9.79,9.79,5013400
2/26/2020,9.77,10.02,9.47,9.47,9.47,4617000
2/27/2020,9.06,9.31,8.61,8.91,8.91,9102400
2/28/2020,8.51,9.00,8.46,8.90,8.90,7478200
3/2/2020,8.96,9.11,8.70,9.10,9.10,4826800
3/3/2020,9.11,9.39,8.57,8.78,8.78,3807300
3/4/2020,9.01,9.06,8.79,8.99,8.99,3124400
3/5/2020,8.77,8.87,8.41,8.59,8.59,4345900
3/6/2020,8.28,8.48,7.86,8.09,8.09,4838600
3/9/2020,7.05,7.78,6.91,7.28,7.28,4419900
3/10/2020,7.73,7.90,7.13,7.85,7.85,10831100
3/11/2020,8.28,8.72,7.78,7.89,7.89,17018500
3/12/2020,7.25,7.70,6.92,7.08,7.08,7341400
3/13/2020,7.55,7.60,6.82,7.47,7.47,8644500
3/16/2020,6.50,7.25,6.50,6.67,6.67,10133700
3/17/2020,6.79,6.98,6.27,6.64,6.64,8432100
3/18/2020,6.26,6.39,4.76,5.30,5.30,10806300
3/19/2020,5.51,7.11,5.40,6.78,6.78,11089500
3/20/2020,7.05,7.44,6.73,6.95,6.95,10028400
3/23/2020,6.94,6.97,6.31,6.81,6.81,5999200
3/24/2020,7.25,7.61,7.13,7.43,7.43,9160800
3/25/2020,7.43,8.20,7.21,7.96,7.96,7038700
3/26/2020,8.04,8.56,8.03,8.16,8.16,5766000
3/27/2020,7.72,8.12,7.46,7.81,7.81,4263900